ID,filter,filter_lable
nso_0233_00786.fts,"(704, 61, 753, 147)",521
nso_0233_01572.fts,"(706, 70, 749, 154)",521
nso_0233_02359.fts,"(709, 68, 750, 158)",521
nso_0233_03145.fts,"(710, 70, 754, 148)",521
nso_0233_03931.fts,"(709, 69, 752, 152)",521
nso_0233_04723.fts,"(714, 66, 754, 154)",521
nso_0233_05509.fts,"(708, 61, 753, 143)",521
nso_0233_06295.fts,"(710, 61, 746, 152)",521
nso_0233_07081.fts,"(704, 119, 751, 205)",521
nso_0233_07867.fts,"(710, 64, 748, 148)",521
nso_0233_08653.fts,"(705, 83, 755, 168)",521
nso_0233_09439.fts,"(707, 69, 752, 153)",521
nso_0233_10225.fts,"(709, 73, 751, 158)",521
nso_0233_11011.fts,"(734, 194, 762, 292)",521
nso_0233_11797.fts,"(711, 69, 748, 147)",521
nso_0233_12583.fts,"(715, 64, 749, 145)",521
nso_0233_13369.fts,"(713, 73, 747, 149)",521
nso_0233_14155.fts,"(708, 68, 742, 149)",521
nso_0233_14941.fts,"(708, 58, 749, 147)",521
nso_0233_15727.fts,"(711, 61, 743, 141)",521
nso_0234_00760.fts,"(706, 70, 748, 150)",521
nso_0234_01520.fts,"(710, 71, 746, 151)",521
nso_0234_02280.fts,"(706, 64, 751, 153)",521
nso_0234_03040.fts,"(702, 67, 749, 153)",521
nso_0234_03800.fts,"(707, 71, 744, 155)",521
nso_0234_04560.fts,"(707, 73, 749, 150)",521
nso_0234_05320.fts,"(707, 68, 748, 154)",521
nso_0234_06080.fts,"(707, 59, 748, 140)",521
nso_0234_06840.fts,"(708, 76, 750, 162)",521
nso_0234_07600.fts,"(710, 66, 743, 145)",521
nso_0234_08360.fts,"(705, 71, 753, 158)",521
nso_0234_09120.fts,"(710, 74, 751, 158)",521
nso_0234_09880.fts,"(707, 72, 746, 152)",521
nso_0234_10640.fts,"(701, 71, 747, 153)",521
nso_0234_11400.fts,"(706, 69, 753, 160)",521
nso_0234_12160.fts,"(707, 76, 749, 156)",521
nso_0234_12920.fts,"(703, 74, 749, 156)",521
nso_0234_13680.fts,"(707, 77, 750, 157)",521
nso_0234_14440.fts,"(708, 73, 747, 161)",521
nso_0234_15200.fts,,
nso_0235_00773.fts,"(703, 80, 749, 163)",521
nso_0235_01546.fts,"(709, 81, 748, 161)",521
nso_0235_02319.fts,"(708, 83, 748, 165)",521
nso_0235_03092.fts,"(703, 69, 756, 158)",521
nso_0235_03865.fts,"(712, 78, 753, 169)",521
nso_0235_04638.fts,"(705, 81, 753, 161)",521
nso_0235_05411.fts,"(705, 81, 753, 161)",521
nso_0235_06184.fts,"(709, 73, 752, 158)",521
nso_0235_06957.fts,"(711, 79, 751, 161)",521
nso_0235_07730.fts,"(710, 76, 750, 154)",521
nso_0235_08503.fts,"(710, 71, 750, 157)",521
nso_0235_09276.fts,"(704, 70, 745, 154)",521
nso_0235_10049.fts,"(700, 76, 752, 167)",521
nso_0235_10822.fts,"(703, 60, 748, 149)",521
nso_0235_11595.fts,"(702, 70, 746, 158)",521
nso_0235_12368.fts,"(701, 68, 748, 151)",521
nso_0235_13141.fts,"(710, 69, 748, 158)",521
nso_0235_13914.fts,"(700, 65, 752, 154)",521
nso_0235_14687.fts,"(699, 51, 750, 152)",521
nso_0235_15460.fts,"(699, 62, 750, 148)",521
nso_0236_00888.fts,"(702, 72, 755, 171)",521
nso_0236_01776.fts,"(702, 76, 747, 160)",521
nso_0236_02664.fts,,521
nso_0236_03552.fts,"(707, 75, 748, 158)",521
nso_0236_04440.fts,"(715, 75, 751, 157)",521
nso_0236_05328.fts,"(710, 65, 752, 157)",521
nso_0236_06216.fts,"(712, 76, 752, 156)",521
nso_0236_07104.fts,"(715, 77, 750, 155)",521
nso_0236_07992.fts,"(708, 77, 752, 157)",521
nso_0236_08880.fts,"(702, 67, 746, 148)",521
nso_0236_09771.fts,"(710, 72, 751, 156)",521
nso_0236_10659.fts,"(708, 71, 750, 166)",521
nso_0236_11547.fts,"(709, 77, 754, 161)",521
nso_0236_12435.fts,"(711, 80, 751, 162)",521
nso_0236_13323.fts,"(713, 80, 754, 166)",521
nso_0236_14211.fts,"(708, 76, 751, 158)",521
nso_0236_15099.fts,"(708, 75, 754, 156)",521
nso_0236_15987.fts,"(713, 73, 750, 154)",521
nso_0236_16875.fts,"(706, 72, 758, 160)",521
nso_0236_17763.fts,"(711, 62, 748, 147)",521
nso_0237_00761.fts,"(716, 66, 744, 152)",521
nso_0237_01522.fts,"(713, 79, 748, 157)",521
nso_0237_02283.fts,"(713, 66, 752, 153)",521
nso_0237_03044.fts,"(717, 70, 753, 151)",521
nso_0237_03805.fts,"(709, 79, 751, 156)",521
nso_0237_04566.fts,"(718, 65, 754, 145)",521
nso_0237_05327.fts,"(710, 77, 754, 160)",521
nso_0237_06088.fts,"(716, 81, 751, 162)",521
nso_0237_06849.fts,"(715, 81, 754, 160)",521
nso_0237_07610.fts,"(717, 72, 753, 152)",521
nso_0237_08371.fts,"(712, 78, 751, 153)",521
nso_0237_09132.fts,"(714, 78, 751, 156)",521
nso_0237_09893.fts,"(716, 73, 754, 158)",521
nso_0237_10654.fts,"(715, 76, 747, 154)",521
nso_0237_11415.fts,"(708, 73, 755, 155)",521
nso_0237_12176.fts,"(712, 82, 753, 169)",521
nso_0237_12937.fts,"(716, 77, 755, 157)",521
nso_0237_13698.fts,"(714, 76, 748, 155)",521
nso_0237_14459.fts,"(712, 73, 751, 153)",521
nso_0237_15220.fts,"(711, 70, 757, 154)",521
nso_0238_00950.fts,"(716, 76, 753, 156)",521
nso_0238_01900.fts,"(713, 56, 753, 138)",521
nso_0238_02850.fts,"(714, 63, 753, 149)",521
nso_0238_03800.fts,"(712, 74, 753, 161)",521
nso_0238_04750.fts,"(708, 61, 752, 137)",521
nso_0238_05700.fts,"(716, 60, 747, 145)",521
nso_0238_06650.fts,"(711, 76, 746, 152)",521
nso_0238_07600.fts,"(713, 76, 752, 158)",521
nso_0238_08550.fts,"(713, 77, 752, 158)",521
nso_0238_09500.fts,"(712, 77, 750, 157)",521
nso_0238_10450.fts,"(717, 74, 751, 163)",521
nso_0238_11400.fts,"(716, 76, 749, 153)",521
nso_0238_12350.fts,"(711, 76, 747, 158)",521
nso_0238_13300.fts,"(715, 81, 746, 159)",521
nso_0238_14250.fts,"(710, 70, 751, 150)",521
nso_0238_15200.fts,"(714, 87, 749, 170)",521
nso_0238_16150.fts,"(715, 73, 756, 154)",521
nso_0238_17100.fts,"(720, 78, 749, 154)",521
nso_0238_18050.fts,"(711, 78, 752, 156)",521
nso_0239_00836.fts,"(712, 78, 752, 161)",521
nso_0239_01672.fts,"(711, 76, 749, 162)",521
nso_0239_02508.fts,"(706, 75, 756, 167)",521
nso_0239_03344.fts,"(712, 83, 743, 160)",521
nso_0239_04180.fts,"(714, 86, 749, 164)",521
nso_0239_05016.fts,"(713, 76, 748, 151)",521
nso_0239_05852.fts,"(713, 65, 750, 145)",521
nso_0239_06688.fts,"(714, 76, 749, 155)",521
nso_0239_07524.fts,"(711, 83, 752, 158)",521
nso_0239_08360.fts,"(719, 68, 752, 152)",521
nso_0239_09196.fts,"(714, 81, 744, 163)",521
nso_0239_10032.fts,"(715, 75, 747, 154)",521
nso_0239_10868.fts,"(713, 74, 747, 157)",521
nso_0239_11704.fts,"(709, 72, 752, 167)",521
nso_0239_12540.fts,"(714, 72, 749, 153)",521
nso_0239_13376.fts,"(707, 83, 750, 161)",521
nso_0239_14212.fts,"(712, 72, 749, 158)",521
nso_0239_15048.fts,"(712, 74, 743, 160)",521
nso_0239_15884.fts,"(716, 74, 746, 153)",521
nso_0239_16720.fts,"(715, 64, 747, 146)",521
nso_0240_00903.fts,"(713, 76, 744, 156)",521
nso_0240_01806.fts,"(708, 69, 747, 144)",521
nso_0240_02709.fts,"(713, 72, 744, 155)",521
nso_0240_03612.fts,"(708, 74, 745, 153)",521
nso_0240_04515.fts,"(712, 75, 744, 154)",521
nso_0240_05418.fts,"(709, 74, 747, 162)",521
nso_0240_06321.fts,"(709, 79, 747, 158)",521
nso_0240_07224.fts,"(715, 78, 746, 158)",521
nso_0240_08127.fts,"(714, 86, 748, 161)",521
nso_0240_09030.fts,"(713, 74, 750, 150)",521
nso_0240_09933.fts,"(718, 75, 751, 155)",521
nso_0240_10836.fts,"(716, 71, 748, 148)",521
nso_0240_11739.fts,"(713, 74, 747, 152)",521
nso_0240_12642.fts,"(708, 74, 747, 157)",521
nso_0240_13545.fts,"(711, 81, 747, 157)",521
nso_0240_14448.fts,"(707, 80, 746, 155)",521
nso_0240_15351.fts,"(708, 81, 747, 158)",521
nso_0240_16254.fts,"(712, 436, 743, 521)",521
nso_0240_17157.fts,"(713, 69, 749, 142)",521
nso_0240_18060.fts,,521
nso_0241_00933.fts,"(710, 81, 741, 157)",521
nso_0241_01867.fts,"(712, 80, 747, 158)",521
nso_0241_02800.fts,"(712, 78, 748, 157)",521
nso_0241_03733.fts,"(708, 76, 747, 155)",521
nso_0241_04666.fts,"(710, 76, 745, 153)",521
nso_0241_05599.fts,"(711, 81, 749, 158)",521
nso_0241_06532.fts,"(723, 80, 755, 159)",521
nso_0241_07465.fts,"(707, 74, 742, 152)",521
nso_0241_08398.fts,"(714, 61, 751, 138)",521
nso_0241_09331.fts,"(713, 75, 751, 154)",521
nso_0241_10264.fts,"(722, 76, 755, 152)",521
nso_0241_11197.fts,"(721, 83, 757, 160)",521
nso_0241_12130.fts,"(722, 84, 755, 160)",521
nso_0241_13063.fts,"(723, 80, 758, 159)",521
nso_0241_13996.fts,"(719, 79, 760, 162)",521
nso_0241_14929.fts,"(721, 81, 754, 159)",521
nso_0241_15862.fts,"(720, 89, 759, 166)",521
nso_0241_16795.fts,"(720, 90, 758, 163)",521
nso_0241_17728.fts,"(717, 80, 746, 153)",521
nso_0241_18661.fts,,521
nso_0242_00949.fts,"(711, 81, 749, 161)",521
nso_0242_01898.fts,"(717, 84, 748, 158)",521
nso_0242_02847.fts,"(714, 81, 749, 154)",521
nso_0242_03798.fts,"(711, 85, 752, 165)",521
nso_0242_04747.fts,"(711, 77, 747, 150)",521
nso_0242_05696.fts,"(723, 78, 749, 152)",521
nso_0242_06645.fts,"(716, 72, 745, 147)",521
nso_0242_07594.fts,"(714, 81, 747, 159)",521
nso_0242_08543.fts,"(715, 82, 755, 155)",521
nso_0242_09492.fts,,
nso_0242_10441.fts,"(709, 77, 738, 154)",521
nso_0242_11390.fts,"(714, 69, 742, 153)",521
nso_0242_12339.fts,"(711, 70, 749, 145)",521
nso_0242_13288.fts,"(711, 70, 747, 148)",521
nso_0242_14237.fts,"(707, 77, 746, 162)",521
nso_0242_15186.fts,"(714, 70, 748, 151)",521
nso_0242_16135.fts,"(709, 71, 749, 149)",521
nso_0242_17087.fts,"(710, 85, 742, 161)",521
nso_0242_18036.fts,"(711, 65, 747, 136)",521
nso_0242_18985.fts,,
nso_0243_00810.fts,"(708, 72, 742, 150)",521
nso_0243_01620.fts,"(711, 68, 744, 150)",521
nso_0243_02430.fts,"(707, 77, 746, 156)",521
nso_0243_03240.fts,"(711, 74, 745, 150)",521
nso_0243_04050.fts,"(708, 74, 748, 155)",521
nso_0243_04860.fts,"(715, 75, 752, 154)",521
nso_0243_05670.fts,"(710, 85, 747, 159)",521
nso_0243_06480.fts,"(711, 73, 746, 157)",521
nso_0243_07290.fts,"(710, 73, 749, 158)",521
nso_0243_08100.fts,"(706, 76, 749, 163)",521
nso_0243_08910.fts,,
nso_0243_09720.fts,,
nso_0243_10530.fts,"(713, 80, 747, 159)",521
nso_0243_11340.fts,"(705, 68, 742, 138)",521
nso_0243_12150.fts,"(707, 79, 746, 158)",521
nso_0243_12960.fts,"(712, 77, 751, 157)",521
nso_0243_13770.fts,,521
nso_0243_14580.fts,"(709, 73, 749, 157)",521
nso_0243_15390.fts,"(713, 72, 743, 148)",521
nso_0243_16200.fts,"(712, 78, 746, 153)",521
nso_0244_00754.fts,"(711, 79, 754, 162)",521
nso_0244_01508.fts,"(712, 75, 745, 151)",521
nso_0244_02262.fts,"(713, 77, 745, 157)",521
nso_0244_03016.fts,"(706, 74, 742, 152)",521
nso_0244_03770.fts,,521
nso_0244_04524.fts,"(712, 80, 750, 163)",521
nso_0244_05278.fts,"(702, 8, 745, 89)",521
nso_0244_06032.fts,"(706, 71, 739, 149)",521
nso_0244_06786.fts,"(717, 71, 745, 147)",521
nso_0244_07541.fts,"(714, 146, 748, 223)",521
nso_0244_08295.fts,"(708, 74, 745, 150)",521
nso_0244_09050.fts,"(712, 65, 745, 142)",521
nso_0244_09804.fts,"(708, 90, 747, 158)",521
nso_0244_10558.fts,"(708, 77, 747, 155)",521
nso_0244_11312.fts,"(707, 68, 743, 148)",521
nso_0244_12066.fts,"(706, 73, 745, 147)",521
nso_0244_12820.fts,"(711, 75, 747, 153)",521
nso_0244_13574.fts,"(710, 71, 746, 157)",521
nso_0244_14329.fts,"(708, 70, 748, 148)",521
nso_0244_15083.fts,"(709, 78, 745, 154)",521
nso_0245_00751.fts,"(714, 125, 745, 201)",521
nso_0245_01502.fts,"(715, 70, 749, 148)",521
nso_0245_02253.fts,"(710, 80, 748, 155)",521
nso_0245_03004.fts,"(713, 78, 750, 151)",521
nso_0245_03755.fts,"(709, 73, 743, 152)",521
nso_0245_04506.fts,"(709, 77, 745, 154)",521
nso_0245_05257.fts,"(713, 72, 749, 148)",521
nso_0245_06008.fts,"(710, 71, 748, 152)",521
nso_0245_06759.fts,"(709, 51, 746, 129)",521
nso_0245_07510.fts,"(710, 70, 748, 151)",521
nso_0245_08261.fts,"(713, 78, 742, 153)",521
nso_0245_09012.fts,"(707, 68, 744, 146)",521
nso_0245_09763.fts,"(711, 71, 750, 154)",521
nso_0245_10514.fts,"(713, 64, 746, 145)",521
nso_0245_11265.fts,"(714, 68, 750, 144)",521
nso_0245_12016.fts,"(710, 73, 748, 153)",521
nso_0245_12767.fts,"(713, 75, 747, 149)",521
nso_0245_13518.fts,"(710, 79, 748, 159)",521
nso_0245_14269.fts,"(710, 70, 753, 150)",521
nso_0245_15020.fts,"(710, 73, 748, 150)",521
nso_0246_00798.fts,"(706, 77, 747, 154)",521
nso_0246_01596.fts,"(711, 81, 745, 154)",521
nso_0246_02394.fts,"(714, 78, 746, 155)",521
nso_0246_03192.fts,"(707, 73, 747, 154)",521
nso_0246_03990.fts,"(708, 60, 744, 141)",521
nso_0246_04788.fts,"(709, 76, 743, 154)",521
nso_0246_05586.fts,"(709, 70, 745, 148)",521
nso_0246_06384.fts,"(707, 71, 745, 153)",521
nso_0246_07182.fts,"(707, 73, 748, 157)",521
nso_0246_07980.fts,"(710, 67, 747, 153)",521
nso_0246_08778.fts,"(706, 78, 746, 157)",521
nso_0246_09576.fts,"(710, 71, 747, 161)",521
nso_0246_10374.fts,"(708, 79, 747, 152)",521
nso_0246_11172.fts,"(714, 68, 748, 143)",521
nso_0246_11970.fts,"(715, 66, 745, 147)",521
nso_0246_12768.fts,"(710, 76, 748, 155)",521
nso_0246_13566.fts,"(710, 69, 746, 151)",521
nso_0246_14364.fts,"(709, 68, 745, 148)",521
nso_0246_15162.fts,"(707, 60, 747, 142)",521
nso_0246_15960.fts,"(725, 10, 756, 91)",521
nso_0247_00880.fts,"(720, 67, 756, 144)",521
nso_0247_01760.fts,"(717, 77, 756, 157)",521
nso_0247_02640.fts,"(723, 109, 762, 191)",521
nso_0247_03520.fts,"(721, 96, 756, 175)",521
nso_0247_04400.fts,"(720, 87, 754, 161)",521
nso_0247_05280.fts,"(720, 84, 756, 163)",521
nso_0247_06160.fts,"(720, 89, 755, 163)",521
nso_0247_07040.fts,"(715, 86, 758, 168)",521
nso_0247_07920.fts,"(717, 93, 750, 164)",521
nso_0247_08800.fts,"(720, 87, 753, 168)",521
nso_0247_09680.fts,"(719, 86, 750, 166)",521
nso_0247_10560.fts,"(709, 86, 751, 168)",521
nso_0247_11440.fts,"(716, 109, 748, 184)",521
nso_0247_12320.fts,"(717, 80, 752, 160)",521
nso_0247_13200.fts,"(719, 91, 751, 167)",521
nso_0247_14080.fts,"(713, 79, 751, 163)",521
nso_0247_14960.fts,"(710, 81, 746, 160)",521
nso_0247_15840.fts,"(709, 78, 743, 160)",521
nso_0247_16720.fts,"(704, 83, 742, 169)",521
nso_0247_17600.fts,,
nso_0248_00916.fts,"(712, 83, 751, 164)",521
nso_0248_01832.fts,"(710, 89, 751, 163)",521
nso_0248_02748.fts,"(710, 77, 745, 156)",521
nso_0248_03664.fts,"(710, 78, 748, 165)",521
nso_0248_04580.fts,"(713, 90, 744, 169)",521
nso_0248_05496.fts,"(713, 75, 749, 150)",521
nso_0248_06412.fts,"(708, 90, 745, 171)",521
nso_0248_07328.fts,"(711, 90, 743, 166)",521
nso_0248_08244.fts,"(728, 87, 757, 168)",521
nso_0248_09160.fts,"(724, 84, 756, 166)",521
nso_0248_10076.fts,"(719, 81, 754, 159)",521
nso_0248_10992.fts,"(726, 86, 753, 163)",521
nso_0248_11908.fts,"(726, 76, 755, 160)",521
nso_0248_12824.fts,"(727, 81, 756, 158)",521
nso_0248_13740.fts,"(726, 82, 753, 158)",521
nso_0248_14656.fts,"(726, 85, 758, 162)",521
nso_0248_15572.fts,"(721, 59, 759, 147)",521
nso_0248_16488.fts,"(721, 78, 756, 157)",521
nso_0248_17404.fts,"(723, 81, 759, 168)",521
nso_0248_18320.fts,"(725, 79, 761, 153)",521
nso_0249_00869.fts,"(722, 84, 757, 167)",521
nso_0249_01738.fts,"(724, 79, 758, 163)",521
nso_0249_02607.fts,"(722, 78, 759, 157)",521
nso_0249_03476.fts,"(720, 78, 755, 160)",521
nso_0249_04345.fts,"(719, 84, 753, 161)",521
nso_0249_05214.fts,"(708, 73, 746, 158)",521
nso_0249_06083.fts,"(707, 80, 739, 154)",521
nso_0249_06952.fts,"(701, 83, 737, 166)",521
nso_0249_07821.fts,"(712, 76, 745, 163)",521
nso_0249_08690.fts,"(706, 84, 740, 166)",521
nso_0249_09559.fts,"(709, 76, 741, 164)",521
nso_0249_10428.fts,"(711, 81, 746, 161)",521
nso_0249_11297.fts,"(715, 90, 746, 166)",521
nso_0249_12166.fts,"(710, 87, 746, 167)",521
nso_0249_13035.fts,"(712, 83, 745, 164)",521
nso_0249_13904.fts,"(711, 83, 743, 162)",521
nso_0249_14773.fts,"(714, 74, 750, 167)",521
nso_0249_15642.fts,"(714, 83, 749, 165)",521
nso_0249_16511.fts,"(718, 70, 752, 156)",521
nso_0249_17380.fts,"(712, 74, 744, 152)",521
nso_0250_01087.fts,"(713, 85, 746, 164)",521
nso_0250_02174.fts,"(712, 82, 753, 165)",521
nso_0250_03261.fts,"(711, 62, 747, 144)",521
nso_0250_04348.fts,"(707, 81, 747, 169)",521
nso_0250_05435.fts,"(711, 64, 749, 146)",521
nso_0250_06522.fts,"(711, 73, 749, 153)",521
nso_0250_07609.fts,"(716, 71, 747, 155)",521
nso_0250_08696.fts,"(709, 69, 743, 153)",521
nso_0250_09783.fts,"(712, 79, 744, 157)",521
nso_0250_10870.fts,"(716, 64, 747, 151)",521
nso_0250_11957.fts,"(707, 82, 743, 160)",521
nso_0250_13044.fts,"(705, 85, 744, 164)",521
nso_0250_14131.fts,"(706, 98, 741, 162)",521
nso_0250_15218.fts,"(710, 80, 745, 158)",521
nso_0250_16305.fts,"(717, 78, 747, 158)",521
nso_0250_17392.fts,"(709, 87, 749, 170)",521
nso_0250_18479.fts,"(708, 74, 748, 161)",521
nso_0250_19566.fts,"(712, 70, 745, 155)",521
nso_0250_20653.fts,"(712, 72, 744, 149)",521
nso_0250_21740.fts,"(710, 72, 748, 150)",521
nso_0251_00979.fts,"(710, 79, 749, 163)",521
nso_0251_01958.fts,"(713, 77, 747, 163)",521
nso_0251_02937.fts,"(710, 77, 747, 163)",521
nso_0251_03916.fts,"(710, 79, 748, 169)",521
nso_0251_04895.fts,"(708, 70, 748, 155)",521
nso_0251_05874.fts,"(699, 73, 733, 155)",521
nso_0251_06853.fts,"(712, 83, 744, 167)",521
nso_0251_07832.fts,"(703, 73, 750, 164)",521
nso_0251_08811.fts,"(712, 82, 748, 165)",521
nso_0251_09790.fts,"(711, 79, 748, 161)",521
nso_0251_10769.fts,"(726, 75, 754, 142)",521
nso_0251_11748.fts,"(719, 63, 762, 149)",521
nso_0251_12727.fts,"(717, 81, 748, 156)",521
nso_0251_13706.fts,"(714, 72, 747, 156)",521
nso_0251_14685.fts,"(700, 72, 733, 146)",521
nso_0251_15664.fts,"(711, 74, 748, 150)",521
nso_0251_16643.fts,"(714, 75, 746, 155)",521
nso_0251_17622.fts,"(716, 71, 744, 156)",521
nso_0251_18601.fts,"(710, 73, 749, 157)",521
nso_0251_19580.fts,"(708, 73, 746, 151)",521
nso_0252_00818.fts,"(698, 59, 730, 145)",521
nso_0252_01636.fts,"(712, 76, 747, 157)",521
nso_0252_02454.fts,"(696, 73, 732, 151)",521
nso_0252_03272.fts,"(709, 79, 751, 165)",521
nso_0252_04090.fts,"(710, 479, 746, 563)",521
nso_0252_04908.fts,"(707, 67, 752, 167)",521
nso_0252_05726.fts,"(690, 52, 720, 130)",521
nso_0252_06544.fts,"(707, 58, 740, 134)",521
nso_0252_07362.fts,"(693, 50, 725, 133)",521
nso_0252_08180.fts,"(692, 55, 729, 134)",521
nso_0252_08998.fts,"(709, 56, 745, 128)",521
nso_0252_09816.fts,"(703, 64, 740, 145)",521
nso_0252_10634.fts,"(708, 62, 747, 153)",521
nso_0252_11452.fts,"(710, 57, 747, 136)",521
nso_0252_12270.fts,"(705, 57, 739, 137)",521
nso_0252_13088.fts,"(709, 58, 740, 139)",521
nso_0252_13906.fts,"(717, 62, 746, 138)",521
nso_0252_14724.fts,"(704, 53, 743, 139)",521
nso_0252_15542.fts,"(703, 65, 741, 144)",521
nso_0252_16360.fts,,
nso_0253_00879.fts,"(712, 57, 744, 140)",521
nso_0253_01758.fts,"(709, 73, 746, 151)",521
nso_0253_02637.fts,"(714, 63, 744, 141)",521
nso_0253_03516.fts,"(712, 75, 741, 153)",521
nso_0253_04395.fts,"(726, 73, 756, 158)",521
nso_0253_05274.fts,"(712, 76, 745, 154)",521
nso_0253_06153.fts,"(693, 58, 731, 143)",521
nso_0253_07032.fts,"(710, 56, 741, 133)",521
nso_0253_07911.fts,"(712, 59, 743, 135)",521
nso_0253_08790.fts,"(713, 77, 743, 151)",521
nso_0253_09669.fts,"(716, 90, 748, 166)",521
nso_0253_10548.fts,"(720, 106, 754, 182)",521
nso_0253_11427.fts,"(727, 100, 758, 178)",521
nso_0253_12306.fts,"(724, 93, 755, 166)",521
nso_0253_13185.fts,"(724, 81, 758, 156)",521
nso_0253_14064.fts,"(720, 80, 758, 162)",521
nso_0253_14943.fts,"(730, 90, 763, 169)",521
nso_0253_15822.fts,"(710, 81, 745, 157)",521
nso_0253_16701.fts,"(719, 78, 748, 153)",521
nso_0253_17580.fts,"(715, 74, 751, 148)",521
nso_0254_00700.fts,,
nso_0254_01400.fts,,
nso_0254_02100.fts,,
nso_0254_02800.fts,"(717, 87, 755, 166)",521
nso_0254_03500.fts,"(721, 225, 754, 300)",521
nso_0254_04200.fts,"(722, 75, 755, 148)",521
nso_0254_04900.fts,,
nso_0254_05600.fts,"(717, 83, 749, 162)",521
nso_0254_06300.fts,"(717, 77, 751, 161)",521
nso_0254_07000.fts,"(717, 86, 752, 163)",521
nso_0254_07700.fts,"(716, 91, 751, 165)",521
nso_0254_08400.fts,"(711, 69, 749, 153)",
nso_0254_09100.fts,"(720, 79, 751, 152)",521
nso_0254_09800.fts,"(720, 82, 752, 160)",521
nso_0254_10500.fts,"(721, 91, 754, 161)",521
nso_0254_11200.fts,"(721, 85, 755, 159)",521
nso_0254_11900.fts,"(724, 79, 753, 154)",521
nso_0254_12600.fts,"(721, 472, 753, 549)",521
nso_0254_13300.fts,"(723, 81, 753, 162)",521
nso_0254_14000.fts,"(721, 95, 752, 165)",521
nso_0255_01025.fts,"(720, 102, 750, 171)",521
nso_0255_02050.fts,"(721, 94, 754, 174)",521
nso_0255_03075.fts,,
nso_0255_04100.fts,"(719, 96, 753, 169)",521
nso_0255_05125.fts,,521
nso_0255_06150.fts,"(722, 89, 753, 165)",521
nso_0255_07175.fts,"(722, 95, 750, 171)",521
nso_0255_08200.fts,"(719, 100, 756, 177)",521
nso_0255_09225.fts,"(720, 95, 751, 162)",521
nso_0255_10250.fts,"(714, 85, 751, 156)",521
nso_0255_11275.fts,"(713, 91, 747, 164)",521
nso_0255_12300.fts,"(715, 92, 746, 174)",521
nso_0255_13325.fts,"(714, 101, 746, 177)",521
nso_0255_14350.fts,"(716, 101, 748, 174)",521
nso_0255_15376.fts,"(711, 97, 747, 177)",521
nso_0255_16401.fts,"(714, 99, 747, 177)",521
nso_0255_17426.fts,"(713, 94, 746, 177)",521
nso_0255_18451.fts,"(717, 99, 747, 174)",521
nso_0255_19476.fts,"(714, 94, 747, 173)",521
nso_0255_20501.fts,"(713, 119, 744, 189)",521
nso_0256_01054.fts,"(714, 101, 749, 178)",521
nso_0256_02108.fts,"(717, 100, 747, 177)",521
nso_0256_03162.fts,"(715, 115, 750, 184)",521
nso_0256_04216.fts,"(715, 106, 747, 181)",521
nso_0256_05270.fts,"(713, 97, 751, 172)",521
nso_0256_06324.fts,,521
nso_0256_07378.fts,"(713, 99, 742, 176)",521
nso_0256_08432.fts,"(711, 96, 742, 165)",521
nso_0256_09486.fts,"(714, 99, 747, 175)",521
nso_0256_10540.fts,"(714, 99, 747, 167)",521
nso_0256_11594.fts,"(709, 104, 750, 181)",521
nso_0256_12648.fts,"(707, 109, 745, 188)",521
nso_0256_13702.fts,"(710, 92, 745, 166)",521
nso_0256_14756.fts,"(714, 100, 750, 177)",521
nso_0256_15810.fts,"(713, 96, 749, 170)",521
nso_0256_16864.fts,"(714, 98, 747, 172)",521
nso_0256_17918.fts,"(715, 97, 749, 174)",521
nso_0256_18972.fts,"(712, 96, 744, 172)",521
nso_0256_20026.fts,"(714, 78, 748, 162)",521
nso_0256_21080.fts,"(717, 107, 747, 164)",521
nso_0257_01063.fts,"(703, 92, 750, 182)",521
nso_0257_02126.fts,"(712, 76, 746, 156)",521
nso_0257_03189.fts,"(718, 86, 751, 161)",521
nso_0257_04252.fts,"(714, 84, 744, 165)",521
nso_0257_05315.fts,"(710, 86, 743, 172)",521
nso_0257_06378.fts,"(714, 95, 742, 173)",521
nso_0257_07441.fts,"(714, 88, 746, 164)",521
nso_0257_08504.fts,"(706, 82, 746, 165)",521
nso_0257_09567.fts,"(715, 82, 749, 162)",521
nso_0257_10630.fts,"(710, 87, 738, 162)",521
nso_0257_11693.fts,"(707, 84, 744, 160)",521
nso_0257_12756.fts,"(713, 84, 745, 155)",521
nso_0257_13819.fts,"(715, 89, 740, 158)",521
nso_0257_14883.fts,"(713, 92, 742, 162)",521
nso_0257_15946.fts,,521
nso_0257_17009.fts,"(709, 105, 745, 159)",521
nso_0257_18072.fts,"(707, 103, 744, 176)",521
nso_0257_19135.fts,"(707, 101, 740, 172)",521
nso_0257_20198.fts,"(709, 74, 749, 155)",521
nso_0257_21261.fts,,
nso_0258_01084.fts,"(711, 78, 741, 160)",521
nso_0258_02168.fts,"(712, 86, 744, 164)",521
nso_0258_03252.fts,"(713, 92, 744, 162)",521
nso_0258_04336.fts,"(706, 79, 745, 164)",521
nso_0258_05422.fts,"(715, 81, 750, 166)",521
nso_0258_06506.fts,"(714, 85, 744, 164)",521
nso_0258_07590.fts,"(712, 83, 747, 166)",521
nso_0258_08674.fts,"(711, 83, 743, 158)",521
nso_0258_09758.fts,"(709, 95, 743, 158)",521
nso_0258_10842.fts,"(712, 80, 743, 158)",521
nso_0258_11926.fts,"(708, 80, 743, 158)",521
nso_0258_13010.fts,"(706, 94, 741, 153)",521
nso_0258_14094.fts,"(711, 87, 743, 164)",521
nso_0258_15178.fts,"(697, 77, 733, 155)",521
nso_0258_16262.fts,"(715, 78, 750, 162)",521
nso_0258_17346.fts,"(716, 78, 748, 159)",521
nso_0258_18430.fts,"(712, 79, 739, 157)",521
nso_0258_19514.fts,"(711, 91, 744, 160)",521
nso_0258_20598.fts,"(713, 93, 750, 176)",521
nso_0258_21682.fts,,
nso_0259_01076.fts,"(714, 78, 749, 155)",521
nso_0259_02152.fts,"(712, 83, 746, 157)",521
nso_0259_03228.fts,"(711, 68, 745, 143)",521
nso_0259_04304.fts,"(717, 75, 743, 155)",521
nso_0259_05380.fts,"(706, 71, 745, 159)",
nso_0259_06456.fts,"(710, 80, 745, 161)",521
nso_0259_07532.fts,"(712, 83, 743, 162)",521
nso_0259_08608.fts,"(713, 79, 742, 158)",
nso_0259_09684.fts,"(710, 78, 750, 149)",
nso_0259_10760.fts,"(707, 75, 746, 174)",521
nso_0259_11836.fts,"(710, 78, 741, 154)",521
nso_0259_12912.fts,"(710, 70, 747, 151)",521
nso_0259_13988.fts,"(711, 71, 746, 154)",521
nso_0259_15064.fts,"(708, 67, 745, 149)",521
nso_0259_16140.fts,"(711, 83, 747, 163)",521
nso_0259_17216.fts,"(704, 75, 748, 153)",
nso_0259_18292.fts,"(711, 69, 747, 150)",521
nso_0259_19368.fts,"(712, 66, 750, 146)",521
nso_0259_20444.fts,"(710, 92, 743, 165)",521
nso_0259_21520.fts,"(708, 68, 739, 138)",521
nso_0260_00972.fts,"(709, 67, 738, 146)",521
nso_0260_01942.fts,"(708, 68, 742, 149)",521
nso_0260_02912.fts,"(715, 70, 749, 150)",521
nso_0260_03883.fts,"(701, 72, 736, 150)",
nso_0260_04853.fts,"(722, 49, 751, 139)",521
nso_0260_05823.fts,"(707, 73, 746, 147)",
nso_0260_06793.fts,"(706, 60, 740, 141)",-
nso_0260_07763.fts,"(707, 67, 744, 151)",521
nso_0260_08733.fts,"(713, 60, 742, 136)",521
nso_0260_09703.fts,"(712, 67, 744, 145)",521
nso_0260_10673.fts,"(709, 69, 740, 142)",-
nso_0260_11643.fts,"(707, 69, 742, 153)",521
nso_0260_12613.fts,"(707, 60, 743, 146)",
nso_0260_13583.fts,"(712, 63, 746, 146)",521
nso_0260_14553.fts,"(711, 71, 743, 150)",521
nso_0260_15523.fts,"(707, 74, 741, 152)",521
nso_0260_16493.fts,"(710, 71, 740, 149)",521
nso_0260_17463.fts,"(705, 66, 743, 151)",-
nso_0260_18433.fts,"(712, 67, 743, 142)",521
nso_0260_19403.fts,"(710, 66, 739, 143)",521
nso_0261_01028.fts,"(710, 67, 745, 147)",521
nso_0261_02053.fts,"(710, 61, 747, 139)",521
nso_0261_03078.fts,"(711, 72, 747, 150)",521
nso_0261_04104.fts,"(713, 72, 746, 156)",521
nso_0261_05129.fts,"(711, 71, 749, 154)",521
nso_0261_06154.fts,"(704, 79, 744, 158)",-
nso_0261_07179.fts,"(714, 68, 747, 143)",521
nso_0261_08204.fts,"(711, 70, 742, 154)",521
nso_0261_09232.fts,"(709, 57, 746, 130)",-
nso_0261_10257.fts,"(706, 72, 743, 148)",-
nso_0261_11282.fts,"(710, 71, 744, 148)",-
nso_0261_12307.fts,"(706, 70, 750, 148)",-
nso_0261_13332.fts,"(708, 64, 747, 145)",521
nso_0261_14357.fts,"(710, 64, 747, 141)",521
nso_0261_15382.fts,"(713, 66, 748, 141)",521
nso_0261_16407.fts,"(712, 60, 746, 141)",521
nso_0261_17432.fts,"(713, 66, 749, 146)",521
nso_0261_18457.fts,"(712, 62, 751, 143)",-
nso_0261_19482.fts,"(719, 119, 753, 205)",521
nso_0261_20507.fts,"(719, 68, 752, 141)",521
nso_0262_01092.fts,"(716, 77, 754, 154)",521
nso_0262_02183.fts,"(712, 72, 750, 143)",521
nso_0262_03274.fts,"(710, 69, 753, 151)",521
nso_0262_04365.fts,"(716, 69, 753, 146)",521
nso_0262_05456.fts,"(717, 83, 748, 158)",521
nso_0262_06547.fts,"(722, 78, 754, 150)",521
nso_0262_07638.fts,"(716, 74, 745, 158)",-
nso_0262_08729.fts,"(718, 77, 749, 151)",-
nso_0262_09820.fts,"(719, 79, 750, 158)",521
nso_0262_10911.fts,"(717, 80, 751, 161)",521
nso_0262_12002.fts,"(715, 65, 749, 145)",521
nso_0262_13093.fts,"(719, 79, 749, 156)",521
nso_0262_14184.fts,"(714, 78, 744, 157)",521
nso_0262_15275.fts,"(723, 75, 760, 152)",521
nso_0262_16366.fts,"(712, 76, 746, 150)",521
nso_0262_17457.fts,"(707, 89, 748, 162)",521
nso_0262_18548.fts,"(712, 75, 750, 149)",521
nso_0262_19639.fts,"(715, 84, 752, 161)",-
nso_0262_20730.fts,"(701, 91, 745, 171)",-
nso_0262_21821.fts,"(718, 88, 756, 165)",-
nso_0263_01029.fts,"(714, 91, 748, 167)",-
nso_0263_02058.fts,"(709, 99, 752, 175)",-
nso_0263_03087.fts,"(711, 86, 749, 163)",521
nso_0263_04117.fts,"(706, 75, 750, 167)",-
nso_0263_05146.fts,"(705, 103, 746, 185)",-
nso_0263_06175.fts,"(714, 90, 749, 168)",521
nso_0263_07204.fts,"(730, 81, 761, 154)",521
nso_0263_08233.fts,"(714, 86, 753, 158)",521
nso_0263_09262.fts,"(712, 88, 749, 156)",-
nso_0263_10291.fts,,-
nso_0263_11320.fts,,521
nso_0263_12349.fts,"(715, 102, 744, 156)",-
nso_0263_13378.fts,"(715, 92, 750, 171)",521
nso_0263_14407.fts,"(717, 95, 747, 172)",521
nso_0263_15436.fts,"(717, 94, 748, 177)",521
nso_0263_16465.fts,"(716, 87, 750, 167)",521
nso_0263_17494.fts,"(719, 100, 754, 174)",521
nso_0263_18523.fts,"(720, 80, 753, 156)",521
nso_0263_19552.fts,"(718, 86, 753, 163)",521
nso_0263_20581.fts,"(711, 91, 753, 171)",521
nso_0264_00807.fts,"(712, 96, 752, 177)",521
nso_0264_01614.fts,"(714, 102, 751, 189)",521
nso_0264_02421.fts,"(718, 110, 753, 190)",521
nso_0264_03228.fts,"(715, 108, 752, 185)",521
nso_0264_04035.fts,"(716, 100, 754, 181)",521
nso_0264_04842.fts,"(717, 116, 755, 200)",521
nso_0264_05649.fts,"(716, 85, 750, 164)",521
nso_0264_06456.fts,"(713, 145, 749, 225)",521
nso_0264_07263.fts,"(715, 94, 746, 170)",521
nso_0264_08070.fts,"(719, 96, 750, 173)",521
nso_0264_08877.fts,"(718, 89, 752, 166)",521
nso_0264_09684.fts,"(719, 97, 750, 169)",521
nso_0264_10491.fts,"(705, 81, 741, 159)",521
nso_0264_11298.fts,"(713, 96, 754, 171)",521
nso_0264_12105.fts,"(712, 104, 750, 181)",521
nso_0264_12912.fts,"(714, 95, 751, 181)",521
nso_0264_13719.fts,"(711, 107, 751, 183)",521
nso_0264_14526.fts,"(715, 98, 750, 182)",521
nso_0264_15333.fts,"(715, 90, 754, 167)",521
nso_0264_16140.fts,,
nso_0265_00915.fts,"(705, 94, 742, 171)",521
nso_0265_01830.fts,"(704, 103, 739, 179)",521
nso_0265_02745.fts,"(708, 106, 743, 178)",521
nso_0265_03660.fts,"(715, 102, 752, 183)",521
nso_0265_04575.fts,"(709, 101, 748, 181)",521
nso_0265_05490.fts,"(720, 88, 754, 168)",521
nso_0265_06405.fts,"(714, 104, 747, 194)",521
nso_0265_07320.fts,"(712, 103, 753, 188)",521
nso_0265_08235.fts,"(716, 99, 747, 180)",521
nso_0265_09150.fts,"(715, 102, 749, 183)",521
nso_0265_10065.fts,"(705, 94, 738, 170)",521
nso_0265_10982.fts,"(718, 97, 751, 175)",521
nso_0265_11897.fts,"(712, 95, 755, 174)",521
nso_0265_12812.fts,"(717, 103, 748, 176)",521
nso_0265_13727.fts,"(713, 89, 743, 162)",521
nso_0265_14642.fts,"(710, 93, 747, 168)",521
nso_0265_15557.fts,"(708, 95, 750, 174)",521
nso_0265_16473.fts,"(706, 109, 748, 196)",521
nso_0265_17388.fts,"(716, 110, 750, 188)",521
nso_0265_18303.fts,"(708, 116, 748, 185)",521
nso_0267_00877.fts,"(714, 112, 751, 191)",521
nso_0267_01754.fts,"(710, 112, 743, 195)",521
nso_0267_02631.fts,"(709, 99, 743, 177)",521
nso_0267_03508.fts,"(713, 101, 744, 192)",521
nso_0267_04385.fts,"(710, 103, 748, 182)",521
nso_0267_05262.fts,"(711, 91, 751, 171)",521
nso_0267_06139.fts,"(718, 89, 754, 171)",521
nso_0267_07016.fts,"(712, 98, 748, 173)",521
nso_0267_07893.fts,"(719, 98, 754, 177)",521
nso_0267_08770.fts,"(714, 103, 750, 181)",521
nso_0267_09647.fts,"(712, 105, 747, 182)",521
nso_0267_10524.fts,"(712, 100, 746, 184)",521
nso_0267_11401.fts,"(709, 141, 749, 217)",521
nso_0267_12278.fts,"(717, 96, 752, 171)",521
nso_0267_13155.fts,"(714, 100, 749, 180)",521
nso_0267_14032.fts,"(708, 101, 755, 188)",521
nso_0267_14909.fts,"(711, 108, 753, 186)",521
nso_0267_15786.fts,"(710, 96, 747, 179)",521
nso_0267_16663.fts,"(714, 100, 750, 177)",521
nso_0267_17540.fts,,
nso_0268_00834.fts,"(709, 102, 746, 191)",521
nso_0268_01668.fts,"(706, 102, 750, 180)",521
nso_0268_02502.fts,"(715, 130, 750, 219)",521
nso_0268_03336.fts,"(711, 96, 747, 174)",521
nso_0268_04170.fts,"(716, 93, 748, 175)",521
nso_0268_05004.fts,"(714, 93, 747, 175)",521
nso_0268_05838.fts,"(708, 98, 753, 177)",521
nso_0268_06672.fts,"(708, 83, 747, 164)",521
nso_0268_07506.fts,"(714, 97, 746, 171)",521
nso_0268_08340.fts,"(716, 95, 745, 179)",521
nso_0268_09174.fts,"(715, 95, 750, 181)",521
nso_0268_10008.fts,"(717, 94, 749, 172)",521
nso_0268_10842.fts,"(708, 95, 746, 171)",521
nso_0268_11676.fts,"(710, 99, 750, 172)",521
nso_0268_12510.fts,"(738, 235, 765, 332)",521
nso_0268_13344.fts,"(710, 88, 746, 170)",521
nso_0268_14178.fts,"(707, 101, 747, 177)",521
nso_0268_15012.fts,"(715, 81, 747, 163)",521
nso_0268_15846.fts,"(710, 96, 752, 168)",521
nso_0268_16680.fts,,
nso_0269_00921.fts,"(713, 102, 751, 180)",521
nso_0269_01842.fts,"(714, 92, 748, 174)",521
nso_0269_02763.fts,"(716, 93, 752, 171)",521
nso_0269_03684.fts,"(707, 90, 750, 180)",521
nso_0269_04605.fts,"(719, 96, 744, 179)",521
nso_0269_05526.fts,"(710, 94, 747, 180)",521
nso_0269_06447.fts,"(707, 93, 749, 176)",521
nso_0269_07368.fts,"(712, 93, 749, 172)",521
nso_0269_08289.fts,"(715, 94, 745, 179)",521
nso_0269_09210.fts,"(709, 95, 747, 172)",521
nso_0269_10131.fts,"(712, 91, 753, 179)",521
nso_0269_11052.fts,"(712, 81, 748, 159)",521
nso_0269_11973.fts,"(711, 97, 750, 177)",521
nso_0269_12894.fts,"(711, 90, 747, 168)",521
nso_0269_13815.fts,"(714, 82, 754, 163)",521
nso_0269_14736.fts,"(718, 86, 750, 162)",521
nso_0269_15657.fts,"(708, 88, 749, 173)",521
nso_0269_16578.fts,"(715, 94, 751, 166)",521
nso_0269_17499.fts,"(719, 76, 750, 153)",521
nso_0269_18420.fts,"(716, 78, 744, 155)",521
nso_0270_01056.fts,"(708, 93, 748, 176)",521
nso_0270_02112.fts,"(710, 107, 746, 172)",521
nso_0270_03168.fts,"(716, 83, 750, 165)",521
nso_0270_04224.fts,"(711, 87, 744, 175)",521
nso_0270_05280.fts,"(715, 85, 746, 163)",521
nso_0270_06336.fts,"(712, 99, 746, 177)",521
nso_0270_07392.fts,"(714, 91, 751, 173)",521
nso_0270_08448.fts,"(712, 95, 747, 173)",521
nso_0270_09504.fts,"(713, 95, 747, 175)",521
nso_0270_10560.fts,"(716, 85, 746, 160)",521
nso_0270_11616.fts,"(710, 94, 744, 173)",521
nso_0270_12674.fts,"(718, 100, 756, 173)",521
nso_0270_13732.fts,"(710, 95, 745, 168)",521
nso_0270_14790.fts,"(700, 90, 736, 173)",521
nso_0270_15846.fts,"(710, 96, 742, 176)",521
nso_0270_16905.fts,"(711, 82, 744, 157)",521
nso_0270_17964.fts,"(710, 94, 746, 171)",521
nso_0270_19020.fts,"(707, 92, 740, 170)",521
nso_0270_20079.fts,"(712, 81, 746, 157)",521
nso_0270_21138.fts,,
nso_0271_00962.fts,"(714, 97, 749, 176)",521
nso_0271_01924.fts,"(712, 93, 748, 178)",521
nso_0271_02886.fts,"(709, 93, 744, 182)",521
nso_0271_03848.fts,"(712, 87, 744, 163)",521
nso_0271_04810.fts,"(717, 100, 749, 174)",521
nso_0271_05772.fts,"(708, 89, 743, 171)",521
nso_0271_06734.fts,"(712, 94, 745, 175)",521
nso_0271_07696.fts,"(713, 93, 749, 174)",521
nso_0271_08658.fts,"(712, 98, 742, 173)",521
nso_0271_09620.fts,"(714, 87, 750, 161)",521
nso_0271_10582.fts,"(712, 95, 747, 177)",521
nso_0271_11544.fts,"(707, 94, 747, 171)",521
nso_0271_12506.fts,"(712, 99, 748, 178)",521
nso_0271_13468.fts,"(713, 105, 746, 177)",521
nso_0271_14430.fts,"(714, 97, 747, 171)",521
nso_0271_15392.fts,"(710, 89, 746, 171)",521
nso_0271_16354.fts,"(717, 101, 746, 175)",521
nso_0271_17316.fts,"(714, 93, 749, 170)",521
nso_0271_18278.fts,"(716, 78, 748, 157)",521
nso_0272_00704.fts,,
nso_0272_01408.fts,,
nso_0272_02112.fts,,
nso_0272_02816.fts,,
nso_0272_03520.fts,,
nso_0272_04224.fts,,
nso_0272_04928.fts,,
nso_0272_05632.fts,,
nso_0272_06336.fts,,
nso_0272_07040.fts,,
nso_0272_07744.fts,"(716, 96, 751, 170)",521
nso_0272_08448.fts,"(709, 91, 747, 169)",521
nso_0272_09152.fts,"(715, 77, 747, 153)",521
nso_0272_09856.fts,"(718, 94, 747, 167)",521
nso_0272_10560.fts,"(711, 93, 743, 166)",521
nso_0272_11264.fts,"(711, 98, 747, 179)",521
nso_0272_11968.fts,"(711, 92, 747, 168)",521
nso_0272_12672.fts,"(719, 83, 747, 163)",521
nso_0272_13376.fts,"(714, 94, 748, 170)",521
nso_0272_14080.fts,,
nso_0273_01034.fts,"(716, 97, 749, 171)",521
nso_0273_02068.fts,"(710, 100, 747, 175)",521
nso_0273_03102.fts,"(713, 94, 748, 168)",521
nso_0273_04136.fts,"(713, 102, 745, 175)",521
nso_0273_05170.fts,"(716, 102, 746, 176)",521
nso_0273_06204.fts,"(715, 81, 750, 154)",521
nso_0273_07238.fts,"(712, 76, 744, 151)",521
nso_0273_08272.fts,"(710, 76, 743, 151)",521
nso_0273_09306.fts,"(714, 76, 741, 152)",521
nso_0273_10340.fts,"(709, 76, 738, 155)",521
nso_0273_11374.fts,"(713, 75, 745, 147)",521
nso_0273_12408.fts,"(705, 188, 744, 268)",521
nso_0273_13442.fts,"(711, 74, 743, 148)",521
nso_0273_14476.fts,"(704, 71, 737, 147)",521
nso_0273_15510.fts,"(710, 427, 746, 506)",521
nso_0273_16544.fts,"(706, 77, 738, 155)",521
nso_0273_17578.fts,"(708, 68, 745, 152)",521
nso_0273_18612.fts,"(711, 64, 744, 145)",521
nso_0273_19646.fts,"(710, 72, 745, 153)",521
nso_0273_20680.fts,"(710, 65, 744, 142)",521
nso_0274_01019.fts,"(711, 64, 748, 142)",521
nso_0274_02038.fts,"(705, 69, 744, 147)",521
nso_0274_03057.fts,"(702, 73, 739, 154)",521
nso_0274_04076.fts,"(707, 74, 742, 154)",521
nso_0274_05095.fts,"(705, 66, 741, 150)",521
nso_0274_06114.fts,"(711, 67, 749, 149)",521
nso_0274_07133.fts,"(704, 72, 733, 154)",521
nso_0274_08152.fts,"(695, 67, 731, 150)",521
nso_0274_09171.fts,"(705, 73, 740, 151)",521
nso_0274_10190.fts,"(707, 69, 743, 153)",521
nso_0274_11209.fts,"(712, 72, 743, 152)",521
nso_0274_12228.fts,"(706, 79, 742, 155)",521
nso_0274_13247.fts,"(707, 72, 738, 153)",521
nso_0274_14266.fts,"(708, 73, 742, 150)",521
nso_0274_15285.fts,"(711, 72, 746, 152)",521
nso_0274_16304.fts,"(714, 72, 747, 150)",521
nso_0274_17323.fts,"(714, 71, 746, 150)",521
nso_0274_18342.fts,"(712, 72, 747, 152)",521
nso_0274_19361.fts,"(712, 75, 745, 156)",521
nso_0274_20380.fts,,
nso_0275_01078.fts,"(716, 74, 744, 153)",521
nso_0275_02156.fts,"(711, 78, 741, 152)",521
nso_0275_03234.fts,"(711, 66, 745, 147)",521
nso_0275_04312.fts,"(709, 77, 742, 152)",521
nso_0275_05390.fts,"(712, 72, 748, 151)",521
nso_0275_06468.fts,"(710, 62, 743, 139)",521
nso_0275_07546.fts,"(713, 69, 745, 146)",521
nso_0275_08624.fts,"(712, 69, 744, 145)",521
nso_0275_09702.fts,"(711, 75, 745, 150)",521
nso_0275_10780.fts,"(714, 60, 746, 135)",521
nso_0275_11858.fts,"(710, 63, 744, 143)",521
nso_0275_12936.fts,"(710, 72, 742, 151)",521
nso_0275_14014.fts,"(715, 75, 747, 148)",521
nso_0275_15092.fts,"(712, 71, 742, 143)",521
nso_0275_16170.fts,"(716, 72, 748, 151)",521
nso_0275_17248.fts,"(715, 68, 747, 148)",521
nso_0275_18326.fts,"(715, 73, 746, 147)",521
nso_0275_19404.fts,"(713, 70, 743, 147)",521
nso_0275_20482.fts,"(715, 482, 745, 558)",521
nso_0275_21560.fts,,
nso_0445_00679.fts,,
nso_0445_01070.fts,,-
nso_0445_01358.fts,,
nso_0445_02037.fts,,
nso_0445_02140.fts,,-
nso_0445_02716.fts,,
nso_0445_03210.fts,,-
nso_0445_03395.fts,,
nso_0445_04074.fts,,
nso_0445_04280.fts,,-
nso_0445_04753.fts,,
nso_0445_05350.fts,,-
nso_0445_05432.fts,,
nso_0445_06111.fts,,
nso_0445_06420.fts,,-
nso_0445_06790.fts,,
nso_0445_07469.fts,,-
nso_0445_07490.fts,,-
nso_0445_08148.fts,,
nso_0445_08560.fts,,-
nso_0445_08827.fts,,
nso_0445_09506.fts,,
nso_0445_09630.fts,,-
nso_0445_10185.fts,,
nso_0445_10700.fts,,-
nso_0445_10864.fts,,
nso_0445_11543.fts,,
nso_0445_11770.fts,,
nso_0445_12222.fts,,
nso_0445_12840.fts,,-
nso_0445_12901.fts,,
nso_0445_13580.fts,,
nso_0445_13910.fts,,-
nso_0445_14980.fts,,-
nso_0445_16050.fts,,-
nso_0445_17120.fts,,-
nso_0445_18190.fts,,-
nso_0445_19260.fts,,-
nso_0445_20330.fts,,-
nso_0445_21400.fts,,-
nso_0446_01041.fts,,-
nso_0446_02082.fts,,-
nso_0446_03123.fts,,-
nso_0446_04164.fts,,-
nso_0446_05205.fts,,-
nso_0446_06246.fts,,-
nso_0446_07287.fts,,-
nso_0446_08328.fts,,-
nso_0446_09379.fts,,-
nso_0446_10431.fts,,-
nso_0446_11472.fts,,-
nso_0446_12513.fts,,-
nso_0446_13554.fts,,-
nso_0446_14595.fts,,-
nso_0446_15636.fts,,-
nso_0446_16677.fts,,-
nso_0446_17718.fts,,-
nso_0446_18759.fts,,-
nso_0446_19800.fts,,-
nso_0446_20841.fts,,-
nso_0447_01049.fts,,-
nso_0447_02098.fts,,-
nso_0447_03147.fts,,-
nso_0447_04196.fts,,-
nso_0447_05245.fts,,-
nso_0447_06294.fts,,-
nso_0447_07343.fts,,-
nso_0447_08392.fts,,-
nso_0447_09441.fts,,-
nso_0447_10490.fts,,-
nso_0447_11539.fts,,-
nso_0447_12588.fts,,-
nso_0447_13637.fts,,-
nso_0447_14686.fts,,-
nso_0447_15735.fts,,-
nso_0447_16784.fts,,-
nso_0447_17833.fts,,-
nso_0447_18882.fts,,-
nso_0447_19931.fts,,-
nso_0447_20980.fts,,
nso_0448_01184.fts,,-
nso_0448_02368.fts,,-
nso_0448_03552.fts,,-
nso_0448_04736.fts,,-
nso_0448_05920.fts,,-
nso_0448_07104.fts,,-
nso_0448_08288.fts,,-
nso_0448_09472.fts,,-
nso_0448_10656.fts,,-
nso_0448_11840.fts,,-
nso_0448_13024.fts,,-
nso_0448_14208.fts,,-
nso_0448_15392.fts,,-
nso_0448_16576.fts,,-
nso_0448_17760.fts,,-
nso_0448_18944.fts,,-
nso_0448_20128.fts,,-
nso_0448_21312.fts,,-
nso_0448_22496.fts,,-
nso_0448_23720.fts,,-
nso_0449_01188.fts,,-
nso_0449_02376.fts,,-
nso_0449_03564.fts,,-
nso_0449_04752.fts,,-
nso_0449_05940.fts,,-
nso_0449_07128.fts,,-
nso_0449_08316.fts,,-
nso_0449_09504.fts,,-
nso_0449_10692.fts,,-
nso_0449_11880.fts,,-
nso_0449_13068.fts,,-
nso_0449_14256.fts,,-
nso_0449_15444.fts,,-
nso_0449_16632.fts,,-
nso_0449_17820.fts,,-
nso_0449_19008.fts,,-
nso_0449_20196.fts,,-
nso_0449_21384.fts,,-
nso_0449_22572.fts,,-
nso_0449_23760.fts,,-
nso_0450_01182.fts,,-
nso_0450_02364.fts,,-
nso_0450_03546.fts,,-
nso_0450_04728.fts,,-
nso_0450_05910.fts,,-
nso_0450_07092.fts,,-
nso_0450_08274.fts,,-
nso_0450_09456.fts,,-
nso_0450_10638.fts,,-
nso_0450_11820.fts,,-
nso_0450_13002.fts,,-
nso_0450_14184.fts,,-
nso_0450_15366.fts,,-
nso_0450_16548.fts,,-
nso_0450_17730.fts,,-
nso_0450_18912.fts,,-
nso_0450_20094.fts,,-
nso_0450_21276.fts,,-
nso_0450_22458.fts,,-
nso_0450_23640.fts,,-
nso_0451_01179.fts,,-
nso_0451_02358.fts,,-
nso_0451_03537.fts,,-
nso_0451_04716.fts,,-
nso_0451_05895.fts,,-
nso_0451_07074.fts,,-
nso_0451_08253.fts,,-
nso_0451_09432.fts,,-
nso_0451_10611.fts,,-
nso_0451_11790.fts,,-
nso_0451_12969.fts,,-
nso_0451_14148.fts,,-
nso_0451_15327.fts,,-
nso_0451_16506.fts,,-
nso_0451_17685.fts,,-
nso_0451_18864.fts,,-
nso_0451_20043.fts,,-
nso_0451_21222.fts,,
nso_0451_22401.fts,,-
nso_0451_23580.fts,,-
nso_0452_01177.fts,,-
nso_0452_02354.fts,,-
nso_0452_03531.fts,,-
nso_0452_04708.fts,,-
nso_0452_05885.fts,,-
nso_0452_07062.fts,,-
nso_0452_08239.fts,,-
nso_0452_09416.fts,,-
nso_0452_10593.fts,,-
nso_0452_11770.fts,,-
nso_0452_12947.fts,,-
nso_0452_14124.fts,,-
nso_0452_15301.fts,,-
nso_0452_16478.fts,,-
nso_0452_17655.fts,,-
nso_0452_18832.fts,,-
nso_0452_20009.fts,,-
nso_0452_21186.fts,,-
nso_0452_22363.fts,,-
nso_0453_01086.fts,,
nso_0453_01170.fts,,-
nso_0453_02172.fts,,
nso_0453_02340.fts,,-
nso_0453_03258.fts,,
nso_0453_03510.fts,,-
nso_0453_04344.fts,,
nso_0453_04680.fts,,-
nso_0453_05430.fts,,
nso_0453_05850.fts,,-
nso_0453_06516.fts,,
nso_0453_07020.fts,,-
nso_0453_07602.fts,,
nso_0453_08190.fts,,-
nso_0453_08688.fts,,
nso_0453_09360.fts,,-
nso_0453_09774.fts,,
nso_0453_10530.fts,,-
nso_0453_10860.fts,,
nso_0453_11700.fts,,-
nso_0453_11946.fts,,
nso_0453_12870.fts,,-
nso_0453_13032.fts,,
nso_0453_14040.fts,,-
nso_0453_14118.fts,,
nso_0453_15204.fts,,
nso_0453_15210.fts,,-
nso_0453_16290.fts,,
nso_0453_16380.fts,,-
nso_0453_17376.fts,,
nso_0453_17550.fts,,-
nso_0453_18462.fts,,
nso_0453_18720.fts,,-
nso_0453_19548.fts,,
nso_0453_19890.fts,,-
nso_0453_20634.fts,,
nso_0453_21060.fts,,-
nso_0453_21720.fts,,
nso_0453_22230.fts,,-
nso_0453_23400.fts,,-
nso_0454_01139.fts,,-
nso_0454_02278.fts,,-
nso_0454_03417.fts,,-
nso_0454_04556.fts,,-
nso_0454_05695.fts,,-
nso_0454_06834.fts,,-
nso_0454_07973.fts,,-
nso_0454_09112.fts,,-
nso_0454_10251.fts,,-
nso_0454_11390.fts,,-
nso_0454_12529.fts,,-
nso_0454_13668.fts,,-
nso_0454_14807.fts,,-
nso_0454_15946.fts,,-
nso_0454_17085.fts,,-
nso_0454_18224.fts,,-
nso_0454_19363.fts,,-
nso_0454_20502.fts,,-
nso_0454_21641.fts,,-
nso_0454_22780.fts,,-
nso_0455_01194.fts,,-
nso_0455_02388.fts,,-
nso_0455_03582.fts,,-
nso_0455_04776.fts,,-
nso_0455_05970.fts,,-
nso_0455_07164.fts,,-
nso_0455_08358.fts,,-
nso_0455_09552.fts,,-
nso_0455_10746.fts,,-
nso_0455_11940.fts,,-
nso_0455_13134.fts,,-
nso_0455_14328.fts,,-
nso_0455_15522.fts,,-
nso_0455_16716.fts,,-
nso_0455_17910.fts,,-
nso_0455_19104.fts,,-
nso_0455_20298.fts,,-
nso_0455_21492.fts,,-
nso_0455_22686.fts,,-
nso_0455_23880.fts,,
nso_0456_01184.fts,,-
nso_0456_02368.fts,,-
nso_0456_03552.fts,,-
nso_0456_04736.fts,,-
nso_0456_05920.fts,,-
nso_0456_07104.fts,,-
nso_0456_08288.fts,,-
nso_0456_09472.fts,,-
nso_0456_10656.fts,,-
nso_0456_11840.fts,,-
nso_0456_13024.fts,,-
nso_0456_14208.fts,,-
nso_0456_15392.fts,,-
nso_0456_16576.fts,,-
nso_0456_17760.fts,,-
nso_0456_18944.fts,,-
nso_0456_20128.fts,,-
nso_0456_21312.fts,,-
nso_0456_22496.fts,,-
nso_0456_23680.fts,,-
nso_8083_00395.fts,,-
nso_8083_00790.fts,,-
nso_8083_01185.fts,,-
nso_8083_01580.fts,,-
nso_8083_01975.fts,,-
nso_8083_02370.fts,,-
nso_8083_02765.fts,,-
nso_8083_03160.fts,,-
nso_8083_03555.fts,,-
nso_8083_03950.fts,,-
nso_8083_04345.fts,,-
nso_8083_04740.fts,,-
nso_8083_05135.fts,,-
nso_8083_05530.fts,,-
nso_8083_05925.fts,,-
nso_8083_06320.fts,,-
nso_8083_06715.fts,,-
nso_8083_07110.fts,,-
nso_8083_07505.fts,,-
nso_8083_07900.fts,,-
nso_8086_00395.fts,,-
nso_8086_00790.fts,,-
nso_8086_01185.fts,,-
nso_8086_01580.fts,,-
nso_8086_01975.fts,,-
nso_8086_02370.fts,,-
nso_8086_02765.fts,,-
nso_8086_03160.fts,,-
nso_8086_03555.fts,,-
nso_8086_03950.fts,,-
nso_8086_04345.fts,,-
nso_8086_04740.fts,,-
nso_8086_05135.fts,,-
nso_8086_05530.fts,,-
nso_8086_05925.fts,,-
nso_8086_06320.fts,,-
nso_8086_06715.fts,,-
nso_8086_07110.fts,,-
nso_8086_07505.fts,,-
nso_8086_07900.fts,,-
nso_8087_00400.fts,,-
nso_8087_00800.fts,,-
nso_8087_01200.fts,,-
nso_8087_01600.fts,,-
nso_8087_02000.fts,,-
nso_8087_02400.fts,,-
nso_8087_02800.fts,,-
nso_8087_03200.fts,,-
nso_8087_03600.fts,,-
nso_8087_04000.fts,,-
nso_8087_04400.fts,,-
nso_8087_04800.fts,,-
nso_8087_05200.fts,,-
nso_8087_05600.fts,,-
nso_8087_06000.fts,,-
nso_8087_06400.fts,,-
nso_8087_06800.fts,,-
nso_8087_07200.fts,,-
nso_8087_07600.fts,,-
nso_8087_08025.fts,,-
nso_8090_00402.fts,,-
nso_8090_00804.fts,,
nso_8090_01206.fts,,
nso_8090_01608.fts,,
nso_8090_02010.fts,,
nso_8090_02412.fts,,
nso_8090_02814.fts,,
nso_8090_03216.fts,,
nso_8090_03618.fts,,
nso_8090_04020.fts,,-
nso_8090_04422.fts,,-
nso_8090_04824.fts,,-
nso_8090_05226.fts,,-
nso_8090_05628.fts,,-
nso_8090_06030.fts,,-
nso_8090_06432.fts,,-
nso_8090_06834.fts,,-
nso_8090_07236.fts,,-
nso_8090_07638.fts,,-
nso_8090_08040.fts,,-
nso_8091_00401.fts,,-
nso_8091_00802.fts,,-
nso_8091_01203.fts,,-
nso_8091_01604.fts,,-
nso_8091_02005.fts,,-
nso_8091_02406.fts,,-
nso_8091_02807.fts,,-
nso_8091_03208.fts,,-
nso_8091_03609.fts,,-
nso_8091_04010.fts,,-
nso_8091_04411.fts,,-
nso_8091_04812.fts,,-
nso_8091_05213.fts,,-
nso_8091_05614.fts,,-
nso_8091_06015.fts,,-
nso_8091_06416.fts,,-
nso_8091_06817.fts,,-
nso_8091_07218.fts,,-
nso_8091_07619.fts,,-
nso_8091_08020.fts,,-
nso_8092_00345.fts,,-
nso_8092_00690.fts,,-
nso_8092_01035.fts,,-
nso_8092_01380.fts,,-
nso_8092_01725.fts,,-
nso_8092_02070.fts,,-
nso_8092_02415.fts,,-
nso_8092_02760.fts,,-
nso_8092_03105.fts,,-
nso_8092_03450.fts,,-
nso_8092_03795.fts,,-
nso_8092_04140.fts,,-
nso_8092_04485.fts,,-
nso_8092_04830.fts,,-
nso_8092_05175.fts,,-
nso_8092_05520.fts,,-
nso_8092_05865.fts,,-
nso_8092_06210.fts,,-
nso_8092_06555.fts,,-
nso_8092_06900.fts,,-
nso_8093_00344.fts,,-
nso_8093_00688.fts,,-
nso_8093_01032.fts,,-
nso_8093_01376.fts,,-
nso_8093_01720.fts,,-
nso_8093_02064.fts,,-
nso_8093_02408.fts,,-
nso_8093_02752.fts,,-
nso_8093_03096.fts,,-
nso_8093_03440.fts,,-
nso_8093_03784.fts,,-
nso_8093_04128.fts,,-
nso_8093_04472.fts,,-
nso_8093_04816.fts,,-
nso_8093_05160.fts,,-
nso_8093_05504.fts,,-
nso_8093_05848.fts,,-
nso_8093_06192.fts,,-
nso_8093_06536.fts,,-
nso_8093_06880.fts,,-
nso_8094_00393.fts,,-
nso_8094_00786.fts,,-
nso_8094_01179.fts,,-
nso_8094_01572.fts,,-
nso_8094_01965.fts,,-
nso_8094_02358.fts,,-
nso_8094_02751.fts,,-
nso_8094_03144.fts,,-
nso_8094_03537.fts,,-
nso_8094_03930.fts,,-
nso_8094_04323.fts,,-
nso_8094_04716.fts,,-
nso_8094_05109.fts,,-
nso_8094_05502.fts,,-
nso_8094_05895.fts,,-
nso_8094_06288.fts,,-
nso_8094_06681.fts,,-
nso_8094_07074.fts,,-
nso_8094_07467.fts,,-
nso_8094_07860.fts,,-
nso_8095_00396.fts,,-
nso_8095_00797.fts,,-
nso_8095_01193.fts,,-
nso_8095_01589.fts,,-
nso_8095_01985.fts,,-
nso_8095_02381.fts,,-
nso_8095_02777.fts,,-
nso_8095_03173.fts,,-
nso_8095_03569.fts,,-
nso_8095_03965.fts,,-
nso_8095_04361.fts,,-
nso_8095_04757.fts,,-
nso_8095_05153.fts,,-
nso_8095_05549.fts,,-
nso_8095_05945.fts,,-
nso_8095_06341.fts,,-
nso_8095_06737.fts,,-
nso_8095_07133.fts,,-
nso_8095_07529.fts,,-
nso_8095_07925.fts,,-
nso_8096_00401.fts,,-
nso_8096_00802.fts,,-
nso_8096_01203.fts,,-
nso_8096_01604.fts,,-
nso_8096_02005.fts,,-
nso_8096_02406.fts,,-
nso_8096_02807.fts,,-
nso_8096_03208.fts,,-
nso_8096_03609.fts,,-
nso_8096_04010.fts,,-
nso_8096_04411.fts,,-
nso_8096_04812.fts,,-
nso_8096_05213.fts,,-
nso_8096_05614.fts,,-
nso_8096_06015.fts,,-
nso_8096_06416.fts,,-
nso_8096_06817.fts,,-
nso_8096_07218.fts,,-
nso_8096_07619.fts,,-
nso_8096_08020.fts,,
nso_8098_00397.fts,,-
nso_8098_00794.fts,,-
nso_8098_01191.fts,,-
nso_8098_01588.fts,,-
nso_8098_01985.fts,,-
nso_8098_02382.fts,,-
nso_8098_02779.fts,,-
nso_8098_03176.fts,,-
nso_8098_03573.fts,,-
nso_8098_03970.fts,,-
nso_8098_04367.fts,,-
nso_8098_04764.fts,,-
nso_8098_05161.fts,,-
nso_8098_05558.fts,,-
nso_8098_05955.fts,,-
nso_8098_06352.fts,,-
nso_8098_06749.fts,,-
nso_8098_07146.fts,,-
nso_8098_07543.fts,,
nso_8098_07940.fts,,
nso_8099_00397.fts,,-
nso_8099_00794.fts,,-
nso_8099_01191.fts,,-
nso_8099_01588.fts,,-
nso_8099_01985.fts,,-
nso_8099_02382.fts,,-
nso_8099_02779.fts,,-
nso_8099_03176.fts,,-
nso_8099_03573.fts,,-
nso_8099_03970.fts,,-
nso_8099_04367.fts,,-
nso_8099_04764.fts,,-
nso_8099_05161.fts,,-
nso_8099_05558.fts,,-
nso_8099_05955.fts,,-
nso_8099_06352.fts,,-
nso_8099_06749.fts,,-
nso_8099_07146.fts,,-
nso_8099_07543.fts,,-
nso_8099_07940.fts,,-
nso_8100_00397.fts,,-
nso_8100_00794.fts,,-
nso_8100_01191.fts,,-
nso_8100_01588.fts,,-
nso_8100_01985.fts,,-
nso_8100_02382.fts,,
nso_8100_02779.fts,,-
nso_8100_03176.fts,,-
nso_8100_03573.fts,,
nso_8100_03970.fts,,
nso_8100_04367.fts,,-
nso_8100_04764.fts,,-
nso_8100_05161.fts,,-
nso_8100_05558.fts,,-
nso_8100_05955.fts,,-
nso_8100_06352.fts,,-
nso_8100_06749.fts,,-
nso_8100_07146.fts,,-
nso_8100_07543.fts,,-
nso_8100_07940.fts,,
nso_8101_00396.fts,,-
nso_8101_00792.fts,,-
nso_8101_01188.fts,,-
nso_8101_01584.fts,,-
nso_8101_01980.fts,,-
nso_8101_02376.fts,,-
nso_8101_02772.fts,,-
nso_8101_03168.fts,,-
nso_8101_03564.fts,,-
nso_8101_03960.fts,,
nso_8101_04356.fts,,
nso_8101_04752.fts,,
nso_8101_05148.fts,,
nso_8101_05544.fts,,
nso_8101_05940.fts,,
nso_8101_06336.fts,,
nso_8101_06732.fts,,-
nso_8101_07128.fts,,-
nso_8101_07524.fts,,-
nso_8101_07920.fts,,
nso_8102_00396.fts,,-
nso_8102_00792.fts,,-
nso_8102_01188.fts,,-
nso_8102_01584.fts,,-
nso_8102_01980.fts,,-
nso_8102_02376.fts,,-
nso_8102_02772.fts,,-
nso_8102_03168.fts,,-
nso_8102_03564.fts,,-
nso_8102_03960.fts,,-
nso_8102_04356.fts,,-
nso_8102_04752.fts,,-
nso_8102_05148.fts,,-
nso_8102_05544.fts,,-
nso_8102_05940.fts,,-
nso_8102_06336.fts,,-
nso_8102_06732.fts,,-
nso_8102_07128.fts,,-
nso_8102_07524.fts,,-
nso_8102_07920.fts,,-
nso_8104_00401.fts,,-
nso_8104_00802.fts,,-
nso_8104_01203.fts,,-
nso_8104_01604.fts,,-
nso_8104_02005.fts,,-
nso_8104_02406.fts,,-
nso_8104_02807.fts,,-
nso_8104_03208.fts,,-
nso_8104_03609.fts,,-
nso_8104_04010.fts,,-
nso_8104_04411.fts,,-
nso_8104_04812.fts,,-
nso_8104_05213.fts,,-
nso_8104_05614.fts,,-
nso_8104_06015.fts,,-
nso_8104_06416.fts,,-
nso_8104_06817.fts,,
nso_8104_07218.fts,,-
nso_8104_07619.fts,,-
nso_8104_08020.fts,,
nso_8105_00399.fts,,-
nso_8105_00798.fts,,-
nso_8105_01197.fts,,-
nso_8105_01596.fts,,-
nso_8105_01995.fts,,-
nso_8105_02394.fts,,-
nso_8105_02793.fts,,-
nso_8105_03192.fts,,-
nso_8105_03591.fts,,-
nso_8105_03990.fts,,-
nso_8105_04389.fts,,-
nso_8105_04788.fts,,-
nso_8105_05187.fts,,-
nso_8105_05586.fts,,-
nso_8105_05985.fts,,-
nso_8105_06384.fts,,-
nso_8105_06783.fts,,-
nso_8105_07182.fts,,-
nso_8105_07581.fts,,-
nso_8105_07980.fts,,
nso_8111_00119.fts,,-
nso_8111_00238.fts,,-
nso_8111_00357.fts,,-
nso_8111_00476.fts,,-
nso_8111_00595.fts,,-
nso_8111_00714.fts,,-
nso_8111_00833.fts,,-
nso_8111_00952.fts,,-
nso_8111_01071.fts,,-
nso_8111_01190.fts,,-
nso_8111_01309.fts,,-
nso_8111_01428.fts,,-
nso_8111_01547.fts,,-
nso_8111_01666.fts,,-
nso_8111_01785.fts,,-
nso_8111_01904.fts,,-
nso_8111_02023.fts,,-
nso_8111_02142.fts,,-
nso_8111_02261.fts,,-
