ID,rell_number,rell_number_lable
nso_0233_00786.fts,"(729, 170, 762, 283)",FL7337
nso_0233_01572.fts,"(737, 196, 762, 286)",FL7337
nso_0233_02359.fts,"(738, 189, 763, 286)",FL7338
nso_0233_03145.fts,"(736, 180, 761, 281)",FL7338
nso_0233_03931.fts,"(732, 187, 765, 279)",FL7338
nso_0233_04723.fts,"(738, 183, 764, 285)",FL7339
nso_0233_05509.fts,"(730, 180, 760, 274)",FL7339
nso_0233_06295.fts,"(736, 186, 758, 274)",FL7339
nso_0233_07081.fts,"(737, 239, 761, 332)",FL7339
nso_0233_07867.fts,"(737, 189, 763, 282)",FL7339
nso_0233_08653.fts,"(732, 182, 761, 292)",FL7340
nso_0233_09439.fts,"(732, 191, 763, 288)",FL7340
nso_0233_10225.fts,"(731, 203, 758, 291)",FL7340
nso_0233_11011.fts,"(731, 203, 758, 291)",FL7340
nso_0233_11797.fts,"(735, 194, 763, 283)",FL7340
nso_0233_12583.fts,"(736, 187, 760, 283)",FL7340
nso_0233_13369.fts,"(735, 195, 760, 290)",FL7340
nso_0233_14155.fts,"(731, 193, 758, 289)",FL7340
nso_0233_14941.fts,"(730, 188, 758, 285)",FL7340
nso_0233_15727.fts,"(731, 179, 760, 292)",FL7340
nso_0234_00760.fts,"(734, 181, 760, 271)",FL7341
nso_0234_01520.fts,"(736, 184, 760, 284)",FL7341
nso_0234_02280.fts,"(734, 178, 760, 283)",FL7341
nso_0234_03040.fts,"(734, 186, 761, 281)",FL7341
nso_0234_03800.fts,"(730, 187, 758, 284)",FL7341
nso_0234_04560.fts,"(732, 187, 759, 279)",FL7341
nso_0234_05320.fts,"(735, 192, 759, 288)",FL7341
nso_0234_06080.fts,"(735, 183, 760, 276)",FL7341
nso_0234_06840.fts,"(736, 193, 764, 294)",FL7341
nso_0234_07600.fts,"(732, 186, 763, 289)",FL7341
nso_0234_08360.fts,"(733, 182, 758, 291)",FL7341
nso_0234_09120.fts,"(735, 189, 758, 285)",FL7342
nso_0234_09880.fts,"(736, 181, 759, 291)",FL7342
nso_0234_10640.fts,"(737, 187, 756, 282)",FL7342
nso_0234_11400.fts,"(734, 216, 762, 301)",FL7342
nso_0234_12160.fts,"(732, 188, 761, 284)",FL7342
nso_0234_12920.fts,"(734, 183, 761, 289)",FL7342
nso_0234_13680.fts,"(737, 187, 762, 283)",FL7342
nso_0234_14440.fts,"(734, 187, 762, 283)",FL7342
nso_0234_15200.fts,,
nso_0235_00773.fts,"(740, 195, 761, 309)",FL7343
nso_0235_01546.fts,"(745, 192, 767, 307)",FL7343
nso_0235_02319.fts,"(735, 187, 765, 294)",FL7344
nso_0235_03092.fts,"(737, 174, 764, 287)",FL7344
nso_0235_03865.fts,"(740, 179, 768, 293)",FL7344
nso_0235_04638.fts,"(735, 186, 766, 298)",FL7345
nso_0235_05411.fts,"(738, 192, 765, 301)",FL7345
nso_0235_06184.fts,"(735, 178, 765, 295)",FL7345
nso_0235_06957.fts,"(737, 187, 765, 299)",FL7346
nso_0235_07730.fts,"(737, 184, 764, 294)",FL7346
nso_0235_08503.fts,"(736, 181, 765, 287)",FL7346
nso_0235_09276.fts,"(730, 176, 763, 303)",FL7347
nso_0235_10049.fts,"(729, 176, 759, 308)",FL7347
nso_0235_10822.fts,"(729, 162, 763, 291)",FL7347
nso_0235_11595.fts,"(731, 192, 764, 304)",FL7348
nso_0235_12368.fts,"(728, 190, 762, 299)",FL7348
nso_0235_13141.fts,"(730, 182, 761, 299)",FL7348
nso_0235_13914.fts,"(733, 176, 763, 282)",FL7349
nso_0235_14687.fts,"(733, 174, 760, 284)",FL7349
nso_0235_15460.fts,"(733, 168, 762, 286)",FL7349
nso_0236_00888.fts,"(734, 197, 760, 306)",FL7350
nso_0236_01776.fts,"(732, 191, 760, 298)",FL7350
nso_0236_02664.fts,,FL7350
nso_0236_03552.fts,"(734, 188, 763, 295)",FL7351
nso_0236_04440.fts,"(735, 209, 763, 307)",FL7352
nso_0236_05328.fts,"(740, 193, 761, 295)",FL7352
nso_0236_06216.fts,"(735, 187, 765, 309)",FL7352
nso_0236_07104.fts,"(731, 196, 759, 302)",FL7353
nso_0236_07992.fts,"(733, 196, 760, 304)",FL7353
nso_0236_08880.fts,"(730, 181, 758, 293)",FL7354
nso_0236_09771.fts,"(732, 192, 761, 298)",FL7354
nso_0236_10659.fts,"(733, 198, 762, 306)",FL7354
nso_0236_11547.fts,"(738, 220, 769, 325)",FL7355
nso_0236_12435.fts,"(738, 213, 764, 323)",FL7355
nso_0236_13323.fts,"(734, 225, 762, 326)",FL7355
nso_0236_14211.fts,"(731, 190, 757, 298)",FL7356
nso_0236_15099.fts,"(733, 199, 759, 306)",FL7356
nso_0236_15987.fts,"(734, 195, 763, 304)",FL7357
nso_0236_16875.fts,"(731, 194, 760, 300)",FL7357
nso_0236_17763.fts,"(731, 185, 761, 292)",FL7357
nso_0237_00761.fts,"(733, 185, 759, 284)",FL7358
nso_0237_01522.fts,"(733, 195, 758, 302)",FL7358
nso_0237_02283.fts,"(732, 183, 761, 293)",FL7358
nso_0237_03044.fts,"(734, 190, 759, 298)",FL7359
nso_0237_03805.fts,"(732, 200, 760, 310)",FL7359
nso_0237_04566.fts,"(736, 190, 761, 288)",FL7360
nso_0237_05327.fts,"(733, 210, 759, 314)",FL7360
nso_0237_06088.fts,"(738, 213, 759, 313)",FL7360
nso_0237_06849.fts,"(734, 195, 761, 299)",FL7361
nso_0237_07610.fts,"(734, 186, 768, 294)",FL7361
nso_0237_08371.fts,"(737, 191, 761, 294)",FL7361
nso_0237_09132.fts,"(735, 199, 767, 303)",FL7362
nso_0237_09893.fts,"(737, 198, 762, 298)",FL7362
nso_0237_10654.fts,"(731, 197, 759, 311)",FL7362
nso_0237_11415.fts,"(735, 186, 767, 291)",FL7363
nso_0237_12176.fts,"(738, 195, 766, 300)",FL7363
nso_0237_12937.fts,"(738, 190, 764, 291)",FL7363
nso_0237_13698.fts,"(737, 187, 765, 282)",FL7364
nso_0237_14459.fts,"(736, 178, 764, 286)",FL7364
nso_0237_15220.fts,"(738, 184, 765, 295)",FL7364
nso_0238_00950.fts,"(732, 183, 763, 290)",FL7365
nso_0238_01900.fts,"(731, 173, 762, 272)",FL7365
nso_0238_02850.fts,"(732, 177, 767, 280)",FL7366
nso_0238_03800.fts,"(735, 188, 760, 295)",FL7366
nso_0238_04750.fts,"(734, 170, 765, 271)",FL7367
nso_0238_05700.fts,"(734, 158, 765, 267)",FL7367
nso_0238_06650.fts,"(736, 196, 764, 292)",FL7368
nso_0238_07600.fts,"(736, 196, 766, 292)",FL7368
nso_0238_08550.fts,"(732, 202, 759, 297)",FL7369
nso_0238_09500.fts,"(734, 197, 760, 293)",FL7369
nso_0238_10450.fts,"(735, 201, 761, 301)",FL7369
nso_0238_11400.fts,"(734, 192, 761, 297)",FL7370
nso_0238_12350.fts,"(736, 204, 761, 307)",FL7370
nso_0238_13300.fts,"(735, 201, 752, 311)",FL7371
nso_0238_14250.fts,"(735, 196, 760, 303)",FL7371
nso_0238_15200.fts,"(735, 221, 762, 305)",FL7372
nso_0238_16150.fts,"(735, 209, 763, 297)",FL7372
nso_0238_17100.fts,"(737, 218, 758, 311)",FL7373
nso_0238_18050.fts,"(735, 214, 762, 307)",FL7373
nso_0239_00836.fts,"(731, 201, 765, 303)",FL7374
nso_0239_01672.fts,"(730, 204, 759, 301)",FL7374
nso_0239_02508.fts,"(732, 196, 759, 305)",FL7375
nso_0239_03344.fts,"(731, 192, 760, 306)",FL7375
nso_0239_04180.fts,"(724, 201, 767, 313)",FL7376
nso_0239_05016.fts,"(735, 198, 762, 298)",FL7376
nso_0239_05852.fts,"(731, 187, 763, 294)",FL7376
nso_0239_06688.fts,"(730, 200, 764, 311)",FL7377
nso_0239_07524.fts,"(705, 219, 732, 319)",FL7377
nso_0239_08360.fts,"(708, 197, 732, 285)",FL7378
nso_0239_09196.fts,"(705, 190, 726, 285)",FL7378
nso_0239_10032.fts,"(707, 185, 729, 279)",FL7378
nso_0239_10868.fts,"(737, 201, 762, 305)",FL73769
nso_0239_11704.fts,"(735, 204, 757, 306)",FL73769
nso_0239_12540.fts,"(736, 206, 758, 302)",FL73769
nso_0239_13376.fts,"(735, 196, 760, 296)",FL73780
nso_0239_14212.fts,"(734, 189, 762, 290)",FL73780
nso_0239_15048.fts,"(731, 187, 765, 286)",FL73781
nso_0239_15884.fts,"(736, 201, 759, 301)",FL73781
nso_0239_16720.fts,"(738, 192, 763, 293)",FL73781
nso_0240_00903.fts,"(732, 195, 757, 292)",FL73782
nso_0240_01806.fts,"(733, 195, 758, 293)",FL73782
nso_0240_02709.fts,"(735, 190, 760, 290)",FL7383
nso_0240_03612.fts,"(732, 193, 758, 290)",FL7383
nso_0240_04515.fts,"(733, 194, 759, 295)",FL7383
nso_0240_05418.fts,"(731, 198, 759, 298)",FL7384
nso_0240_06321.fts,"(731, 206, 757, 310)",FL7384
nso_0240_07224.fts,"(734, 211, 757, 308)",FL7385
nso_0240_08127.fts,"(736, 216, 759, 317)",FL7385
nso_0240_09030.fts,"(736, 206, 758, 307)",FL7385
nso_0240_09933.fts,"(733, 209, 763, 310)",FL7386
nso_0240_10836.fts,"(736, 195, 760, 294)",FL7386
nso_0240_11739.fts,"(733, 195, 759, 299)",FL7387
nso_0240_12642.fts,"(731, 204, 754, 305)",FL7387
nso_0240_13545.fts,"(734, 199, 755, 302)",FL7387
nso_0240_14448.fts,"(732, 211, 759, 309)",FL7388
nso_0240_15351.fts,"(732, 205, 758, 303)",FL7388
nso_0240_16254.fts,"(732, 1, 759, 73)",FL7388
nso_0240_17157.fts,"(735, 188, 760, 289)",FL7388
nso_0240_18060.fts,,FL7388
nso_0241_00933.fts,"(703, 192, 726, 292)",FL7390
nso_0241_01867.fts,"(704, 203, 727, 301)",FL7390
nso_0241_02800.fts,"(709, 206, 726, 303)",FL7391
nso_0241_03733.fts,"(736, 194, 760, 290)",FL7391
nso_0241_04666.fts,"(732, 184, 759, 303)",FL7392
nso_0241_05599.fts,"(738, 192, 763, 309)",FL7392
nso_0241_06532.fts,"(744, 208, 766, 307)",FL7393
nso_0241_07465.fts,"(734, 200, 759, 308)",FL7393
nso_0241_08398.fts,"(740, 201, 764, 290)",FL7394
nso_0241_09331.fts,"(740, 221, 767, 311)",FL7394
nso_0241_10264.fts,"(748, 218, 768, 308)",FL7394
nso_0241_11197.fts,"(745, 194, 767, 314)",FL7395
nso_0241_12130.fts,"(747, 193, 768, 311)",FL7395
nso_0241_13063.fts,"(741, 215, 767, 308)",FL7396
nso_0241_13996.fts,"(746, 211, 768, 303)",FL7396
nso_0241_14929.fts,"(744, 211, 769, 303)",FL7397
nso_0241_15862.fts,"(743, 216, 767, 309)",FL7397
nso_0241_16795.fts,"(744, 214, 769, 311)",FL7398
nso_0241_17728.fts,"(747, 202, 766, 290)",FL7398
nso_0241_18661.fts,,FL7398
nso_0242_00949.fts,"(744, 212, 764, 303)",FL7399
nso_0242_01898.fts,"(745, 216, 766, 303)",FL7399
nso_0242_02847.fts,"(743, 204, 766, 295)",FL7400
nso_0242_03798.fts,"(737, 215, 766, 309)",FL7400
nso_0242_04747.fts,"(744, 224, 767, 316)",FL7401
nso_0242_05696.fts,"(744, 210, 767, 297)",FL7401
nso_0242_06645.fts,"(738, 184, 767, 282)",FL7402
nso_0242_07594.fts,"(739, 198, 765, 298)",FL7402
nso_0242_08543.fts,"(739, 213, 762, 313)",FL7402
nso_0242_09492.fts,,
nso_0242_10441.fts,"(731, 170, 761, 272)",FL7403
nso_0242_11390.fts,"(736, 179, 763, 288)",FL7404
nso_0242_12339.fts,"(733, 178, 762, 284)",FL7404
nso_0242_13288.fts,"(735, 198, 759, 296)",FL7405
nso_0242_14237.fts,"(731, 207, 760, 306)",FL7405
nso_0242_15186.fts,"(739, 205, 764, 292)",FL7405
nso_0242_16135.fts,"(738, 209, 762, 294)",FL7405
nso_0242_17087.fts,"(732, 218, 758, 307)",FL7407
nso_0242_18036.fts,"(733, 202, 757, 294)",FL7407
nso_0242_18985.fts,,
nso_0243_00810.fts,"(735, 207, 762, 291)",FL7406
nso_0243_01620.fts,"(741, 212, 766, 298)",FL7408
nso_0243_02430.fts,"(737, 213, 764, 308)",FL7409
nso_0243_03240.fts,"(735, 207, 764, 301)",FL7409
nso_0243_04050.fts,"(730, 208, 761, 296)",FL7409
nso_0243_04860.fts,"(739, 185, 761, 292)",FL7410
nso_0243_05670.fts,"(738, 194, 762, 315)",FL7410
nso_0243_06480.fts,"(741, 212, 766, 310)",FL7411
nso_0243_07290.fts,"(740, 205, 766, 297)",FL7411
nso_0243_08100.fts,"(736, 208, 761, 300)",FL7411
nso_0243_08910.fts,,
nso_0243_09720.fts,,
nso_0243_10530.fts,"(739, 218, 763, 327)",FL7413
nso_0243_11340.fts,"(738, 171, 764, 280)",FL7413
nso_0243_12150.fts,"(736, 214, 765, 312)",FL7414
nso_0243_12960.fts,"(741, 208, 765, 306)",FL7414
nso_0243_13770.fts,"(741, 208, 765, 306)",FL7415
nso_0243_14580.fts,"(739, 195, 763, 305)",FL7415
nso_0243_15390.fts,"(738, 195, 761, 307)",FL7415
nso_0243_16200.fts,"(737, 202, 760, 308)",FL7415
nso_0244_00754.fts,"(739, 198, 767, 298)",FL7416
nso_0244_01508.fts,"(736, 198, 764, 300)",FL7416
nso_0244_02262.fts,"(736, 195, 764, 310)",FL7417
nso_0244_03016.fts,"(733, 193, 764, 306)",FL7417
nso_0244_03770.fts,"(734, 179, 763, 298)",FL7417
nso_0244_04524.fts,"(742, 172, 760, 292)",FL7418
nso_0244_05278.fts,"(727, 130, 757, 230)",FL7418
nso_0244_06032.fts,"(731, 196, 760, 298)",FL7418
nso_0244_06786.fts,"(738, 195, 765, 295)",FL7418
nso_0244_07541.fts,"(743, 257, 764, 364)",FL7419
nso_0244_08295.fts,"(737, 185, 764, 289)",FL7419
nso_0244_09050.fts,"(739, 175, 767, 283)",FL7419
nso_0244_09804.fts,"(734, 190, 763, 301)",FL7420
nso_0244_10558.fts,"(739, 210, 762, 304)",FL7421
nso_0244_11312.fts,"(740, 203, 763, 298)",FL7421
nso_0244_12066.fts,"(738, 204, 763, 304)",FL7421
nso_0244_12820.fts,"(739, 210, 764, 300)",FL7421
nso_0244_13574.fts,"(736, 218, 763, 306)",FL7422
nso_0244_14329.fts,"(736, 209, 766, 301)",FL7422
nso_0244_15083.fts,"(738, 221, 762, 310)",FL7422
nso_0245_00751.fts,"(745, 264, 765, 361)",FL7423
nso_0245_01502.fts,"(745, 209, 767, 306)",
nso_0245_02253.fts,"(742, 204, 766, 307)",FL7423
nso_0245_03004.fts,"(743, 199, 766, 301)",FL7423
nso_0245_03755.fts,"(736, 204, 764, 305)",FL7423
nso_0245_04506.fts,"(738, 205, 764, 303)",
nso_0245_05257.fts,"(737, 202, 764, 303)",FL7423
nso_0245_06008.fts,"(740, 205, 766, 305)",FL7423
nso_0245_06759.fts,"(738, 169, 766, 271)",
nso_0245_07510.fts,"(739, 182, 765, 290)",FL7423
nso_0245_08261.fts,"(739, 206, 769, 292)",FL7424
nso_0245_09012.fts,"(738, 197, 767, 285)",FL7424
nso_0245_09763.fts,"(746, 214, 766, 300)",FL7424
nso_0245_10514.fts,"(746, 208, 767, 297)",FL7424
nso_0245_11265.fts,"(744, 209, 765, 294)",
nso_0245_12016.fts,"(738, 215, 762, 301)",FL7424
nso_0245_12767.fts,"(740, 216, 763, 302)",FL7424
nso_0245_13518.fts,"(738, 220, 764, 307)",FL7424
nso_0245_14269.fts,"(738, 212, 766, 297)",FL7424
nso_0245_15020.fts,"(734, 213, 764, 300)",FL7424
nso_0246_00798.fts,"(731, 180, 766, 294)",FL7425
nso_0246_01596.fts,"(741, 209, 762, 304)",FL7425
nso_0246_02394.fts,"(736, 203, 763, 305)",FL7425
nso_0246_03192.fts,"(738, 200, 764, 305)",FL7425
nso_0246_03990.fts,"(736, 182, 760, 287)",FL7425
nso_0246_04788.fts,"(744, 200, 764, 300)",FL7425
nso_0246_05586.fts,"(738, 189, 762, 299)",-
nso_0246_06384.fts,"(735, 198, 761, 302)",FL7425
nso_0246_07182.fts,"(734, 179, 765, 282)",-
nso_0246_07980.fts,"(737, 171, 765, 277)",FL7426
nso_0246_08778.fts,"(737, 190, 764, 300)",FL7426
nso_0246_09576.fts,"(734, 194, 766, 301)",-
nso_0246_10374.fts,"(738, 197, 762, 305)",FL7426
nso_0246_11172.fts,"(736, 169, 763, 284)",-
nso_0246_11970.fts,"(743, 186, 764, 287)",-
nso_0246_12768.fts,"(731, 194, 762, 306)",-
nso_0246_13566.fts,"(736, 195, 765, 297)",-
nso_0246_14364.fts,"(739, 179, 767, 280)",FL7427
nso_0246_15162.fts,"(739, 174, 765, 276)",FL7427
nso_0246_15960.fts,"(744, 126, 768, 238)",FL7427
nso_0247_00880.fts,"(747, 204, 767, 302)",FL7428
nso_0247_01760.fts,"(746, 212, 768, 305)",FL7428
nso_0247_02640.fts,"(746, 224, 769, 321)",FL7428
nso_0247_03520.fts,"(747, 214, 768, 302)",FL7429
nso_0247_04400.fts,"(746, 221, 771, 307)",FL7429
nso_0247_05280.fts,"(746, 204, 769, 311)",FL7430
nso_0247_06160.fts,"(742, 215, 769, 313)",FL7430
nso_0247_07040.fts,"(746, 214, 768, 317)",FL7430
nso_0247_07920.fts,"(747, 207, 771, 301)",FL7430
nso_0247_08800.fts,"(747, 219, 768, 319)",FL7430
nso_0247_09680.fts,"(747, 198, 770, 301)",FL7430
nso_0247_10560.fts,"(743, 210, 766, 312)",FL7430
nso_0247_11440.fts,"(749, 229, 769, 340)",FL7431
nso_0247_12320.fts,"(747, 207, 767, 312)",FL7431
nso_0247_13200.fts,"(742, 227, 767, 315)",FL7431
nso_0247_14080.fts,"(748, 211, 766, 299)",FL7431
nso_0247_14960.fts,"(741, 226, 761, 318)",FL7432
nso_0247_15840.fts,"(742, 210, 761, 322)",FL7432
nso_0247_16720.fts,"(738, 210, 760, 311)",FL7432
nso_0247_17600.fts,,
nso_0248_00916.fts,"(740, 203, 762, 312)",FL7433
nso_0248_01832.fts,"(737, 200, 764, 306)",FL7433
nso_0248_02748.fts,"(741, 197, 767, 304)",FL7433
nso_0248_03664.fts,"(736, 202, 764, 314)",FL7433
nso_0248_04580.fts,"(740, 207, 764, 315)",FL7433
nso_0248_05496.fts,"(741, 195, 762, 301)",FL7433
nso_0248_06412.fts,"(736, 202, 763, 308)",FL7433
nso_0248_07328.fts,"(733, 214, 762, 311)",FL7434
nso_0248_08244.fts,"(750, 210, 768, 309)",FL7434
nso_0248_09160.fts,"(748, 205, 769, 319)",FL7434
nso_0248_10076.fts,"(751, 227, 766, 321)",FL7434
nso_0248_10992.fts,"(752, 223, 772, 311)",FL7434
nso_0248_11908.fts,"(750, 205, 770, 305)",FL7434
nso_0248_12824.fts,"(751, 208, 771, 303)",FL7434
nso_0248_13740.fts,"(745, 210, 771, 310)",FL7434
nso_0248_14656.fts,"(750, 216, 768, 314)",FL7435
nso_0248_15572.fts,"(752, 174, 769, 278)",FL7435
nso_0248_16488.fts,"(752, 196, 773, 292)",FL7435
nso_0248_17404.fts,"(751, 199, 774, 299)",FL7435
nso_0248_18320.fts,"(748, 213, 768, 304)",FL7435
nso_0249_00869.fts,"(749, 205, 767, 308)",FL7435
nso_0249_01738.fts,"(747, 204, 768, 313)",FL7435
nso_0249_02607.fts,"(748, 206, 768, 305)",FL7435
nso_0249_03476.fts,"(745, 210, 767, 307)",FL7436
nso_0249_04345.fts,"(745, 212, 766, 311)",FL7436
nso_0249_05214.fts,"(737, 207, 762, 306)",FL7436
nso_0249_06083.fts,"(731, 208, 757, 312)",FL7436
nso_0249_06952.fts,"(727, 214, 753, 313)",FL7436
nso_0249_07821.fts,"(738, 200, 760, 300)",FL7436
nso_0249_08690.fts,"(731, 216, 755, 317)",FL7436
nso_0249_09559.fts,"(737, 209, 762, 312)",FL7436
nso_0249_10428.fts,"(735, 206, 765, 309)",FL7437
nso_0249_11297.fts,"(739, 207, 764, 309)",FL7437
nso_0249_12166.fts,"(739, 204, 767, 309)",FL7437
nso_0249_13035.fts,"(742, 202, 764, 307)",FL7437
nso_0249_13904.fts,"(741, 200, 761, 306)",FL7437
nso_0249_14773.fts,"(735, 201, 763, 307)",FL7437
nso_0249_15642.fts,"(735, 209, 761, 318)",FL7437
nso_0249_16511.fts,"(740, 187, 764, 294)",FL7437
nso_0249_17380.fts,"(735, 193, 762, 296)",FL7437
nso_0250_01087.fts,"(742, 214, 764, 321)",FL7438
nso_0250_02174.fts,"(741, 213, 764, 320)",FL7438
nso_0250_03261.fts,"(737, 192, 760, 297)",FL7438
nso_0250_04348.fts,"(738, 205, 761, 300)",FL7438
nso_0250_05435.fts,"(735, 185, 763, 291)",FL7438
nso_0250_06522.fts,"(737, 188, 762, 289)",FL7438
nso_0250_07609.fts,"(742, 204, 766, 297)",FL7439
nso_0250_08696.fts,"(742, 209, 766, 306)",FL7439
nso_0250_09783.fts,"(738, 205, 760, 308)",FL7439
nso_0250_10870.fts,"(742, 197, 768, 298)",FL7439
nso_0250_11957.fts,"(729, 196, 759, 298)",FL7439
nso_0250_13044.fts,"(737, 224, 759, 318)",FL7439
nso_0250_14131.fts,"(733, 218, 755, 312)",FL7439
nso_0250_15218.fts,"(742, 199, 764, 303)",FL7440
nso_0250_16305.fts,"(743, 191, 767, 294)",FL7440
nso_0250_17392.fts,"(744, 213, 766, 306)",FL7440
nso_0250_18479.fts,"(745, 206, 766, 313)",FL7440
nso_0250_19566.fts,"(738, 195, 764, 291)",FL7440
nso_0250_20653.fts,"(743, 203, 765, 299)",FL7440
nso_0250_21740.fts,"(745, 202, 767, 298)",FL7440
nso_0251_00979.fts,"(744, 203, 763, 299)",FL7441
nso_0251_01958.fts,"(750, 217, 767, 307)",FL7441
nso_0251_02937.fts,"(734, 214, 761, 309)",FL7441
nso_0251_03916.fts,"(741, 210, 764, 294)",FL7441
nso_0251_04895.fts,"(739, 212, 761, 305)",FL7441
nso_0251_05874.fts,"(728, 197, 754, 298)",FL7441
nso_0251_06853.fts,"(740, 212, 759, 308)",FL7441
nso_0251_07832.fts,"(740, 216, 764, 308)",FL7442
nso_0251_08811.fts,"(740, 214, 762, 309)",FL7442
nso_0251_09790.fts,"(738, 225, 767, 321)",FL7442
nso_0251_10769.fts,"(751, 203, 771, 299)",FL7442
nso_0251_11748.fts,"(753, 208, 770, 302)",FL7442
nso_0251_12727.fts,"(740, 221, 764, 311)",FL7442
nso_0251_13706.fts,"(738, 201, 759, 301)",FL7442
nso_0251_14685.fts,"(728, 206, 749, 303)",FL7443
nso_0251_15664.fts,"(738, 212, 763, 314)",FL7443
nso_0251_16643.fts,"(741, 204, 765, 302)",FL7443
nso_0251_17622.fts,"(737, 204, 764, 306)",FL7443
nso_0251_18601.fts,"(739, 215, 764, 307)",FL7443
nso_0251_19580.fts,"(741, 201, 763, 305)",FL7443
nso_0252_00818.fts,"(723, 198, 750, 297)",FL7443
nso_0252_01636.fts,"(742, 201, 767, 305)",FL7444
nso_0252_02454.fts,"(726, 197, 746, 309)",FL7444
nso_0252_03272.fts,"(736, 214, 761, 319)",FL7444
nso_0252_04090.fts,"(738, 39, 761, 126)",FL7444
nso_0252_04908.fts,"(740, 224, 763, 310)",FL7444
nso_0252_05726.fts,"(714, 194, 738, 282)",FL7444
nso_0252_06544.fts,"(733, 201, 752, 293)",FL7444
nso_0252_07362.fts,"(722, 190, 746, 274)",FL7444
nso_0252_08180.fts,"(725, 180, 744, 267)",FL7444
nso_0252_08998.fts,"(735, 185, 759, 274)",FL7445
nso_0252_09816.fts,"(738, 193, 759, 277)",FL7445
nso_0252_10634.fts,"(736, 196, 760, 285)",FL7445
nso_0252_11452.fts,"(732, 193, 757, 282)",FL7445
nso_0252_12270.fts,"(735, 177, 759, 265)",FL7445
nso_0252_13088.fts,"(734, 183, 759, 271)",FL7445
nso_0252_13906.fts,"(738, 188, 764, 274)",FL7445
nso_0252_14724.fts,"(735, 189, 763, 280)",FL7445
nso_0252_15542.fts,"(733, 192, 758, 275)",FL7445
nso_0252_16360.fts,,
nso_0253_00879.fts,"(738, 190, 763, 282)",FL7446
nso_0253_01758.fts,"(738, 204, 762, 298)",FL7446
nso_0253_02637.fts,"(740, 203, 763, 297)",FL7446
nso_0253_03516.fts,"(741, 216, 765, 307)",FL7446
nso_0253_04395.fts,"(751, 198, 769, 288)",FL7446
nso_0253_05274.fts,"(740, 218, 763, 312)",FL7446
nso_0253_06153.fts,"(720, 199, 744, 294)",FL7446
nso_0253_07032.fts,"(739, 201, 760, 287)",FL7447
nso_0253_07911.fts,"(741, 216, 761, 301)",FL7447
nso_0253_08790.fts,"(735, 233, 761, 315)",FL7447
nso_0253_09669.fts,"(744, 248, 765, 334)",FL7447
nso_0253_10548.fts,"(745, 251, 770, 335)",FL7447
nso_0253_11427.fts,"(753, 223, 771, 311)",FL7447
nso_0253_12306.fts,"(751, 238, 769, 324)",FL7447
nso_0253_13185.fts,"(752, 217, 770, 301)",FL7447
nso_0253_14064.fts,"(752, 240, 772, 326)",FL7447
nso_0253_14943.fts,"(755, 223, 770, 320)",FL7448
nso_0253_15822.fts,"(745, 212, 765, 312)",FL7448
nso_0253_16701.fts,"(739, 219, 765, 317)",FL7448
nso_0253_17580.fts,"(740, 206, 765, 304)",FL7448
nso_0254_00700.fts,,
nso_0254_01400.fts,,
nso_0254_02100.fts,,
nso_0254_02800.fts,"(744, 209, 769, 309)",FL7450
nso_0254_03500.fts,"(747, 346, 770, 445)",FL7450
nso_0254_04200.fts,"(748, 192, 770, 290)",FL7450
nso_0254_04900.fts,"(742, 212, 766, 311)",
nso_0254_05600.fts,"(743, 210, 767, 309)",FL7450
nso_0254_06300.fts,"(745, 216, 766, 311)",FL7450
nso_0254_07000.fts,"(743, 212, 768, 307)",FL7451
nso_0254_07700.fts,"(749, 212, 768, 306)",FL7451
nso_0254_08400.fts,"(749, 206, 766, 302)",
nso_0254_09100.fts,"(746, 194, 768, 297)",FL7452
nso_0254_09800.fts,"(746, 210, 768, 314)",FL7452
nso_0254_10500.fts,"(746, 211, 766, 312)",FL7452
nso_0254_11200.fts,"(746, 205, 767, 310)",FL7452
nso_0254_11900.fts,"(749, 217, 768, 318)",FL7452
nso_0254_12600.fts,"(747, 20, 769, 129)",FL7452
nso_0254_13300.fts,"(750, 208, 768, 307)",FL7452
nso_0254_14000.fts,"(746, 212, 766, 308)",FL7452
nso_0255_01025.fts,"(746, 229, 766, 327)",FL7453
nso_0255_02050.fts,"(746, 221, 767, 320)",FL7453
nso_0255_03075.fts,"(748, 220, 765, 320)",
nso_0255_04100.fts,"(747, 226, 767, 321)",FL7453
nso_0255_05125.fts,"(749, 220, 766, 318)",FL7453
nso_0255_06150.fts,"(748, 217, 768, 313)",FL7453
nso_0255_07175.fts,"(744, 229, 766, 327)",FL7454
nso_0255_08200.fts,"(749, 230, 767, 331)",FL7454
nso_0255_09225.fts,"(746, 215, 767, 310)",FL7454
nso_0255_10250.fts,"(745, 219, 766, 320)",FL7454
nso_0255_11275.fts,"(742, 225, 767, 320)",FL7454
nso_0255_12300.fts,"(740, 227, 760, 323)",FL7454
nso_0255_13325.fts,"(742, 235, 764, 331)",FL7454
nso_0255_14350.fts,"(713, 206, 734, 331)",FL7455
nso_0255_15376.fts,"(739, 225, 763, 324)",FL7455
nso_0255_16401.fts,"(739, 227, 763, 323)",FL7455
nso_0255_17426.fts,"(741, 223, 761, 327)",FL7455
nso_0255_18451.fts,"(744, 222, 764, 320)",FL7455
nso_0255_19476.fts,"(740, 228, 763, 325)",FL7455
nso_0255_20501.fts,"(741, 231, 764, 327)",FL7455
nso_0256_01054.fts,"(740, 223, 764, 327)",FL7456
nso_0256_02108.fts,"(746, 217, 766, 319)",FL7456
nso_0256_03162.fts,"(747, 221, 766, 319)",FL7456
nso_0256_04216.fts,"(739, 222, 763, 328)",FL7456
nso_0256_05270.fts,"(747, 209, 765, 311)",FL7456
nso_0256_06324.fts,"(742, 222, 763, 327)",FL7456
nso_0256_07378.fts,"(736, 221, 761, 323)",FL7457
nso_0256_08432.fts,"(736, 220, 762, 323)",FL7457
nso_0256_09486.fts,"(744, 222, 761, 319)",FL7457
nso_0256_10540.fts,"(738, 211, 764, 316)",FL7457
nso_0256_11594.fts,"(739, 222, 763, 321)",FL7457
nso_0256_12648.fts,"(737, 234, 765, 339)",FL7457
nso_0256_13702.fts,"(736, 218, 760, 317)",FL7457
nso_0256_14756.fts,"(741, 217, 763, 316)",FL7458
nso_0256_15810.fts,"(741, 222, 764, 324)",FL7458
nso_0256_16864.fts,"(737, 207, 764, 307)",FL7458
nso_0256_17918.fts,"(740, 223, 761, 320)",FL7458
nso_0256_18972.fts,"(739, 224, 761, 323)",FL7458
nso_0256_20026.fts,"(739, 214, 760, 311)",FL7458
nso_0256_21080.fts,"(737, 214, 763, 315)",FL7458
nso_0257_01063.fts,"(734, 229, 762, 327)",FL7459
nso_0257_02126.fts,"(736, 214, 763, 310)",FL7459
nso_0257_03189.fts,"(740, 208, 763, 306)",FL7459
nso_0257_04252.fts,"(737, 205, 759, 301)",FL7459
nso_0257_05315.fts,"(737, 225, 758, 318)",FL7459
nso_0257_06378.fts,"(735, 231, 759, 324)",FL7459
nso_0257_07441.fts,"(737, 231, 761, 316)",FL7460
nso_0257_08504.fts,"(733, 217, 760, 304)",FL7460
nso_0257_09567.fts,"(738, 227, 758, 314)",FL7460
nso_0257_10630.fts,"(732, 215, 758, 305)",FL7460
nso_0257_11693.fts,"(735, 215, 760, 301)",FL7460
nso_0257_12756.fts,"(739, 208, 763, 294)",FL7460
nso_0257_13819.fts,"(739, 216, 761, 303)",FL7460
nso_0257_14883.fts,"(739, 207, 761, 305)",FL7461
nso_0257_15946.fts,"(739, 209, 761, 306)",FL7461
nso_0257_17009.fts,"(737, 209, 760, 307)",FL7461
nso_0257_18072.fts,"(738, 218, 762, 313)",FL7461
nso_0257_19135.fts,"(736, 240, 760, 336)",FL7461
nso_0257_20198.fts,"(740, 207, 762, 307)",FL7461
nso_0257_21261.fts,,
nso_0258_01084.fts,"(734, 213, 758, 310)",FL7462
nso_0258_02168.fts,"(737, 220, 757, 312)",FL7462
nso_0258_03252.fts,"(738, 215, 762, 313)",FL7462
nso_0258_04336.fts,"(739, 222, 760, 317)",FL7462
nso_0258_05422.fts,"(737, 211, 763, 310)",FL7462
nso_0258_06506.fts,"(737, 218, 760, 314)",FL7462
nso_0258_07590.fts,"(742, 215, 760, 310)",FL7463
nso_0258_08674.fts,"(737, 206, 758, 306)",FL7463
nso_0258_09758.fts,"(741, 206, 764, 301)",FL7463
nso_0258_10842.fts,"(734, 212, 755, 313)",FL7463
nso_0258_11926.fts,"(733, 203, 757, 301)",FL7463
nso_0258_13010.fts,"(734, 193, 763, 293)",FL7463
nso_0258_14094.fts,"(735, 216, 762, 315)",FL7463
nso_0258_15178.fts,"(728, 213, 749, 306)",FL7464
nso_0258_16262.fts,"(739, 213, 766, 310)",FL7464
nso_0258_17346.fts,"(739, 209, 765, 304)",FL7464
nso_0258_18430.fts,"(738, 218, 761, 314)",FL7464
nso_0258_19514.fts,"(735, 209, 759, 304)",FL7464
nso_0258_20598.fts,"(738, 230, 761, 322)",FL7464
nso_0258_21682.fts,,
nso_0259_01076.fts,"(738, 210, 761, 309)",FL7465
nso_0259_02152.fts,"(738, 218, 760, 317)",FL7465
nso_0259_03228.fts,"(734, 202, 759, 299)",FL7465
nso_0259_04304.fts,"(736, 187, 760, 286)",FL7465
nso_0259_05380.fts,"(737, 199, 762, 293)",
nso_0259_06456.fts,"(733, 204, 760, 306)",FL7465
nso_0259_07532.fts,"(734, 216, 758, 313)",FL7466
nso_0259_08608.fts,"(736, 216, 757, 309)",
nso_0259_09684.fts,"(737, 204, 761, 301)",
nso_0259_10760.fts,"(735, 218, 761, 312)",FL7466
nso_0259_11836.fts,"(734, 217, 758, 314)",FL7466
nso_0259_12912.fts,"(734, 211, 759, 303)",FL7466
nso_0259_13988.fts,"(734, 199, 758, 298)",FL7466
nso_0259_15064.fts,"(735, 208, 757, 299)",FL7467
nso_0259_16140.fts,"(735, 222, 760, 313)",FL7467
nso_0259_17216.fts,"(734, 216, 756, 303)",
nso_0259_18292.fts,"(737, 211, 758, 298)",FL7467
nso_0259_19368.fts,"(733, 204, 760, 293)",FL7467
nso_0259_20444.fts,"(733, 223, 759, 314)",FL7467
nso_0259_21520.fts,"(727, 198, 755, 287)",FL7467
nso_0260_00972.fts,"(732, 208, 755, 299)",FL7468
nso_0260_01942.fts,"(733, 203, 758, 300)",FL7468
nso_0260_02912.fts,"(737, 206, 759, 304)",FL7468
nso_0260_03883.fts,"(723, 207, 748, 305)",
nso_0260_04853.fts,,FL7468
nso_0260_05823.fts,"(734, 201, 760, 299)",
nso_0260_06793.fts,"(730, 181, 758, 289)",-
nso_0260_07763.fts,"(731, 195, 758, 289)",FL7469
nso_0260_08733.fts,"(733, 203, 756, 297)",FL7469
nso_0260_09703.fts,"(734, 200, 758, 296)",FL7469
nso_0260_10673.fts,"(733, 195, 755, 292)",-
nso_0260_11643.fts,"(733, 206, 755, 303)",FL7469
nso_0260_12613.fts,"(733, 211, 759, 302)",
nso_0260_13583.fts,"(735, 199, 761, 294)",FL7470
nso_0260_14553.fts,"(737, 207, 758, 299)",FL7470
nso_0260_15523.fts,"(731, 193, 761, 285)",FL7470
nso_0260_16493.fts,"(731, 169, 760, 283)",FL7470
nso_0260_17463.fts,"(735, 195, 760, 287)",-
nso_0260_18433.fts,"(732, 201, 757, 294)",FL7470
nso_0260_19403.fts,"(731, 201, 760, 295)",FL7470
nso_0261_01028.fts,"(732, 200, 757, 296)",FL7471
nso_0261_02053.fts,"(735, 192, 759, 291)",FL7471
nso_0261_03078.fts,"(735, 193, 763, 291)",FL7471
nso_0261_04104.fts,"(733, 198, 763, 294)",FL7471
nso_0261_05129.fts,"(732, 199, 762, 290)",FL7471
nso_0261_06154.fts,"(732, 212, 759, 309)",-
nso_0261_07179.fts,"(734, 202, 760, 301)",FL7472
nso_0261_08204.fts,"(736, 200, 760, 293)",FL7472
nso_0261_09232.fts,"(733, 174, 761, 270)",-
nso_0261_10257.fts,"(730, 206, 757, 300)",-
nso_0261_11282.fts,"(734, 208, 762, 304)",-
nso_0261_12307.fts,"(733, 200, 758, 296)",-
nso_0261_13332.fts,"(737, 192, 761, 294)",FL7473
nso_0261_14357.fts,"(735, 185, 759, 286)",FL7473
nso_0261_15382.fts,"(736, 190, 761, 285)",FL7473
nso_0261_16407.fts,"(737, 196, 762, 297)",FL7473
nso_0261_17432.fts,"(736, 198, 760, 299)",FL7473
nso_0261_18457.fts,"(743, 189, 768, 290)",-
nso_0261_19482.fts,"(744, 255, 768, 351)",FL7473
nso_0261_20507.fts,"(742, 190, 766, 290)",FL7473
nso_0262_01092.fts,"(747, 219, 768, 302)",FL7474
nso_0262_02183.fts,"(745, 196, 769, 284)",FL7474
nso_0262_03274.fts,"(745, 210, 769, 298)",FL7474
nso_0262_04365.fts,"(748, 195, 769, 279)",FL7474
nso_0262_05456.fts,"(748, 219, 767, 297)",FL7474
nso_0262_06547.fts,"(746, 211, 768, 293)",FL7474
nso_0262_07638.fts,"(742, 203, 768, 292)",-
nso_0262_08729.fts,"(741, 193, 767, 284)",-
nso_0262_09820.fts,"(746, 207, 768, 298)",FL7475
nso_0262_10911.fts,"(743, 219, 765, 312)",FL7475
nso_0262_12002.fts,"(749, 209, 767, 301)",FL7475
nso_0262_13093.fts,"(743, 214, 768, 305)",FL7475
nso_0262_14184.fts,"(741, 218, 764, 308)",FL7475
nso_0262_15275.fts,"(749, 208, 771, 305)",FL7475
nso_0262_16366.fts,"(743, 204, 766, 302)",FL7476
nso_0262_17457.fts,"(742, 214, 763, 306)",FL7476
nso_0262_18548.fts,"(746, 208, 766, 299)",FL7476
nso_0262_19639.fts,"(746, 215, 765, 308)",-
nso_0262_20730.fts,"(742, 221, 768, 312)",-
nso_0262_21821.fts,"(745, 212, 771, 314)",-
nso_0263_01029.fts,"(740, 223, 766, 318)",-
nso_0263_02058.fts,"(741, 230, 764, 326)",-
nso_0263_03087.fts,"(742, 221, 767, 323)",FL7477
nso_0263_04117.fts,"(745, 218, 765, 311)",-
nso_0263_05146.fts,"(742, 224, 766, 322)",-
nso_0263_06175.fts,"(741, 221, 765, 319)",FL7477
nso_0263_07204.fts,"(752, 213, 769, 306)",FL7477
nso_0263_08233.fts,"(747, 210, 766, 309)",FL7478
nso_0263_09262.fts,"(745, 196, 765, 300)",-
nso_0263_10291.fts,"(746, 204, 767, 301)",-
nso_0263_11320.fts,"(742, 181, 760, 289)",FL7478
nso_0263_12349.fts,"(743, 211, 766, 310)",-
nso_0263_13378.fts,"(742, 220, 770, 319)",FL7478
nso_0263_14407.fts,"(743, 235, 764, 329)",FL7479
nso_0263_15436.fts,"(744, 227, 766, 321)",FL7479
nso_0263_16465.fts,"(744, 212, 767, 304)",FL7479
nso_0263_17494.fts,"(741, 219, 767, 312)",FL7479
nso_0263_18523.fts,"(742, 206, 765, 301)",FL7479
nso_0263_19552.fts,"(740, 211, 767, 306)",FL7479
nso_0263_20581.fts,"(742, 222, 767, 314)",FL7479
nso_0264_00807.fts,"(740, 234, 765, 324)",FL7480
nso_0264_01614.fts,"(743, 226, 767, 319)",FL7480
nso_0264_02421.fts,"(744, 226, 769, 322)",FL7481
nso_0264_03228.fts,"(742, 232, 768, 327)",FL7481
nso_0264_04035.fts,"(743, 231, 765, 328)",FL7481
nso_0264_04842.fts,"(743, 247, 767, 338)",FL7482
nso_0264_05649.fts,"(740, 214, 765, 309)",FL7482
nso_0264_06456.fts,"(742, 265, 770, 355)",FL7483
nso_0264_07263.fts,"(741, 213, 765, 308)",FL7483
nso_0264_08070.fts,"(744, 211, 769, 312)",FL7484
nso_0264_08877.fts,"(737, 195, 768, 301)",FL7484
nso_0264_09684.fts,"(747, 206, 768, 305)",FL7484
nso_0264_10491.fts,"(730, 199, 758, 294)",FL7485
nso_0264_11298.fts,"(741, 230, 771, 326)",FL7485
nso_0264_12105.fts,"(743, 219, 772, 316)",FL7486
nso_0264_12912.fts,"(743, 214, 770, 316)",FL7486
nso_0264_13719.fts,"(742, 230, 770, 335)",FL7486
nso_0264_14526.fts,"(742, 223, 767, 320)",FL7487
nso_0264_15333.fts,"(742, 210, 769, 310)",FL7487
nso_0264_16140.fts,,
nso_0265_00915.fts,"(730, 220, 757, 311)",FL7488
nso_0265_01830.fts,"(731, 235, 759, 337)",FL7488
nso_0265_02745.fts,"(740, 233, 765, 333)",FL7489
nso_0265_03660.fts,"(746, 224, 768, 318)",FL7489
nso_0265_04575.fts,"(741, 221, 768, 311)",FL7490
nso_0265_05490.fts,"(739, 198, 763, 304)",FL7490
nso_0265_06405.fts,"(742, 224, 766, 325)",FL7490
nso_0265_07320.fts,"(744, 237, 767, 338)",FL7491
nso_0265_08235.fts,"(741, 237, 765, 337)",FL7491
nso_0265_09150.fts,"(743, 219, 768, 337)",FL7492
nso_0265_10065.fts,"(727, 207, 755, 320)",FL7492
nso_0265_10982.fts,"(747, 218, 769, 320)",FL7493
nso_0265_11897.fts,"(744, 221, 770, 338)",FL7493
nso_0265_12812.fts,"(742, 226, 766, 321)",FL7494
nso_0265_13727.fts,"(742, 202, 765, 300)",FL7494
nso_0265_14642.fts,"(738, 210, 763, 314)",FL7495
nso_0265_15557.fts,"(740, 216, 767, 314)",FL7495
nso_0265_16473.fts,"(732, 229, 762, 331)",FL7496
nso_0265_17388.fts,"(738, 234, 762, 339)",FL7496
nso_0265_18303.fts,"(738, 244, 765, 342)",FL7496
nso_0267_00877.fts,"(736, 239, 762, 354)",FL7497
nso_0267_01754.fts,"(738, 226, 761, 334)",FL7497
nso_0267_02631.fts,"(732, 221, 758, 325)",FL7498
nso_0267_03508.fts,"(735, 214, 761, 313)",FL7498
nso_0267_04385.fts,"(733, 226, 760, 327)",FL7499
nso_0267_05262.fts,"(739, 213, 764, 319)",FL7499
nso_0267_06139.fts,"(738, 209, 764, 306)",FL7500
nso_0267_07016.fts,"(739, 217, 767, 321)",FL7500
nso_0267_07893.fts,"(745, 229, 763, 327)",FL7501
nso_0267_08770.fts,"(738, 249, 763, 340)",FL7501
nso_0267_09647.fts,"(738, 227, 762, 321)",FL7501
nso_0267_10524.fts,"(739, 220, 764, 328)",FL7502
nso_0267_11401.fts,"(741, 257, 761, 368)",FL7502
nso_0267_12278.fts,"(737, 241, 763, 324)",FL7503
nso_0267_13155.fts,"(739, 256, 761, 336)",FL7503
nso_0267_14032.fts,"(738, 227, 761, 326)",FL7504
nso_0267_14909.fts,"(740, 232, 765, 336)",FL7504
nso_0267_15786.fts,"(735, 225, 760, 303)",FL7505
nso_0267_16663.fts,"(742, 237, 763, 319)",FL7505
nso_0267_17540.fts,,
nso_0268_00834.fts,"(735, 243, 763, 329)",FL7506
nso_0268_01668.fts,"(739, 258, 762, 344)",FL7506
nso_0268_02502.fts,"(739, 238, 765, 336)",FL7507
nso_0268_03336.fts,"(738, 212, 763, 308)",FL7507
nso_0268_04170.fts,"(737, 220, 765, 310)",FL7508
nso_0268_05004.fts,"(740, 221, 767, 306)",FL7508
nso_0268_05838.fts,"(739, 218, 763, 308)",FL7508
nso_0268_06672.fts,"(738, 226, 764, 311)",FL7509
nso_0268_07506.fts,"(739, 224, 766, 313)",FL7509
nso_0268_08340.fts,"(735, 218, 762, 321)",FL7510
nso_0268_09174.fts,"(735, 218, 758, 318)",FL7510
nso_0268_10008.fts,"(740, 208, 765, 313)",FL7510
nso_0268_10842.fts,"(736, 221, 762, 321)",FL7511
nso_0268_11676.fts,"(737, 211, 763, 315)",FL7511
nso_0268_12510.fts,"(712, 224, 729, 335)",FL7512
nso_0268_13344.fts,"(736, 223, 763, 314)",FL7512
nso_0268_14178.fts,"(732, 226, 766, 324)",FL7512
nso_0268_15012.fts,"(738, 202, 762, 308)",FL7513
nso_0268_15846.fts,"(735, 209, 765, 311)",FL7513
nso_0268_16680.fts,,
nso_0269_00921.fts,"(740, 220, 765, 322)",FL7514
nso_0269_01842.fts,"(740, 214, 761, 320)",FL7514
nso_0269_02763.fts,"(740, 215, 766, 313)",FL7515
nso_0269_03684.fts,"(740, 213, 764, 309)",FL7515
nso_0269_04605.fts,"(739, 213, 767, 315)",FL7516
nso_0269_05526.fts,"(738, 224, 760, 320)",FL7516
nso_0269_06447.fts,"(736, 216, 766, 314)",FL7516
nso_0269_07368.fts,"(738, 211, 762, 314)",FL7516
nso_0269_08289.fts,"(732, 213, 762, 313)",FL7516
nso_0269_09210.fts,"(736, 213, 763, 315)",FL7516
nso_0269_10131.fts,"(737, 217, 764, 317)",FL7516
nso_0269_11052.fts,"(736, 207, 764, 305)",FL7516
nso_0269_11973.fts,"(735, 227, 761, 327)",FL7517
nso_0269_12894.fts,"(737, 207, 763, 307)",FL7517
nso_0269_13815.fts,"(735, 198, 763, 295)",FL7517
nso_0269_14736.fts,"(737, 198, 763, 300)",FL7517
nso_0269_15657.fts,"(730, 213, 763, 317)",FL7517
nso_0269_16578.fts,"(736, 220, 761, 319)",FL7517
nso_0269_17499.fts,"(738, 199, 762, 300)",FL7517
nso_0269_18420.fts,"(736, 199, 766, 301)",FL7517
nso_0270_01056.fts,"(738, 215, 764, 305)",FL7518
nso_0270_02112.fts,"(736, 211, 760, 302)",FL7518
nso_0270_03168.fts,"(736, 194, 761, 290)",FL7518
nso_0270_04224.fts,"(739, 200, 763, 297)",FL7518
nso_0270_05280.fts,"(739, 198, 768, 293)",FL7518
nso_0270_06336.fts,"(738, 211, 765, 302)",FL7518
nso_0270_07392.fts,"(735, 218, 766, 303)",FL7519
nso_0270_08448.fts,"(731, 231, 764, 320)",FL7519
nso_0270_09504.fts,"(738, 225, 764, 309)",FL7519
nso_0270_10560.fts,"(737, 216, 760, 301)",FL7519
nso_0270_11616.fts,"(738, 228, 763, 310)",FL7519
nso_0270_12674.fts,"(749, 221, 768, 308)",FL7519
nso_0270_13732.fts,"(738, 220, 763, 300)",FL7519
nso_0270_14790.fts,"(726, 227, 751, 314)",FL7520
nso_0270_15846.fts,"(732, 225, 758, 316)",FL7520
nso_0270_16905.fts,"(729, 220, 756, 309)",FL7520
nso_0270_17964.fts,"(734, 236, 758, 319)",FL7520
nso_0270_19020.fts,"(734, 223, 762, 311)",FL7520
nso_0270_20079.fts,"(736, 221, 758, 309)",FL7520
nso_0270_21138.fts,,
nso_0271_00962.fts,"(738, 211, 764, 310)",FL7521
nso_0271_01924.fts,"(734, 214, 763, 316)",FL7521
nso_0271_02886.fts,"(734, 213, 761, 317)",FL7521
nso_0271_03848.fts,"(733, 203, 758, 303)",FL7521
nso_0271_04810.fts,"(733, 199, 761, 300)",FL7521
nso_0271_05772.fts,"(737, 216, 761, 313)",FL7521
nso_0271_06734.fts,"(733, 215, 757, 315)",FL7521
nso_0271_07696.fts,"(735, 206, 762, 312)",FL7522
nso_0271_08658.fts,"(731, 209, 760, 317)",FL7522
nso_0271_09620.fts,"(734, 191, 760, 296)",FL7522
nso_0271_10582.fts,"(735, 215, 762, 322)",FL7522
nso_0271_11544.fts,"(735, 209, 761, 317)",FL7522
nso_0271_12506.fts,"(737, 220, 762, 327)",FL7522
nso_0271_13468.fts,"(737, 221, 763, 324)",FL7522
nso_0271_14430.fts,"(735, 212, 762, 311)",FL7523
nso_0271_15392.fts,"(735, 200, 761, 301)",FL7523
nso_0271_16354.fts,"(732, 214, 762, 313)",FL7523
nso_0271_17316.fts,"(734, 207, 759, 304)",FL7523
nso_0271_18278.fts,"(733, 197, 758, 298)",FL7523
nso_0272_00704.fts,,
nso_0272_01408.fts,,
nso_0272_02112.fts,,
nso_0272_02816.fts,,
nso_0272_03520.fts,,
nso_0272_04224.fts,,
nso_0272_04928.fts,,
nso_0272_05632.fts,,
nso_0272_06336.fts,,
nso_0272_07040.fts,,
nso_0272_07744.fts,"(738, 205, 762, 316)",FL7525
nso_0272_08448.fts,"(733, 215, 761, 320)",FL7525
nso_0272_09152.fts,"(732, 192, 759, 301)",FL7525
nso_0272_09856.fts,"(734, 213, 760, 321)",FL7525
nso_0272_10560.fts,"(735, 208, 763, 320)",FL7525
nso_0272_11264.fts,"(734, 211, 761, 321)",FL7525
nso_0272_11968.fts,"(735, 216, 760, 327)",FL7525
nso_0272_12672.fts,"(735, 202, 762, 313)",FL7525
nso_0272_13376.fts,"(740, 209, 764, 318)",FL7525
nso_0272_14080.fts,,
nso_0273_01034.fts,"(737, 213, 759, 316)",FL7526
nso_0273_02068.fts,"(736, 217, 761, 322)",FL7526
nso_0273_03102.fts,"(733, 209, 762, 313)",FL7526
nso_0273_04136.fts,"(732, 220, 758, 324)",FL7526
nso_0273_05170.fts,"(739, 220, 763, 322)",FL7526
nso_0273_06204.fts,"(733, 202, 761, 304)",FL7526
nso_0273_07238.fts,"(731, 198, 758, 301)",FL7526
nso_0273_08272.fts,"(732, 200, 757, 304)",FL7527
nso_0273_09306.fts,"(730, 193, 755, 299)",FL7527
nso_0273_10340.fts,"(733, 196, 756, 304)",FL7527
nso_0273_11374.fts,"(731, 180, 759, 286)",FL7527
nso_0273_12408.fts,"(731, 304, 754, 412)",FL7527
nso_0273_13442.fts,"(730, 192, 756, 298)",FL7527
nso_0273_14476.fts,"(725, 196, 747, 290)",FL7528
nso_0273_15510.fts,"(730, 551, 754, 598)",FL7528
nso_0273_16544.fts,"(722, 204, 748, 300)",FL7528
nso_0273_17578.fts,"(731, 201, 758, 299)",FL7528
nso_0273_18612.fts,"(733, 191, 760, 293)",FL7528
nso_0273_19646.fts,"(731, 192, 755, 290)",FL7528
nso_0273_20680.fts,"(735, 203, 758, 301)",FL7528
nso_0274_01019.fts,"(732, 179, 757, 291)",FL7529
nso_0274_02038.fts,"(728, 183, 757, 293)",FL7529
nso_0274_03057.fts,"(731, 183, 760, 292)",FL7529
nso_0274_04076.fts,"(736, 192, 761, 300)",FL7529
nso_0274_05095.fts,"(724, 177, 752, 288)",FL7529
nso_0274_06114.fts,"(731, 182, 759, 291)",FL7529
nso_0274_07133.fts,"(721, 197, 749, 296)",FL7530
nso_0274_08152.fts,"(716, 194, 744, 293)",FL7530
nso_0274_09171.fts,"(727, 204, 756, 304)",FL7530
nso_0274_10190.fts,"(733, 194, 756, 294)",FL7530
nso_0274_11209.fts,"(734, 185, 756, 285)",FL7530
nso_0274_12228.fts,"(737, 206, 759, 303)",FL7530
nso_0274_13247.fts,"(728, 189, 757, 295)",FL7531
nso_0274_14266.fts,"(732, 199, 756, 302)",FL7531
nso_0274_15285.fts,"(730, 178, 756, 281)",FL7531
nso_0274_16304.fts,"(732, 187, 753, 289)",FL7531
nso_0274_17323.fts,"(730, 184, 757, 288)",FL7531
nso_0274_18342.fts,"(735, 190, 760, 293)",FL7531
nso_0274_19361.fts,"(736, 197, 757, 299)",FL7531
nso_0274_20380.fts,,
nso_0275_01078.fts,"(732, 196, 757, 297)",FL7532
nso_0275_02156.fts,"(728, 189, 754, 288)",FL7532
nso_0275_03234.fts,"(731, 184, 757, 282)",FL7532
nso_0275_04312.fts,"(729, 200, 754, 301)",FL7532
nso_0275_05390.fts,"(733, 180, 757, 279)",FL7532
nso_0275_06468.fts,"(730, 183, 757, 282)",FL7532
nso_0275_07546.fts,"(730, 184, 757, 295)",FL7533
nso_0275_08624.fts,"(731, 184, 758, 299)",FL7533
nso_0275_09702.fts,"(730, 187, 757, 299)",FL7533
nso_0275_10780.fts,"(732, 184, 759, 293)",FL7533
nso_0275_11858.fts,"(734, 179, 756, 295)",FL7533
nso_0275_12936.fts,"(735, 190, 760, 305)",FL7533
nso_0275_14014.fts,"(731, 175, 758, 285)",FL7533
nso_0275_15092.fts,"(735, 188, 760, 282)",FL7534
nso_0275_16170.fts,"(733, 192, 761, 283)",FL7534
nso_0275_17248.fts,"(731, 189, 757, 287)",FL7534
nso_0275_18326.fts,"(731, 196, 757, 292)",FL7534
nso_0275_19404.fts,"(730, 192, 756, 293)",FL7534
nso_0275_20482.fts,"(735, 17, 759, 110)",FL7534
nso_0275_21560.fts,,
nso_0445_00679.fts,"(37, 282, 64, 378)",3696
nso_0445_01070.fts,"(731, 138, 758, 230)",FLP#8044
nso_0445_01358.fts,,
nso_0445_02037.fts,"(41, 290, 70, 375)",3702
nso_0445_02140.fts,"(715, 128, 743, 223)",FLP#8044
nso_0445_02716.fts,"(46, 284, 75, 355)",3703
nso_0445_03210.fts,"(742, 143, 769, 239)",FLP#8044
nso_0445_03395.fts,"(45, 301, 76, 418)",3705
nso_0445_04074.fts,"(49, 283, 77, 363)",3707
nso_0445_04280.fts,"(741, 135, 767, 231)",FLP#8044
nso_0445_04753.fts,"(44, 291, 74, 365)",3708
nso_0445_05350.fts,"(739, 113, 765, 203)",FLP#8044
nso_0445_05432.fts,,
nso_0445_06111.fts,"(42, 292, 69, 382)",3711
nso_0445_06420.fts,"(734, 129, 762, 220)",FLP#8044
nso_0445_06790.fts,"(41, 285, 73, 396)",3713
nso_0445_07469.fts,"(710, 206, 737, 287)",3716
nso_0445_07490.fts,"(743, 136, 767, 226)",FLP#8045
nso_0445_08148.fts,"(48, 296, 76, 395)",3717
nso_0445_08560.fts,"(718, 123, 748, 228)",FLP#8045
nso_0445_08827.fts,"(38, 287, 64, 373)",3721
nso_0445_09506.fts,"(46, 280, 73, 391)",3722
nso_0445_09630.fts,"(743, 126, 771, 216)",FLP#8045
nso_0445_10185.fts,"(49, 292, 75, 372)",3723
nso_0445_10700.fts,"(742, 122, 768, 213)",FLP#8045
nso_0445_10864.fts,,
nso_0445_11543.fts,"(38, 291, 66, 376)",3726
nso_0445_11770.fts,,
nso_0445_12222.fts,"(39, 304, 65, 377)",3727
nso_0445_12840.fts,"(728, 125, 752, 216)",FLP#8045
nso_0445_12901.fts,"(44, 302, 71, 397)",3728
nso_0445_13580.fts,,
nso_0445_13910.fts,"(727, 104, 756, 196)",FLP#8045
nso_0445_14980.fts,"(732, 126, 753, 218)",FLP#8046
nso_0445_16050.fts,"(742, 109, 763, 205)",FLP#8046
nso_0445_17120.fts,"(741, 110, 764, 207)",FLP#8046
nso_0445_18190.fts,"(740, 107, 765, 204)",FLP#8046
nso_0445_19260.fts,"(746, 144, 767, 239)",FLP#8046
nso_0445_20330.fts,"(743, 177, 764, 273)",FLP#8046
nso_0445_21400.fts,"(736, 129, 766, 230)",FLP#8046
nso_0446_01041.fts,"(740, 133, 766, 225)",FLP#8047
nso_0446_02082.fts,"(737, 129, 768, 222)",FLP#8047
nso_0446_03123.fts,"(741, 147, 768, 237)",FLP#8047
nso_0446_04164.fts,"(743, 119, 764, 210)",FLP#8047
nso_0446_05205.fts,"(740, 68, 765, 157)",FLP#8047
nso_0446_06246.fts,"(738, 143, 765, 231)",FLP#8047
nso_0446_07287.fts,"(744, 83, 767, 176)",FLP#8048
nso_0446_08328.fts,"(740, 115, 766, 210)",FLP#8048
nso_0446_09379.fts,"(739, 123, 764, 217)",FLP#8048
nso_0446_10431.fts,"(737, 113, 764, 202)",FLP#8048
nso_0446_11472.fts,"(733, 77, 765, 168)",FLP#8048
nso_0446_12513.fts,"(741, 127, 769, 220)",FLP#8048
nso_0446_13554.fts,"(749, 59, 768, 149)",FLP#8048
nso_0446_14595.fts,"(750, 121, 769, 214)",FLP#8048
nso_0446_15636.fts,"(753, 217, 771, 306)",FLP#8049
nso_0446_16677.fts,"(746, 123, 771, 212)",FLP#8049
nso_0446_17718.fts,"(742, 122, 767, 214)",FLP#8049
nso_0446_18759.fts,"(742, 133, 771, 226)",FLP#8049
nso_0446_19800.fts,"(737, 139, 765, 232)",FLP#8049
nso_0446_20841.fts,"(742, 134, 766, 225)",FLP#8049
nso_0447_01049.fts,"(737, 313, 764, 398)",FLP#8050
nso_0447_02098.fts,"(747, 157, 773, 237)",FLP#8050
nso_0447_03147.fts,"(736, 130, 762, 217)",FLP#8050
nso_0447_04196.fts,"(731, 139, 763, 224)",FLP#8050
nso_0447_05245.fts,"(739, 149, 764, 232)",FLP#8050
nso_0447_06294.fts,"(732, 141, 761, 226)",FLP#8050
nso_0447_07343.fts,"(735, 146, 759, 241)",FLP#8051
nso_0447_08392.fts,"(737, 123, 764, 222)",FLP#8051
nso_0447_09441.fts,"(739, 130, 764, 227)",FLP#8051
nso_0447_10490.fts,"(736, 146, 762, 237)",FLP#8051
nso_0447_11539.fts,"(738, 140, 764, 235)",FLP#8051
nso_0447_12588.fts,"(734, 145, 760, 237)",FLP#8051
nso_0447_13637.fts,"(737, 141, 761, 237)",FLP#8051
nso_0447_14686.fts,"(737, 157, 762, 258)",FLP#8052
nso_0447_15735.fts,"(734, 122, 760, 227)",FLP#8052
nso_0447_16784.fts,"(736, 136, 761, 243)",FLP#8052
nso_0447_17833.fts,"(735, 114, 762, 221)",FLP#8052
nso_0447_18882.fts,"(736, 142, 766, 246)",FLP#8052
nso_0447_19931.fts,"(738, 118, 763, 220)",FLP#8052
nso_0447_20980.fts,,
nso_0448_01184.fts,"(750, 235, 771, 315)",FLP#8053
nso_0448_02368.fts,"(738, 150, 759, 230)",FLP#8053
nso_0448_03552.fts,"(740, 146, 765, 223)",FLP#8053
nso_0448_04736.fts,"(735, 110, 761, 201)",FLP#8053
nso_0448_05920.fts,"(733, 119, 763, 203)",FLP#8053
nso_0448_07104.fts,"(737, 135, 760, 215)",FLP#8053
nso_0448_08288.fts,"(738, 116, 761, 203)",FLP#8053
nso_0448_09472.fts,"(738, 149, 766, 241)",FLP#8054
nso_0448_10656.fts,"(740, 132, 763, 221)",FLP#8054
nso_0448_11840.fts,"(737, 107, 767, 193)",FLP#8054
nso_0448_13024.fts,"(741, 138, 766, 227)",FLP#8054
nso_0448_14208.fts,"(737, 120, 760, 211)",FLP#8054
nso_0448_15392.fts,"(742, 114, 767, 202)",FLP#8054
nso_0448_16576.fts,"(739, 117, 770, 202)",FLP#8055
nso_0448_17760.fts,"(737, 129, 766, 218)",FLP#8055
nso_0448_18944.fts,"(735, 129, 764, 220)",FLP#8055
nso_0448_20128.fts,"(734, 134, 764, 218)",FLP#8055
nso_0448_21312.fts,"(731, 127, 760, 213)",FLP#8055
nso_0448_22496.fts,"(738, 132, 763, 215)",FLP#8055
nso_0448_23720.fts,"(739, 200, 765, 284)",FLP#8055
nso_0449_01188.fts,"(734, 134, 762, 230)",FLP#8056
nso_0449_02376.fts,"(744, 216, 771, 300)",FLP#8056
nso_0449_03564.fts,"(747, 149, 768, 235)",FLP#8056
nso_0449_04752.fts,"(738, 239, 771, 322)",FLP#8056
nso_0449_05940.fts,"(750, 206, 772, 299)",FLP#8056
nso_0449_07128.fts,"(736, 144, 762, 238)",FLP#8056
nso_0449_08316.fts,"(748, 204, 770, 305)",FLP#8057
nso_0449_09504.fts,,FLP#8057
nso_0449_10692.fts,"(738, 209, 763, 316)",FLP#8057
nso_0449_11880.fts,"(745, 229, 766, 329)",FLP#8057
nso_0449_13068.fts,"(741, 221, 765, 326)",FLP#8057
nso_0449_14256.fts,"(745, 202, 766, 301)",FLP#8057
nso_0449_15444.fts,"(737, 125, 763, 233)",FLP#8057
nso_0449_16632.fts,"(731, 119, 762, 205)",FLP#8058
nso_0449_17820.fts,"(724, 106, 752, 196)",FLP#8058
nso_0449_19008.fts,"(733, 118, 760, 203)",FLP#8058
nso_0449_20196.fts,"(748, 187, 771, 274)",FLP#8058
nso_0449_21384.fts,"(740, 178, 766, 263)",FLP#8058
nso_0449_22572.fts,"(741, 192, 768, 276)",FLP#8058
nso_0449_23760.fts,"(741, 232, 768, 318)",FLP#8058
nso_0450_01182.fts,"(737, 180, 766, 267)",FLP#8059
nso_0450_02364.fts,"(732, 118, 758, 204)",FLP#8059
nso_0450_03546.fts,"(729, 153, 763, 240)",FLP#8059
nso_0450_04728.fts,"(746, 212, 768, 305)",FLP#8059
nso_0450_05910.fts,"(732, 171, 761, 257)",FLP#8059
nso_0450_07092.fts,"(729, 123, 760, 215)",FLP#8059
nso_0450_08274.fts,"(738, 186, 762, 293)",FLP#8060
nso_0450_09456.fts,"(740, 187, 769, 298)",FLP#8060
nso_0450_10638.fts,"(745, 207, 767, 302)",FLP#8060
nso_0450_11820.fts,"(745, 207, 767, 302)",FLP#8060
nso_0450_13002.fts,"(748, 183, 772, 290)",FLP#8060
nso_0450_14184.fts,,FLP#8060
nso_0450_15366.fts,"(748, 171, 769, 277)",FLP#8060
nso_0450_16548.fts,"(744, 107, 765, 194)",FLP#8061
nso_0450_17730.fts,"(733, 108, 762, 194)",FLP#8061
nso_0450_18912.fts,"(736, 5, 761, 90)",FLP#8061
nso_0450_20094.fts,"(739, 277, 761, 367)",FLP#8061
nso_0450_21276.fts,"(744, 212, 771, 297)",FLP#8061
nso_0450_22458.fts,"(745, 204, 767, 287)",FLP#8061
nso_0450_23640.fts,"(731, 151, 763, 236)",FLP#8061
nso_0451_01179.fts,"(740, 176, 765, 261)",FLP#8062
nso_0451_02358.fts,"(745, 202, 769, 284)",FLP#8062
nso_0451_03537.fts,"(731, 146, 760, 224)",FLP#8062
nso_0451_04716.fts,"(740, 144, 768, 231)",FLP#8062
nso_0451_05895.fts,,FLP#8062
nso_0451_07074.fts,"(756, 165, 770, 251)",FLP#8062
nso_0451_08253.fts,"(734, 182, 765, 266)",FLP#8063
nso_0451_09432.fts,"(713, 174, 752, 261)",FLP#8063
nso_0451_10611.fts,"(716, 181, 746, 264)",FLP#8063
nso_0451_11790.fts,"(726, 186, 754, 273)",FLP#8063
nso_0451_12969.fts,"(730, 168, 761, 249)",FLP#8063
nso_0451_14148.fts,"(729, 150, 757, 237)",FLP#8063
nso_0451_15327.fts,"(733, 152, 758, 232)",FLP#8063
nso_0451_16506.fts,"(731, 147, 759, 230)",FLP#8064
nso_0451_17685.fts,"(726, 139, 758, 221)",FLP#8064
nso_0451_18864.fts,"(730, 156, 749, 244)",FLP#8064
nso_0451_20043.fts,"(748, 154, 770, 237)",FLP#8064
nso_0451_21222.fts,,
nso_0451_22401.fts,"(748, 208, 769, 296)",FLP#8064
nso_0451_23580.fts,"(751, 201, 768, 284)",FLP#8064
nso_0452_01177.fts,"(746, 191, 768, 274)",FLP#8065
nso_0452_02354.fts,"(749, 185, 771, 272)",FLP#8065
nso_0452_03531.fts,"(750, 194, 769, 276)",FLP#8065
nso_0452_04708.fts,"(747, 173, 767, 254)",FLP#8065
nso_0452_05885.fts,"(746, 190, 768, 276)",FLP#8065
nso_0452_07062.fts,"(753, 196, 771, 276)",FLP#8065
nso_0452_08239.fts,"(755, 190, 769, 273)",FLP#8065
nso_0452_09416.fts,"(749, 196, 771, 280)",FLP#8065
nso_0452_10593.fts,"(750, 220, 770, 306)",FLP#8065
nso_0452_11770.fts,"(750, 204, 772, 288)",FLP#8065
nso_0452_12947.fts,"(753, 229, 768, 314)",FLP#8066
nso_0452_14124.fts,"(752, 231, 770, 315)",FLP#8066
nso_0452_15301.fts,"(752, 229, 769, 314)",FLP#8066
nso_0452_16478.fts,"(750, 203, 769, 295)",FLP#8067
nso_0452_17655.fts,"(735, 214, 757, 304)",FLP#8067
nso_0452_18832.fts,"(734, 209, 759, 296)",FLP#8067
nso_0452_20009.fts,"(734, 199, 759, 292)",FLP#8067
nso_0452_21186.fts,"(734, 208, 762, 301)",FLP#8067
nso_0452_22363.fts,"(738, 216, 765, 307)",FLP#8067
nso_0453_01086.fts,"(40, 275, 68, 365)",3733
nso_0453_01170.fts,"(741, 188, 766, 279)",FLP#8068
nso_0453_02172.fts,"(37, 283, 69, 346)",3735
nso_0453_02340.fts,"(733, 205, 758, 296)",FLP#8068
nso_0453_03258.fts,,
nso_0453_03510.fts,"(725, 209, 750, 298)",FLP#8068
nso_0453_04344.fts,"(38, 263, 64, 347)",3741
nso_0453_04680.fts,"(728, 220, 750, 304)",FLP#8068
nso_0453_05430.fts,"(48, 292, 80, 375)",3742
nso_0453_05850.fts,"(746, 222, 772, 312)",FLP#8068
nso_0453_06516.fts,"(36, 275, 67, 351)",3746
nso_0453_07020.fts,"(724, 217, 749, 306)",FLP#8068
nso_0453_07602.fts,"(48, 286, 75, 359)",3748
nso_0453_08190.fts,"(737, 195, 767, 282)",FLP#8069
nso_0453_08688.fts,"(34, 305, 61, 386)",3753
nso_0453_09360.fts,"(755, 215, 769, 294)",FLP#8069
nso_0453_09774.fts,,
nso_0453_10530.fts,"(746, 204, 771, 296)",FLP#8069
nso_0453_10860.fts,"(43, 309, 67, 393)",3757
nso_0453_11700.fts,"(750, 204, 773, 294)",FLP#8069
nso_0453_11946.fts,"(42, 329, 70, 422)",3759
nso_0453_12870.fts,"(754, 221, 771, 313)",FLP#8069
nso_0453_13032.fts,"(41, 337, 68, 411)",3762
nso_0453_14040.fts,,-
nso_0453_14118.fts,"(48, 314, 71, 396)",3764
nso_0453_15204.fts,"(41, 318, 71, 410)",3768
nso_0453_15210.fts,"(745, 167, 765, 257)",FLP#8069
nso_0453_16290.fts,"(34, 307, 64, 386)",3771
nso_0453_16380.fts,"(726, 148, 756, 256)",FLP#8070
nso_0453_17376.fts,"(44, 310, 70, 403)",3775
nso_0453_17550.fts,"(734, 167, 758, 273)",FLP#8070
nso_0453_18462.fts,"(37, 294, 67, 368)",3778
nso_0453_18720.fts,"(730, 164, 757, 268)",FLP#8070
nso_0453_19548.fts,"(35, 310, 68, 419)",3781
nso_0453_19890.fts,"(723, 142, 748, 247)",FLP#8070
nso_0453_20634.fts,"(35, 296, 66, 384)",3783
nso_0453_21060.fts,"(747, 184, 766, 294)",FLP#8070
nso_0453_21720.fts,,
nso_0453_22230.fts,"(750, 175, 770, 289)",FLP#8070
nso_0453_23400.fts,"(729, 172, 761, 280)",FLP#8070
nso_0454_01139.fts,"(737, 186, 760, 273)",FLP#8071
nso_0454_02278.fts,"(739, 197, 761, 274)",FLP#8071
nso_0454_03417.fts,"(726, 183, 754, 270)",FLP#8071
nso_0454_04556.fts,"(722, 117, 749, 200)",FLP#8071
nso_0454_05695.fts,"(726, 209, 752, 293)",FLP#8071
nso_0454_06834.fts,"(726, 248, 751, 332)",FLP#8071
nso_0454_07973.fts,"(726, 204, 754, 279)",FLP#8071
nso_0454_09112.fts,"(729, 211, 756, 313)",FLP#8072
nso_0454_10251.fts,"(726, 192, 751, 301)",FLP#8072
nso_0454_11390.fts,"(728, 199, 750, 305)",FLP#8072
nso_0454_12529.fts,"(716, 169, 754, 273)",FLP#8072
nso_0454_13668.fts,"(720, 189, 751, 296)",FLP#8072
nso_0454_14807.fts,"(726, 181, 752, 291)",FLP#8072
nso_0454_15946.fts,"(725, 15, 754, 109)",FLP#8073
nso_0454_17085.fts,"(724, 201, 747, 285)",FLP#8073
nso_0454_18224.fts,"(721, 199, 747, 284)",FLP#8073
nso_0454_19363.fts,"(719, 205, 748, 297)",FLP#8073
nso_0454_20502.fts,"(724, 203, 751, 287)",FLP#8073
nso_0454_21641.fts,"(727, 206, 749, 296)",FLP#8073
nso_0454_22780.fts,"(730, 199, 754, 282)",FLP#8073
nso_0455_01194.fts,"(729, 207, 753, 293)",FLP#8074
nso_0455_02388.fts,"(729, 195, 752, 278)",FLP#8074
nso_0455_03582.fts,"(723, 196, 751, 281)",FLP#8074
nso_0455_04776.fts,"(722, 209, 749, 300)",FLP#8074
nso_0455_05970.fts,"(717, 201, 744, 290)",FLP#8074
nso_0455_07164.fts,"(719, 203, 745, 291)",FLP#8074
nso_0455_08358.fts,"(711, 219, 745, 311)",FLP#8075
nso_0455_09552.fts,"(738, 204, 759, 295)",FLP#8075
nso_0455_10746.fts,"(736, 208, 762, 307)",FLP#8075
nso_0455_11940.fts,"(738, 197, 765, 292)",FLP#8075
nso_0455_13134.fts,"(740, 210, 764, 302)",FLP#8075
nso_0455_14328.fts,"(739, 203, 763, 297)",FLP#8075
nso_0455_15522.fts,"(742, 202, 765, 297)",FLP#8075
nso_0455_16716.fts,"(740, 204, 765, 298)",FLP#8076
nso_0455_17910.fts,"(740, 204, 762, 297)",FLP#8076
nso_0455_19104.fts,"(733, 193, 761, 288)",FLP#8076
nso_0455_20298.fts,"(736, 210, 759, 306)",FLP#8076
nso_0455_21492.fts,"(730, 192, 759, 285)",FLP#8076
nso_0455_22686.fts,"(734, 207, 759, 301)",FLP#8076
nso_0455_23880.fts,,
nso_0456_01184.fts,"(729, 209, 762, 304)",FLP#8077
nso_0456_02368.fts,"(739, 217, 763, 311)",FLP#8077
nso_0456_03552.fts,"(741, 193, 769, 292)",FLP#8077
nso_0456_04736.fts,"(744, 188, 764, 281)",FLP#8077
nso_0456_05920.fts,"(736, 213, 762, 304)",FLP#8077
nso_0456_07104.fts,"(734, 190, 764, 285)",FLP#8077
nso_0456_08288.fts,"(739, 204, 761, 296)",FLP#8078
nso_0456_09472.fts,"(739, 199, 768, 295)",FLP#8078
nso_0456_10656.fts,"(747, 210, 769, 302)",FLP#8078
nso_0456_11840.fts,"(744, 209, 769, 300)",FLP#8078
nso_0456_13024.fts,"(745, 206, 770, 292)",FLP#8078
nso_0456_14208.fts,"(743, 193, 767, 280)",FLP#8078
nso_0456_15392.fts,"(745, 204, 766, 293)",FLP#8078
nso_0456_16576.fts,"(739, 198, 767, 301)",FLP#8079
nso_0456_17760.fts,"(743, 189, 770, 293)",FLP#8079
nso_0456_18944.fts,"(741, 189, 769, 291)",FLP#8079
nso_0456_20128.fts,"(747, 198, 766, 299)",FLP#8079
nso_0456_21312.fts,"(743, 206, 767, 304)",FLP#8079
nso_0456_22496.fts,"(747, 199, 770, 300)",FLP#8079
nso_0456_23680.fts,"(741, 204, 766, 302)",FLP#8079
nso_8083_00395.fts,"(715, 203, 739, 286)",FLP#8083
nso_8083_00790.fts,"(710, 180, 742, 280)",FLP#8083
nso_8083_01185.fts,"(711, 208, 737, 296)",FLP#8083
nso_8083_01580.fts,"(713, 199, 738, 288)",FLP#8083
nso_8083_01975.fts,"(715, 201, 743, 293)",FLP#8083
nso_8083_02370.fts,"(716, 213, 739, 303)",FLP#8083
nso_8083_02765.fts,"(712, 204, 736, 292)",FLP#8083
nso_8083_03160.fts,"(712, 201, 738, 289)",FLP#8083
nso_8083_03555.fts,"(712, 164, 738, 253)",FLP#8083
nso_8083_03950.fts,"(706, 197, 732, 285)",FLP#8083
nso_8083_04345.fts,"(707, 90, 736, 182)",FLP#8083
nso_8083_04740.fts,"(710, 201, 737, 291)",FLP#8083
nso_8083_05135.fts,"(708, 201, 735, 290)",FLP#8083
nso_8083_05530.fts,"(707, 207, 732, 296)",FLP#8083
nso_8083_05925.fts,"(709, 207, 735, 300)",FLP#8083
nso_8083_06320.fts,"(709, 197, 735, 286)",FLP#8083
nso_8083_06715.fts,"(704, 201, 729, 287)",FLP#8083
nso_8083_07110.fts,"(703, 198, 734, 288)",FLP#8083
nso_8083_07505.fts,"(703, 197, 734, 288)",FLP#8083
nso_8083_07900.fts,"(703, 137, 734, 208)",FLP#8083
nso_8086_00395.fts,"(718, 203, 742, 289)",FLP#8086
nso_8086_00790.fts,"(716, 196, 744, 286)",FLP#8086
nso_8086_01185.fts,"(714, 197, 745, 288)",FLP#8086
nso_8086_01580.fts,"(712, 196, 743, 289)",FLP#8086
nso_8086_01975.fts,"(716, 188, 745, 280)",FLP#8086
nso_8086_02370.fts,"(715, 186, 745, 276)",FLP#8086
nso_8086_02765.fts,"(717, 193, 743, 283)",FLP#8086
nso_8086_03160.fts,"(715, 200, 748, 285)",FLP#8086
nso_8086_03555.fts,"(722, 199, 751, 281)",FLP#8086
nso_8086_03950.fts,"(722, 195, 750, 284)",FLP#8086
nso_8086_04345.fts,"(718, 187, 747, 271)",FLP#8086
nso_8086_04740.fts,"(722, 194, 750, 284)",FLP#8086
nso_8086_05135.fts,"(721, 189, 746, 274)",FLP#8086
nso_8086_05530.fts,"(717, 190, 746, 274)",FLP#8086
nso_8086_05925.fts,"(724, 197, 753, 286)",FLP#8086
nso_8086_06320.fts,"(719, 198, 747, 289)",FLP#8086
nso_8086_06715.fts,"(722, 197, 751, 283)",FLP#8086
nso_8086_07110.fts,"(724, 196, 749, 289)",FLP#8086
nso_8086_07505.fts,"(731, 201, 755, 296)",FLP#8086
nso_8086_07900.fts,"(728, 233, 757, 324)",FLP#8086
nso_8087_00400.fts,"(733, 199, 760, 284)",FLP#8088
nso_8087_00800.fts,"(729, 209, 759, 290)",FLP#8088
nso_8087_01200.fts,"(731, 213, 755, 302)",FLP#8088
nso_8087_01600.fts,"(726, 222, 750, 309)",FLP#8087
nso_8087_02000.fts,"(724, 215, 755, 304)",FLP#8087
nso_8087_02400.fts,"(726, 206, 758, 293)",FLP#8087
nso_8087_02800.fts,"(731, 188, 762, 279)",FLP#8087
nso_8087_03200.fts,"(730, 144, 755, 241)",FLP#8087
nso_8087_03600.fts,"(692, 191, 720, 309)",FLP#8087
nso_8087_04000.fts,"(721, 191, 752, 291)",FLP#8087
nso_8087_04400.fts,"(727, 179, 758, 266)",FLP#8087
nso_8087_04800.fts,"(725, 188, 751, 278)",FLP#8087
nso_8087_05200.fts,"(720, 179, 753, 268)",FLP#8087
nso_8087_05600.fts,"(724, 183, 755, 278)",FLP#8087
nso_8087_06000.fts,"(724, 188, 751, 273)",FLP#8087
nso_8087_06400.fts,"(721, 178, 753, 265)",FLP#8087
nso_8087_06800.fts,"(722, 172, 757, 261)",FLP#8087
nso_8087_07200.fts,"(729, 182, 758, 275)",FLP#8087
nso_8087_07600.fts,"(729, 183, 755, 274)",FLP#8087
nso_8087_08025.fts,"(730, 173, 765, 257)",FLP#8087
nso_8090_00402.fts,"(741, 209, 765, 303)",FLP#8089
nso_8090_00804.fts,,
nso_8090_01206.fts,,
nso_8090_01608.fts,,
nso_8090_02010.fts,,
nso_8090_02412.fts,,
nso_8090_02814.fts,,
nso_8090_03216.fts,,
nso_8090_03618.fts,,
nso_8090_04020.fts,"(732, 201, 758, 293)",FLP#8090
nso_8090_04422.fts,"(730, 192, 758, 288)",FLP#8090
nso_8090_04824.fts,"(730, 192, 759, 285)",FLP#8090
nso_8090_05226.fts,"(735, 207, 760, 292)",FLP#8090
nso_8090_05628.fts,"(733, 189, 759, 280)",FLP#8090
nso_8090_06030.fts,"(731, 188, 755, 276)",FLP#8090
nso_8090_06432.fts,"(730, 220, 758, 310)",FLP#8090
nso_8090_06834.fts,"(729, 217, 758, 305)",FLP#8090
nso_8090_07236.fts,"(731, 212, 763, 300)",FLP#8090
nso_8090_07638.fts,"(729, 231, 756, 320)",FLP#8090
nso_8090_08040.fts,"(750, 211, 771, 302)",FLP#8090
nso_8091_00401.fts,"(732, 226, 759, 313)",FLP#8091
nso_8091_00802.fts,"(728, 215, 755, 307)",FLP#8091
nso_8091_01203.fts,"(741, 213, 767, 295)",FLP#8091
nso_8091_01604.fts,"(735, 186, 765, 275)",FLP#8091
nso_8091_02005.fts,"(735, 168, 763, 251)",FLP#8091
nso_8091_02406.fts,"(733, 166, 764, 252)",FLP#8091
nso_8091_02807.fts,"(732, 183, 761, 270)",FLP#8091
nso_8091_03208.fts,"(733, 188, 763, 275)",FLP#8091
nso_8091_03609.fts,"(743, 200, 764, 287)",FLP#8091
nso_8091_04010.fts,"(733, 225, 767, 316)",FLP#8091
nso_8091_04411.fts,"(739, 193, 766, 284)",FLP#8091
nso_8091_04812.fts,"(738, 197, 769, 285)",FLP#8091
nso_8091_05213.fts,"(738, 198, 765, 283)",FLP#8091
nso_8091_05614.fts,"(739, 198, 765, 288)",FLP#8091
nso_8091_06015.fts,"(738, 195, 768, 286)",FLP#8091
nso_8091_06416.fts,"(737, 199, 764, 285)",FLP#8091
nso_8091_06817.fts,"(738, 192, 768, 278)",FLP#8091
nso_8091_07218.fts,"(739, 193, 765, 279)",FLP#8091
nso_8091_07619.fts,"(738, 199, 763, 290)",FLP#8091
nso_8091_08020.fts,"(740, 189, 765, 282)",FLP#8091
nso_8092_00345.fts,"(730, 188, 760, 283)",FLP#8092
nso_8092_00690.fts,"(724, 201, 755, 292)",FLP#8092
nso_8092_01035.fts,"(729, 194, 756, 284)",FLP#8092
nso_8092_01380.fts,"(732, 198, 756, 291)",FLP#8092
nso_8092_01725.fts,"(728, 199, 755, 291)",FLP#8092
nso_8092_02070.fts,"(732, 197, 756, 287)",FLP#8092
nso_8092_02415.fts,"(730, 194, 757, 287)",FLP#8092
nso_8092_02760.fts,"(729, 199, 756, 292)",FLP#8092
nso_8092_03105.fts,"(731, 193, 759, 284)",FLP#8092
nso_8092_03450.fts,"(727, 199, 758, 293)",FLP#8092
nso_8092_03795.fts,"(731, 200, 757, 289)",FLP#8092
nso_8092_04140.fts,"(731, 187, 756, 280)",FLP#8092
nso_8092_04485.fts,"(731, 190, 755, 279)",FLP#8092
nso_8092_04830.fts,"(728, 191, 754, 282)",FLP#8092
nso_8092_05175.fts,"(733, 185, 757, 279)",FLP#8092
nso_8092_05520.fts,"(734, 190, 756, 278)",FLP#8092
nso_8092_05865.fts,"(731, 191, 756, 285)",FLP#8092
nso_8092_06210.fts,"(733, 197, 759, 290)",FLP#8092
nso_8092_06555.fts,"(729, 195, 754, 283)",FLP#8092
nso_8092_06900.fts,"(733, 191, 754, 284)",FLP#8092
nso_8093_00344.fts,"(727, 212, 753, 299)",FLP#8092
nso_8093_00688.fts,"(729, 203, 755, 297)",FLP#8092
nso_8093_01032.fts,"(728, 189, 761, 273)",FLP#8093
nso_8093_01376.fts,"(730, 190, 758, 288)",FLP#8093
nso_8093_01720.fts,"(732, 196, 759, 285)",FLP#8093
nso_8093_02064.fts,"(733, 208, 760, 290)",FLP#8093
nso_8093_02408.fts,"(728, 195, 762, 289)",FLP#8093
nso_8093_02752.fts,"(727, 193, 755, 285)",FLP#8093
nso_8093_03096.fts,"(725, 200, 753, 285)",FLP#8093
nso_8093_03440.fts,"(729, 215, 752, 301)",FLP#8093
nso_8093_03784.fts,"(726, 199, 761, 289)",FLP#8093
nso_8093_04128.fts,"(725, 203, 748, 293)",FLP#8093
nso_8093_04472.fts,"(728, 207, 752, 296)",FLP#8093
nso_8093_04816.fts,"(730, 207, 753, 299)",FLP#8093
nso_8093_05160.fts,"(724, 198, 754, 287)",FLP#8093
nso_8093_05504.fts,"(728, 204, 758, 297)",FLP#8093
nso_8093_05848.fts,"(730, 173, 756, 263)",FLP#8093
nso_8093_06192.fts,"(727, 200, 754, 291)",FLP#8093
nso_8093_06536.fts,"(735, 206, 761, 297)",FLP#8093
nso_8093_06880.fts,"(720, 212, 754, 302)",FLP#8093
nso_8094_00393.fts,"(725, 171, 751, 266)",FLP#8094
nso_8094_00786.fts,"(712, 174, 739, 272)",FLP#8094
nso_8094_01179.fts,"(709, 177, 737, 276)",FLP#8094
nso_8094_01572.fts,"(712, 169, 748, 262)",FLP#8094
nso_8094_01965.fts,"(740, 175, 762, 259)",FLP#8094
nso_8094_02358.fts,"(731, 163, 759, 256)",FLP#8094
nso_8094_02751.fts,"(705, 176, 733, 266)",FLP#8094
nso_8094_03144.fts,"(704, 184, 733, 279)",FLP#8094
nso_8094_03537.fts,"(727, 170, 748, 262)",FLP#8094
nso_8094_03930.fts,"(717, 162, 751, 256)",FLP#8094
nso_8094_04323.fts,"(715, 171, 739, 265)",FLP#8094
nso_8094_04716.fts,"(709, 168, 738, 266)",FLP#8094
nso_8094_05109.fts,"(714, 174, 738, 270)",FLP#8094
nso_8094_05502.fts,"(699, 176, 721, 272)",FLP#8094
nso_8094_05895.fts,"(705, 173, 730, 266)",FLP#8094
nso_8094_06288.fts,"(723, 173, 750, 271)",FLP#8094
nso_8094_06681.fts,"(724, 196, 755, 293)",FLP#8094
nso_8094_07074.fts,"(722, 166, 749, 278)",FLP#8094
nso_8094_07467.fts,"(699, 178, 729, 277)",FLP#8094
nso_8094_07860.fts,"(699, 170, 729, 271)",FLP#8094
nso_8095_00396.fts,"(700, 164, 730, 252)",FLP#8095
nso_8095_00797.fts,"(700, 177, 726, 266)",FLP#8095
nso_8095_01193.fts,"(703, 170, 728, 262)",FLP#8095
nso_8095_01589.fts,"(726, 162, 752, 251)",FLP#8095
nso_8095_01985.fts,"(713, 163, 737, 255)",FLP#8095
nso_8095_02381.fts,"(725, 158, 755, 250)",FLP#8095
nso_8095_02777.fts,"(725, 154, 760, 245)",FLP#8095
nso_8095_03173.fts,"(705, 171, 732, 265)",FLP#8095
nso_8095_03569.fts,"(703, 175, 734, 262)",FLP#8095
nso_8095_03965.fts,"(710, 177, 735, 269)",FLP#8095
nso_8095_04361.fts,"(735, 194, 755, 283)",FLP#8095
nso_8095_04757.fts,"(705, 167, 732, 259)",FLP#8095
nso_8095_05153.fts,"(709, 176, 741, 262)",FLP#8095
nso_8095_05549.fts,"(701, 181, 733, 278)",FLP#8095
nso_8095_05945.fts,"(714, 169, 741, 256)",FLP#8095
nso_8095_06341.fts,"(708, 172, 740, 257)",FLP#8095
nso_8095_06737.fts,"(710, 170, 746, 264)",FLP#8095
nso_8095_07133.fts,"(713, 249, 743, 334)",FLP#8095
nso_8095_07529.fts,"(714, 213, 740, 302)",FLP#8095
nso_8095_07925.fts,"(719, 189, 741, 277)",FLP#8095
nso_8096_00401.fts,"(718, 201, 745, 290)",FLP#8096
nso_8096_00802.fts,"(720, 195, 747, 282)",FLP#8096
nso_8096_01203.fts,"(720, 195, 747, 282)",FLP#8096
nso_8096_01604.fts,"(714, 182, 746, 271)",FLP#8096
nso_8096_02005.fts,"(712, 275, 746, 367)",FLP#8096
nso_8096_02406.fts,"(717, 207, 745, 296)",FLP#8096
nso_8096_02807.fts,"(723, 202, 747, 293)",FLP#8096
nso_8096_03208.fts,"(717, 210, 742, 303)",FLP#8096
nso_8096_03609.fts,"(717, 210, 742, 303)",FLP#8096
nso_8096_04010.fts,"(718, 73, 748, 168)",FLP#8096
nso_8096_04411.fts,"(714, 194, 746, 288)",FLP#8096
nso_8096_04812.fts,"(714, 186, 739, 273)",FLP#8096
nso_8096_05213.fts,"(723, 72, 742, 166)",FLP#8096
nso_8096_05614.fts,"(718, 183, 744, 272)",FLP#8096
nso_8096_06015.fts,"(710, 182, 745, 275)",FLP#8096
nso_8096_06416.fts,"(718, 226, 741, 313)",FLP#8096
nso_8096_06817.fts,"(712, 183, 745, 281)",FLP#8096
nso_8096_07218.fts,"(721, 193, 751, 288)",FLP#8096
nso_8096_07619.fts,"(714, 186, 740, 286)",FLP#8096
nso_8096_08020.fts,,
nso_8098_00397.fts,"(714, 179, 743, 279)",FLP#8098
nso_8098_00794.fts,"(709, 176, 743, 268)",FLP#8098
nso_8098_01191.fts,"(713, 180, 741, 275)",FLP#8098
nso_8098_01588.fts,"(717, 389, 745, 475)",FLP#8098
nso_8098_01985.fts,"(716, 176, 740, 268)",FLP#8098
nso_8098_02382.fts,"(717, 178, 751, 272)",FLP#8098
nso_8098_02779.fts,"(707, 181, 737, 269)",FLP#8098
nso_8098_03176.fts,"(714, 173, 742, 256)",FLP#8098
nso_8098_03573.fts,"(715, 167, 748, 258)",FLP#8098
nso_8098_03970.fts,"(715, 182, 744, 269)",FLP#8098
nso_8098_04367.fts,"(717, 202, 746, 288)",FLP#8098
nso_8098_04764.fts,"(714, 180, 741, 267)",FLP#8098
nso_8098_05161.fts,"(713, 209, 743, 294)",FLP#8098
nso_8098_05558.fts,"(712, 194, 742, 277)",FLP#8098
nso_8098_05955.fts,"(706, 175, 736, 297)",FLP#8089
nso_8098_06352.fts,"(709, 180, 737, 291)",FLP#8089
nso_8098_06749.fts,"(713, 171, 742, 289)",FLP#8089
nso_8098_07146.fts,"(707, 207, 737, 296)",FLP#8098
nso_8098_07543.fts,,
nso_8098_07940.fts,,
nso_8099_00397.fts,"(712, 197, 740, 288)",FLP#8099
nso_8099_00794.fts,"(706, 172, 733, 261)",FLP#8099
nso_8099_01191.fts,"(716, 183, 741, 277)",FLP#8099
nso_8099_01588.fts,"(705, 180, 731, 271)",FLP#8099
nso_8099_01985.fts,"(715, 188, 741, 276)",FLP#8099
nso_8099_02382.fts,"(721, 173, 759, 257)",FLP#8099
nso_8099_02779.fts,"(722, 189, 749, 275)",FLP#8099
nso_8099_03176.fts,"(717, 189, 743, 274)",FLP#8099
nso_8099_03573.fts,"(719, 192, 744, 282)",FLP#8099
nso_8099_03970.fts,"(720, 185, 742, 276)",FLP#8099
nso_8099_04367.fts,"(711, 214, 744, 306)",FLP#8099
nso_8099_04764.fts,"(717, 179, 748, 265)",FLP#8099
nso_8099_05161.fts,"(701, 140, 736, 237)",FLP#8099
nso_8099_05558.fts,"(700, 136, 727, 228)",FLP#8099
nso_8099_05955.fts,"(702, 142, 729, 232)",FLP#8099
nso_8099_06352.fts,"(702, 144, 731, 235)",FLP#8099
nso_8099_06749.fts,"(704, 138, 726, 223)",FLP#8099
nso_8099_07146.fts,"(702, 140, 728, 229)",FLP#8099
nso_8099_07543.fts,"(699, 136, 731, 235)",FLP#8099
nso_8099_07940.fts,"(703, 130, 731, 218)",FLP#8099
nso_8100_00397.fts,"(709, 141, 735, 229)",FLP#8100
nso_8100_00794.fts,"(707, 150, 742, 234)",FLP#8100
nso_8100_01191.fts,"(704, 153, 737, 244)",FLP#8100
nso_8100_01588.fts,"(710, 162, 743, 257)",FLP#8100
nso_8100_01985.fts,"(707, 151, 742, 247)",FLP#8100
nso_8100_02382.fts,,
nso_8100_02779.fts,"(704, 147, 731, 241)",FLP#8100
nso_8100_03176.fts,"(715, 183, 745, 278)",FLP#8100
nso_8100_03573.fts,,
nso_8100_03970.fts,,
nso_8100_04367.fts,"(697, 157, 726, 254)",FLP#8100
nso_8100_04764.fts,"(704, 158, 730, 248)",FLP#8100
nso_8100_05161.fts,"(701, 147, 731, 234)",FLP#8100
nso_8100_05558.fts,"(701, 147, 731, 234)",FLP#8100
nso_8100_05955.fts,"(707, 155, 728, 248)",FLP#8100
nso_8100_06352.fts,"(702, 166, 724, 259)",FLP#8100
nso_8100_06749.fts,"(699, 160, 727, 253)",FLP#8100
nso_8100_07146.fts,"(701, 153, 731, 253)",FLP#8100
nso_8100_07543.fts,"(700, 158, 729, 250)",FLP#8100
nso_8100_07940.fts,,
nso_8101_00396.fts,"(712, 194, 737, 282)",FLP#8101
nso_8101_00792.fts,"(713, 209, 745, 304)",FLP#8101
nso_8101_01188.fts,"(714, 147, 746, 240)",FLP#8101
nso_8101_01584.fts,"(713, 188, 744, 273)",FLP#8101
nso_8101_01980.fts,"(717, 187, 749, 274)",FLP#8101
nso_8101_02376.fts,"(712, 212, 741, 304)",FLP#8101
nso_8101_02772.fts,"(713, 192, 745, 283)",FLP#8101
nso_8101_03168.fts,"(702, 166, 737, 253)",FLP#8101
nso_8101_03564.fts,"(712, 216, 740, 314)",FLP#8101
nso_8101_03960.fts,,
nso_8101_04356.fts,,
nso_8101_04752.fts,,
nso_8101_05148.fts,"(648, 178, 683, 295)",
nso_8101_05544.fts,"(648, 178, 683, 295)",
nso_8101_05940.fts,"(647, 216, 677, 303)",
nso_8101_06336.fts,"(594, 170, 629, 245)",
nso_8101_06732.fts,"(600, 162, 627, 248)",FLP#8101
nso_8101_07128.fts,"(605, 194, 637, 289)",FLP#8101
nso_8101_07524.fts,"(606, 214, 630, 301)",FLP#8101
nso_8101_07920.fts,,
nso_8102_00396.fts,"(605, 207, 634, 304)",FLP#8102
nso_8102_00792.fts,"(608, 221, 634, 312)",FLP#8102
nso_8102_01188.fts,"(608, 202, 634, 295)",FLP#8102
nso_8102_01584.fts,"(611, 205, 641, 290)",FLP#8102
nso_8102_01980.fts,"(610, 214, 635, 309)",FLP#8102
nso_8102_02376.fts,"(603, 211, 631, 299)",FLP#8102
nso_8102_02772.fts,"(608, 206, 634, 298)",FLP#8102
nso_8102_03168.fts,"(599, 207, 632, 294)",FLP#8102
nso_8102_03564.fts,"(602, 192, 631, 286)",FLP#8102
nso_8102_03960.fts,"(607, 226, 632, 312)",FLP#8102
nso_8102_04356.fts,"(605, 205, 635, 291)",FLP#8102
nso_8102_04752.fts,"(608, 199, 637, 290)",FLP#8102
nso_8102_05148.fts,"(604, 195, 638, 292)",FLP#8102
nso_8102_05544.fts,"(604, 211, 637, 299)",FLP#8102
nso_8102_05940.fts,"(598, 189, 632, 274)",FLP#8102
nso_8102_06336.fts,,-
nso_8102_06732.fts,"(610, 228, 636, 319)",FLP#8102
nso_8102_07128.fts,"(602, 244, 638, 328)",FLP#8102
nso_8102_07524.fts,"(610, 221, 637, 306)",FLP#8102
nso_8102_07920.fts,"(603, 177, 634, 263)",FLP#8102
nso_8104_00401.fts,"(605, 210, 638, 302)",FLP#8104
nso_8104_00802.fts,"(600, 286, 628, 376)",FLP#8104
nso_8104_01203.fts,"(600, 226, 634, 316)",FLP#8104
nso_8104_01604.fts,"(608, 208, 636, 303)",FLP#8104
nso_8104_02005.fts,"(607, 216, 633, 305)",FLP#8104
nso_8104_02406.fts,"(608, 217, 630, 305)",FLP#8104
nso_8104_02807.fts,"(596, 227, 626, 309)",FLP#8104
nso_8104_03208.fts,"(595, 206, 628, 293)",FLP#8104
nso_8104_03609.fts,"(600, 188, 631, 276)",FLP#8104
nso_8104_04010.fts,"(604, 203, 631, 291)",FLP#8104
nso_8104_04411.fts,"(608, 218, 635, 312)",FLP#8104
nso_8104_04812.fts,"(600, 221, 627, 312)",FLP#8104
nso_8104_05213.fts,"(604, 209, 631, 292)",FLP#8104
nso_8104_05614.fts,"(596, 206, 631, 300)",FLP#8104
nso_8104_06015.fts,"(603, 210, 631, 294)",FLP#8104
nso_8104_06416.fts,"(611, 220, 644, 318)",FLP#8104
nso_8104_06817.fts,,
nso_8104_07218.fts,"(598, 221, 627, 307)",FLP#8104
nso_8104_07619.fts,"(596, 207, 629, 300)",FLP#8104
nso_8104_08020.fts,,
nso_8105_00399.fts,"(598, 172, 630, 263)",FLP#8105
nso_8105_00798.fts,"(603, 207, 633, 293)",FLP#8105
nso_8105_01197.fts,"(600, 188, 632, 272)",FLP#8105
nso_8105_01596.fts,"(601, 217, 633, 303)",FLP#8105
nso_8105_01995.fts,"(606, 213, 640, 294)",FLP#8105
nso_8105_02394.fts,"(600, 230, 627, 311)",FLP#8105
nso_8105_02793.fts,"(598, 220, 631, 311)",FLP#8105
nso_8105_03192.fts,"(599, 225, 629, 310)",FLP#8105
nso_8105_03591.fts,"(598, 224, 633, 313)",FLP#8105
nso_8105_03990.fts,"(598, 222, 626, 313)",FLP#8105
nso_8105_04389.fts,"(603, 224, 624, 313)",FLP#8105
nso_8105_04788.fts,"(598, 216, 631, 301)",FLP#8105
nso_8105_05187.fts,"(602, 224, 630, 308)",FLP#8105
nso_8105_05586.fts,"(604, 224, 627, 307)",FLP#8105
nso_8105_05985.fts,"(601, 224, 623, 312)",FLP#8105
nso_8105_06384.fts,"(604, 222, 626, 308)",FLP#8105
nso_8105_06783.fts,"(600, 225, 632, 309)",FLP#8105
nso_8105_07182.fts,"(594, 200, 624, 291)",FLP#8105
nso_8105_07581.fts,"(591, 177, 624, 259)",FLP#8105
nso_8105_07980.fts,,
nso_8111_00119.fts,"(605, 217, 641, 311)",FLP#8111
nso_8111_00238.fts,"(600, 210, 634, 312)",FLP#8111
nso_8111_00357.fts,"(604, 289, 635, 396)",FLP#8111
nso_8111_00476.fts,"(608, 206, 635, 312)",FLP#8111
nso_8111_00595.fts,"(600, 207, 626, 298)",FLP#8111
nso_8111_00714.fts,"(610, 221, 634, 322)",FLP#8111
nso_8111_00833.fts,"(604, 225, 630, 324)",FLP#8111
nso_8111_00952.fts,"(604, 215, 634, 311)",FLP#8111
nso_8111_01071.fts,"(604, 214, 633, 309)",FLP#8111
nso_8111_01190.fts,"(606, 220, 635, 313)",FLP#8111
nso_8111_01309.fts,"(600, 233, 629, 326)",FLP#8111
nso_8111_01428.fts,"(603, 225, 632, 318)",FLP#8111
nso_8111_01547.fts,"(606, 208, 625, 313)",FLP#8111
nso_8111_01666.fts,"(602, 214, 634, 313)",FLP#8111
nso_8111_01785.fts,"(599, 216, 629, 307)",FLP#8111
nso_8111_01904.fts,"(604, 210, 632, 310)",FLP#8111
nso_8111_02023.fts,"(602, 213, 631, 313)",FLP#8111
nso_8111_02142.fts,"(599, 211, 630, 307)",FLP#8111
nso_8111_02261.fts,"(608, 202, 641, 300)",FLP#8111
