ID,seconds,seconds_lable
nso_0233_00786.fts,"(695, 449, 763, 485)",45
nso_0233_01572.fts,"(699, 459, 761, 493)",20
nso_0233_02359.fts,"(700, 465, 763, 496)",20
nso_0233_03145.fts,"(697, 459, 761, 491)",0
nso_0233_03931.fts,"(691, 460, 757, 492)",20
nso_0233_04723.fts,"(696, 457, 764, 489)",20
nso_0233_05509.fts,"(692, 451, 759, 481)",10
nso_0233_06295.fts,"(697, 455, 767, 491)",20
nso_0233_07081.fts,"(696, 511, 758, 537)",15
nso_0233_07867.fts,"(702, 457, 765, 484)",20
nso_0233_08653.fts,"(696, 459, 755, 487)",15
nso_0233_09439.fts,"(695, 461, 756, 492)",40
nso_0233_10225.fts,"(698, 465, 745, 491)",25
nso_0233_11011.fts,"(695, 459, 757, 487)",5
nso_0233_11797.fts,"(695, 455, 738, 486)",0
nso_0233_12583.fts,"(696, 457, 740, 489)",25
nso_0233_13369.fts,"(696, 464, 755, 489)",5
nso_0233_14155.fts,"(695, 461, 742, 482)",40
nso_0233_14941.fts,"(695, 460, 735, 481)",25
nso_0233_15727.fts,"(697, 453, 754, 481)",35
nso_0234_00760.fts,"(699, 465, 742, 486)",0
nso_0234_01520.fts,"(701, 465, 747, 491)",0
nso_0234_02280.fts,"(696, 454, 744, 484)",50
nso_0234_03040.fts,"(696, 460, 752, 490)",15
nso_0234_03800.fts,"(697, 467, 737, 493)",40
nso_0234_04560.fts,"(697, 462, 738, 487)",20
nso_0234_05320.fts,"(697, 465, 742, 494)",20
nso_0234_06080.fts,"(699, 457, 737, 482)",25
nso_0234_06840.fts,"(698, 465, 742, 493)",5
nso_0234_07600.fts,"(698, 461, 744, 487)",0
nso_0234_08360.fts,"(703, 463, 736, 489)",0
nso_0234_09120.fts,"(701, 468, 743, 498)",25
nso_0234_09880.fts,"(697, 468, 743, 492)",20
nso_0234_10640.fts,"(696, 463, 738, 489)",25
nso_0234_11400.fts,"(698, 468, 738, 495)",20
nso_0234_12160.fts,"(703, 466, 755, 493)",55
nso_0234_12920.fts,"(685, 465, 751, 493)",55
nso_0234_13680.fts,"(691, 470, 737, 497)",25
nso_0234_14440.fts,"(694, 462, 745, 495)",15
nso_0234_15200.fts,,
nso_0235_00773.fts,"(705, 476, 757, 504)",45
nso_0235_01546.fts,"(703, 471, 755, 498)",50
nso_0235_02319.fts,"(699, 478, 760, 498)",35
nso_0235_03092.fts,"(700, 464, 757, 493)",55
nso_0235_03865.fts,"(705, 472, 760, 496)",10
nso_0235_04638.fts,"(706, 474, 761, 498)",5
nso_0235_05411.fts,"(701, 470, 763, 503)",40
nso_0235_06184.fts,"(699, 467, 766, 495)",10
nso_0235_06957.fts,"(702, 474, 762, 499)",50
nso_0235_07730.fts,"(709, 469, 762, 495)",30
nso_0235_08503.fts,"(698, 461, 763, 486)",5
nso_0235_09276.fts,"(695, 463, 761, 494)",0
nso_0235_10049.fts,"(694, 467, 756, 493)",25
nso_0235_10822.fts,"(698, 458, 754, 481)",40
nso_0235_11595.fts,"(695, 469, 752, 497)",35
nso_0235_12368.fts,"(697, 467, 758, 490)",50
nso_0235_13141.fts,"(699, 466, 758, 490)",5
nso_0235_13914.fts,"(704, 460, 762, 490)",25
nso_0235_14687.fts,"(698, 459, 753, 488)",0
nso_0235_15460.fts,"(702, 459, 757, 483)",20
nso_0236_00888.fts,"(707, 467, 760, 498)",10
nso_0236_01776.fts,"(694, 472, 757, 498)",50
nso_0236_02664.fts,,50
nso_0236_03552.fts,"(700, 470, 759, 495)",0
nso_0236_04440.fts,"(699, 471, 763, 495)",20
nso_0236_05328.fts,"(700, 462, 754, 487)",10
nso_0236_06216.fts,"(706, 469, 756, 495)",40
nso_0236_07104.fts,"(701, 472, 762, 495)",20
nso_0236_07992.fts,"(700, 469, 757, 497)",20
nso_0236_08880.fts,"(700, 464, 751, 487)",10
nso_0236_09771.fts,"(694, 467, 759, 494)",40
nso_0236_10659.fts,"(701, 472, 761, 498)",20
nso_0236_11547.fts,"(700, 472, 761, 498)",20
nso_0236_12435.fts,"(699, 472, 757, 496)",40
nso_0236_13323.fts,"(701, 476, 759, 499)",5
nso_0236_14211.fts,"(698, 467, 755, 490)",40
nso_0236_15099.fts,"(704, 470, 759, 495)",20
nso_0236_15987.fts,"(703, 465, 755, 489)",40
nso_0236_16875.fts,"(700, 468, 755, 494)",15
nso_0236_17763.fts,"(702, 457, 756, 480)",40
nso_0237_00761.fts,"(702, 459, 759, 485)",15
nso_0237_01522.fts,"(701, 469, 762, 498)",20
nso_0237_02283.fts,"(699, 466, 763, 488)",40
nso_0237_03044.fts,"(704, 467, 762, 491)",20
nso_0237_03805.fts,"(701, 476, 759, 495)",5
nso_0237_04566.fts,"(705, 462, 761, 487)",20
nso_0237_05327.fts,"(701, 472, 763, 497)",25
nso_0237_06088.fts,"(702, 476, 756, 497)",0
nso_0237_06849.fts,"(704, 475, 759, 495)",0
nso_0237_07610.fts,"(703, 465, 761, 494)",15
nso_0237_08371.fts,"(701, 469, 764, 496)",20
nso_0237_09132.fts,"(707, 472, 756, 491)",20
nso_0237_09893.fts,"(706, 465, 762, 490)",0
nso_0237_10654.fts,"(700, 467, 760, 495)",40
nso_0237_11415.fts,"(709, 467, 762, 488)",10
nso_0237_12176.fts,"(703, 476, 755, 498)",20
nso_0237_12937.fts,"(708, 472, 760, 494)",25
nso_0237_13698.fts,"(704, 470, 760, 496)",0
nso_0237_14459.fts,"(704, 468, 759, 492)",15
nso_0237_15220.fts,"(705, 468, 757, 495)",0
nso_0238_00950.fts,"(702, 466, 761, 499)",25
nso_0238_01900.fts,"(704, 449, 764, 480)",40
nso_0238_02850.fts,"(705, 454, 753, 482)",35
nso_0238_03800.fts,"(702, 467, 753, 491)",15
nso_0238_04750.fts,"(701, 452, 757, 478)",15
nso_0238_05700.fts,"(703, 455, 761, 480)",0
nso_0238_06650.fts,"(704, 467, 758, 490)",10
nso_0238_07600.fts,"(704, 468, 756, 495)",0
nso_0238_08550.fts,"(702, 470, 756, 492)",10
nso_0238_09500.fts,"(706, 466, 756, 489)",15
nso_0238_10450.fts,"(705, 472, 755, 495)",40
nso_0238_11400.fts,"(704, 469, 759, 493)",20
nso_0238_12350.fts,"(705, 473, 761, 492)",0
nso_0238_13300.fts,"(702, 472, 758, 495)",0
nso_0238_14250.fts,"(700, 464, 754, 490)",0
nso_0238_15200.fts,"(704, 480, 763, 498)",5
nso_0238_16150.fts,"(706, 470, 758, 492)",0
nso_0238_17100.fts,"(704, 471, 758, 492)",0
nso_0238_18050.fts,"(704, 466, 767, 492)",0
nso_0239_00836.fts,"(699, 470, 758, 499)",0
nso_0239_01672.fts,"(703, 476, 755, 491)",5
nso_0239_02508.fts,"(701, 468, 761, 492)",0
nso_0239_03344.fts,"(699, 472, 759, 497)",0
nso_0239_04180.fts,"(702, 478, 759, 504)",20
nso_0239_05016.fts,"(708, 475, 760, 493)",0
nso_0239_05852.fts,"(703, 460, 758, 481)",0
nso_0239_06688.fts,"(707, 476, 757, 498)",0
nso_0239_07524.fts,"(700, 475, 756, 503)",0
nso_0239_08360.fts,"(703, 466, 757, 491)",0
nso_0239_09196.fts,"(703, 477, 756, 498)",0
nso_0239_10032.fts,"(702, 470, 758, 493)",15
nso_0239_10868.fts,"(703, 470, 757, 492)",0
nso_0239_11704.fts,"(703, 471, 760, 493)",0
nso_0239_12540.fts,"(703, 469, 761, 489)",0
nso_0239_13376.fts,"(697, 478, 756, 499)",0
nso_0239_14212.fts,"(702, 467, 757, 491)",0
nso_0239_15048.fts,"(703, 470, 768, 491)",5
nso_0239_15884.fts,"(700, 469, 757, 489)",0
nso_0239_16720.fts,"(702, 461, 759, 485)",45
nso_0240_00903.fts,"(701, 472, 757, 494)",0
nso_0240_01806.fts,"(702, 463, 755, 485)",15
nso_0240_02709.fts,"(703, 468, 758, 491)",0
nso_0240_03612.fts,"(699, 467, 759, 491)",10
nso_0240_04515.fts,"(700, 470, 755, 495)",0
nso_0240_05418.fts,"(702, 470, 756, 496)",0
nso_0240_06321.fts,"(703, 472, 760, 498)",20
nso_0240_07224.fts,"(704, 473, 759, 494)",0
nso_0240_08127.fts,"(702, 478, 758, 503)",5
nso_0240_09030.fts,"(703, 466, 760, 488)",10
nso_0240_09933.fts,"(704, 471, 766, 495)",20
nso_0240_10836.fts,"(704, 466, 758, 490)",25
nso_0240_11739.fts,"(703, 466, 758, 490)",0
nso_0240_12642.fts,"(704, 467, 754, 489)",0
nso_0240_13545.fts,"(702, 474, 752, 498)",5
nso_0240_14448.fts,"(699, 473, 748, 496)",0
nso_0240_15351.fts,"(700, 476, 752, 495)",0
nso_0240_16254.fts,"(701, 249, 755, 270)",45
nso_0240_17157.fts,"(702, 465, 757, 488)",30
nso_0240_18060.fts,,25
nso_0241_00933.fts,"(698, 471, 759, 495)",5
nso_0241_01867.fts,"(701, 471, 758, 498)",0
nso_0241_02800.fts,"(703, 476, 756, 497)",0
nso_0241_03733.fts,"(702, 469, 756, 491)",15
nso_0241_04666.fts,"(701, 472, 754, 494)",0
nso_0241_05599.fts,"(703, 474, 761, 496)",0
nso_0241_06532.fts,"(718, 474, 765, 499)",0
nso_0241_07465.fts,"(697, 466, 749, 491)",15
nso_0241_08398.fts,"(711, 454, 761, 478)",30
nso_0241_09331.fts,"(700, 468, 759, 495)",20
nso_0241_10264.fts,"(713, 475, 766, 491)",0
nso_0241_11197.fts,"(711, 481, 763, 501)",25
nso_0241_12130.fts,"(714, 477, 766, 499)",0
nso_0241_13063.fts,"(712, 477, 767, 496)",0
nso_0241_13996.fts,"(714, 477, 764, 496)",5
nso_0241_14929.fts,"(712, 475, 763, 495)",5
nso_0241_15862.fts,"(712, 479, 763, 506)",15
nso_0241_16795.fts,"(712, 481, 765, 503)",10
nso_0241_17728.fts,"(705, 471, 759, 494)",0
nso_0241_18661.fts,,0
nso_0242_00949.fts,"(702, 473, 761, 496)",40
nso_0242_01898.fts,"(706, 478, 761, 498)",15
nso_0242_02847.fts,"(705, 478, 759, 499)",15
nso_0242_03798.fts,"(703, 481, 756, 502)",0
nso_0242_04747.fts,"(704, 474, 758, 490)",0
nso_0242_05696.fts,"(702, 471, 761, 496)",0
nso_0242_06645.fts,"(701, 464, 756, 486)",15
nso_0242_07594.fts,"(698, 473, 761, 498)",0
nso_0242_08543.fts,"(701, 472, 758, 495)",0
nso_0242_09492.fts,,
nso_0242_10441.fts,"(698, 470, 757, 495)",0
nso_0242_11390.fts,"(699, 464, 754, 487)",5
nso_0242_12339.fts,"(701, 466, 755, 484)",10
nso_0242_13288.fts,"(700, 461, 758, 487)",35
nso_0242_14237.fts,"(700, 470, 757, 494)",5
nso_0242_15186.fts,"(705, 466, 758, 489)",5
nso_0242_16135.fts,"(697, 463, 757, 489)",10
nso_0242_17087.fts,"(697, 477, 756, 501)",20
nso_0242_18036.fts,"(698, 453, 759, 483)",15
nso_0242_18985.fts,,
nso_0243_00810.fts,"(699, 462, 753, 487)",10
nso_0243_01620.fts,"(699, 461, 756, 489)",20
nso_0243_02430.fts,"(700, 469, 754, 497)",20
nso_0243_03240.fts,"(699, 467, 757, 492)",40
nso_0243_04050.fts,"(691, 469, 753, 493)",20
nso_0243_04860.fts,"(704, 467, 757, 491)",0
nso_0243_05670.fts,"(699, 477, 759, 500)",0
nso_0243_06480.fts,"(700, 471, 760, 493)",0
nso_0243_07290.fts,"(701, 470, 758, 489)",5
nso_0243_08100.fts,"(702, 476, 760, 499)",0
nso_0243_08910.fts,,
nso_0243_09720.fts,,
nso_0243_10530.fts,"(699, 474, 761, 500)",0
nso_0243_11340.fts,"(705, 462, 755, 485)",35
nso_0243_12150.fts,"(699, 472, 758, 494)",5
nso_0243_12960.fts,"(698, 473, 758, 496)",0
nso_0243_13770.fts,"(704, 461, 755, 492)",10
nso_0243_14580.fts,"(700, 461, 759, 489)",25
nso_0243_15390.fts,"(699, 464, 758, 492)",25
nso_0243_16200.fts,"(700, 471, 754, 493)",40
nso_0244_00754.fts,"(704, 471, 751, 493)",20
nso_0244_01508.fts,"(699, 470, 756, 490)",20
nso_0244_02262.fts,"(699, 470, 753, 495)",25
nso_0244_03016.fts,"(693, 467, 761, 493)",0
nso_0244_03770.fts,"(699, 462, 756, 487)",15
nso_0244_04524.fts,"(701, 469, 754, 490)",15
nso_0244_05278.fts,"(689, 399, 748, 425)",55
nso_0244_06032.fts,"(690, 470, 749, 491)",40
nso_0244_06786.fts,"(699, 467, 752, 490)",40
nso_0244_07541.fts,"(700, 540, 753, 561)",40
nso_0244_08295.fts,"(701, 469, 752, 490)",0
nso_0244_09050.fts,"(700, 460, 760, 486)",40
nso_0244_09804.fts,"(700, 469, 756, 489)",5
nso_0244_10558.fts,"(697, 473, 754, 496)",20
nso_0244_11312.fts,"(700, 462, 752, 489)",20
nso_0244_12066.fts,"(701, 467, 754, 491)",40
nso_0244_12820.fts,"(699, 469, 757, 490)",0
nso_0244_13574.fts,"(697, 473, 747, 494)",40
nso_0244_14329.fts,"(700, 460, 757, 487)",40
nso_0244_15083.fts,"(699, 472, 753, 498)",40
nso_0245_00751.fts,"(695, 517, 763, 546)",
nso_0245_01502.fts,"(700, 467, 753, 490)",
nso_0245_02253.fts,"(700, 476, 753, 499)",40
nso_0245_03004.fts,"(706, 472, 758, 493)",40
nso_0245_03755.fts,"(697, 468, 760, 493)",20
nso_0245_04506.fts,"(697, 468, 755, 488)",
nso_0245_05257.fts,"(701, 467, 755, 490)",40
nso_0245_06008.fts,"(701, 465, 756, 491)",0
nso_0245_06759.fts,"(698, 449, 757, 471)",
nso_0245_07510.fts,"(699, 465, 759, 488)",25
nso_0245_08261.fts,"(700, 471, 758, 494)",0
nso_0245_09012.fts,"(698, 462, 755, 489)",45
nso_0245_09763.fts,"(700, 466, 753, 492)",0
nso_0245_10514.fts,"(701, 462, 762, 487)",15
nso_0245_11265.fts,"(703, 460, 755, 484)",
nso_0245_12016.fts,"(700, 471, 760, 491)",40
nso_0245_12767.fts,"(697, 465, 761, 493)",25
nso_0245_13518.fts,"(697, 473, 756, 498)",20
nso_0245_14269.fts,"(699, 463, 760, 489)",25
nso_0245_15020.fts,"(696, 469, 757, 493)",25
nso_0246_00798.fts,"(694, 468, 761, 497)",5
nso_0246_01596.fts,"(700, 474, 753, 500)",20
nso_0246_02394.fts,"(700, 473, 753, 499)",5
nso_0246_03192.fts,"(695, 467, 754, 493)",40
nso_0246_03990.fts,"(698, 455, 750, 475)",10
nso_0246_04788.fts,"(700, 471, 758, 491)",20
nso_0246_05586.fts,"(704, 465, 757, 489)",-
nso_0246_06384.fts,"(698, 469, 754, 492)",10
nso_0246_07182.fts,"(702, 470, 755, 496)",-
nso_0246_07980.fts,"(698, 464, 757, 494)",15
nso_0246_08778.fts,"(700, 474, 755, 498)",0
nso_0246_09576.fts,"(699, 473, 753, 493)",5
nso_0246_10374.fts,"(699, 472, 756, 497)",0
nso_0246_11172.fts,"(699, 462, 764, 486)",15
nso_0246_11970.fts,"(697, 459, 752, 487)",-
nso_0246_12768.fts,"(697, 466, 760, 496)",20
nso_0246_13566.fts,"(695, 465, 760, 492)",20
nso_0246_14364.fts,"(701, 463, 752, 485)",10
nso_0246_15162.fts,"(698, 456, 753, 478)",35
nso_0246_15960.fts,"(703, 405, 763, 430)",35
nso_0247_00880.fts,"(706, 464, 762, 484)",5
nso_0247_01760.fts,"(706, 472, 765, 496)",25
nso_0247_02640.fts,"(712, 509, 764, 527)",0
nso_0247_03520.fts,"(711, 488, 766, 516)",10
nso_0247_04400.fts,"(708, 484, 763, 509)",45
nso_0247_05280.fts,"(709, 481, 764, 505)",20
nso_0247_06160.fts,"(708, 486, 763, 508)",0
nso_0247_07040.fts,"(708, 486, 762, 508)",5
nso_0247_07920.fts,"(709, 486, 765, 511)",0
nso_0247_08800.fts,"(706, 480, 760, 508)",0
nso_0247_09680.fts,"(712, 486, 767, 510)",5
nso_0247_10560.fts,"(702, 483, 763, 507)",5
nso_0247_11440.fts,"(708, 505, 759, 527)",5
nso_0247_12320.fts,"(709, 478, 768, 503)",5
nso_0247_13200.fts,"(706, 486, 768, 509)",0
nso_0247_14080.fts,"(706, 476, 768, 502)",20
nso_0247_14960.fts,"(699, 484, 753, 504)",0
nso_0247_15840.fts,"(699, 482, 757, 504)",0
nso_0247_16720.fts,"(701, 482, 751, 501)",0
nso_0247_17600.fts,,
nso_0248_00916.fts,"(703, 480, 754, 505)",0
nso_0248_01832.fts,"(700, 480, 756, 504)",0
nso_0248_02748.fts,"(701, 479, 754, 501)",0
nso_0248_03664.fts,"(705, 481, 758, 501)",20
nso_0248_04580.fts,"(704, 484, 757, 508)",0
nso_0248_05496.fts,"(702, 470, 757, 497)",15
nso_0248_06412.fts,"(700, 489, 756, 515)",0
nso_0248_07328.fts,"(699, 485, 754, 509)",0
nso_0248_08244.fts,"(714, 482, 763, 506)",15
nso_0248_09160.fts,"(715, 484, 763, 507)",25
nso_0248_10076.fts,"(711, 478, 766, 502)",20
nso_0248_10992.fts,"(716, 484, 763, 502)",0
nso_0248_11908.fts,"(714, 475, 766, 500)",0
nso_0248_12824.fts,"(714, 476, 763, 500)",20
nso_0248_13740.fts,"(712, 480, 763, 501)",0
nso_0248_14656.fts,"(712, 484, 768, 508)",0
nso_0248_15572.fts,"(712, 460, 764, 483)",0
nso_0248_16488.fts,"(712, 476, 767, 501)",20
nso_0248_17404.fts,"(716, 480, 766, 507)",0
nso_0248_18320.fts,"(718, 479, 763, 502)",40
nso_0249_00869.fts,"(716, 482, 765, 501)",5
nso_0249_01738.fts,"(710, 485, 761, 506)",15
nso_0249_02607.fts,"(710, 475, 766, 498)",15
nso_0249_03476.fts,"(708, 480, 759, 500)",10
nso_0249_04345.fts,"(710, 485, 765, 504)",0
nso_0249_05214.fts,"(702, 480, 752, 500)",10
nso_0249_06083.fts,"(695, 482, 748, 500)",5
nso_0249_06952.fts,"(690, 480, 748, 505)",5
nso_0249_07821.fts,"(700, 475, 754, 501)",20
nso_0249_08690.fts,"(694, 482, 747, 505)",0
nso_0249_09559.fts,"(701, 479, 754, 503)",20
nso_0249_10428.fts,"(700, 481, 759, 505)",0
nso_0249_11297.fts,"(701, 482, 755, 504)",0
nso_0249_12166.fts,"(699, 485, 756, 508)",40
nso_0249_13035.fts,"(699, 481, 758, 504)",0
nso_0249_13904.fts,"(700, 479, 755, 503)",15
nso_0249_14773.fts,"(703, 478, 756, 501)",5
nso_0249_15642.fts,"(700, 484, 752, 511)",0
nso_0249_16511.fts,"(703, 469, 757, 496)",20
nso_0249_17380.fts,"(703, 473, 754, 495)",10
nso_0250_01087.fts,"(701, 483, 759, 506)",0
nso_0250_02174.fts,"(703, 483, 760, 506)",0
nso_0250_03261.fts,"(697, 466, 755, 488)",10
nso_0250_04348.fts,"(699, 484, 755, 506)",0
nso_0250_05435.fts,"(703, 466, 753, 490)",15
nso_0250_06522.fts,"(696, 471, 757, 492)",0
nso_0250_07609.fts,"(699, 478, 756, 500)",0
nso_0250_08696.fts,"(704, 470, 756, 496)",10
nso_0250_09783.fts,"(700, 479, 753, 502)",0
nso_0250_10870.fts,"(702, 468, 756, 493)",10
nso_0250_11957.fts,"(692, 481, 745, 504)",0
nso_0250_13044.fts,"(700, 485, 752, 508)",0
nso_0250_14131.fts,"(699, 481, 753, 500)",15
nso_0250_15218.fts,"(705, 481, 755, 500)",0
nso_0250_16305.fts,"(704, 474, 759, 500)",15
nso_0250_17392.fts,"(707, 482, 754, 508)",5
nso_0250_18479.fts,"(701, 473, 755, 498)",20
nso_0250_19566.fts,"(701, 472, 756, 495)",30
nso_0250_20653.fts,"(704, 467, 762, 489)",0
nso_0250_21740.fts,"(702, 465, 766, 501)",25
nso_0251_00979.fts,"(703, 483, 763, 507)",0
nso_0251_01958.fts,"(706, 478, 757, 500)",10
nso_0251_02937.fts,"(697, 482, 755, 505)",5
nso_0251_03916.fts,"(704, 482, 756, 503)",0
nso_0251_04895.fts,"(697, 478, 755, 501)",15
nso_0251_05874.fts,"(691, 476, 744, 498)",5
nso_0251_06853.fts,"(702, 481, 759, 504)",0
nso_0251_07832.fts,"(698, 473, 757, 496)",5
nso_0251_08811.fts,"(700, 478, 756, 500)",20
nso_0251_09790.fts,"(705, 477, 758, 501)",0
nso_0251_10769.fts,"(717, 472, 768, 496)",0
nso_0251_11748.fts,"(714, 470, 767, 490)",0
nso_0251_12727.fts,"(705, 477, 756, 503)",0
nso_0251_13706.fts,"(703, 474, 753, 491)",0
nso_0251_14685.fts,"(690, 469, 749, 495)",40
nso_0251_15664.fts,"(700, 475, 756, 497)",0
nso_0251_16643.fts,"(703, 474, 760, 496)",0
nso_0251_17622.fts,"(707, 468, 753, 491)",0
nso_0251_18601.fts,"(702, 478, 757, 500)",20
nso_0251_19580.fts,"(707, 470, 756, 489)",0
nso_0252_00818.fts,"(684, 457, 747, 482)",0
nso_0252_01636.fts,"(701, 477, 760, 500)",0
nso_0252_02454.fts,"(684, 474, 742, 494)",0
nso_0252_03272.fts,"(703, 481, 758, 502)",5
nso_0252_04090.fts,"(705, 292, 752, 314)",15
nso_0252_04908.fts,"(700, 471, 762, 493)",0
nso_0252_05726.fts,"(680, 448, 727, 473)",0
nso_0252_06544.fts,"(696, 456, 751, 478)",0
nso_0252_07362.fts,"(683, 447, 740, 471)",10
nso_0252_08180.fts,"(671, 451, 730, 474)",10
nso_0252_08998.fts,"(700, 453, 749, 476)",10
nso_0252_09816.fts,"(700, 461, 753, 480)",0
nso_0252_10634.fts,"(702, 457, 752, 480)",5
nso_0252_11452.fts,"(698, 456, 757, 478)",0
nso_0252_12270.fts,"(695, 455, 753, 481)",0
nso_0252_13088.fts,"(696, 455, 750, 475)",10
nso_0252_13906.fts,"(703, 456, 760, 484)",0
nso_0252_14724.fts,"(694, 453, 752, 480)",0
nso_0252_15542.fts,"(696, 463, 751, 485)",0
nso_0252_16360.fts,,
nso_0253_00879.fts,"(699, 458, 754, 480)",0
nso_0253_01758.fts,"(698, 469, 755, 495)",20
nso_0253_02637.fts,"(700, 465, 755, 486)",50
nso_0253_03516.fts,"(697, 474, 755, 496)",0
nso_0253_04395.fts,"(712, 473, 765, 495)",0
nso_0253_05274.fts,"(701, 473, 755, 495)",20
nso_0253_06153.fts,"(680, 462, 736, 481)",0
nso_0253_07032.fts,"(695, 449, 755, 473)",10
nso_0253_07911.fts,"(698, 454, 756, 478)",5
nso_0253_08790.fts,"(697, 470, 755, 496)",10
nso_0253_09669.fts,"(706, 488, 759, 508)",0
nso_0253_10548.fts,"(712, 501, 765, 523)",0
nso_0253_11427.fts,"(716, 497, 765, 517)",0
nso_0253_12306.fts,"(716, 488, 766, 512)",0
nso_0253_13185.fts,"(716, 478, 766, 499)",10
nso_0253_14064.fts,"(713, 480, 766, 500)",0
nso_0253_14943.fts,"(719, 487, 764, 504)",5
nso_0253_15822.fts,"(699, 476, 757, 502)",30
nso_0253_16701.fts,"(706, 475, 761, 497)",0
nso_0253_17580.fts,"(705, 471, 767, 493)",55
nso_0254_00700.fts,,
nso_0254_01400.fts,,
nso_0254_02100.fts,,
nso_0254_02800.fts,"(710, 484, 763, 506)",15
nso_0254_03500.fts,"(711, 35, 763, 59)",10
nso_0254_04200.fts,"(709, 470, 764, 490)",5
nso_0254_04900.fts,"(712, 472, 761, 493)",
nso_0254_05600.fts,"(713, 482, 760, 503)",0
nso_0254_06300.fts,"(711, 481, 763, 502)",0
nso_0254_07000.fts,"(710, 484, 762, 504)",0
nso_0254_07700.fts,"(709, 488, 762, 505)",0
nso_0254_08400.fts,"(713, 477, 757, 495)",
nso_0254_09100.fts,"(709, 473, 765, 497)",20
nso_0254_09800.fts,"(713, 484, 760, 502)",0
nso_0254_10500.fts,"(712, 477, 763, 499)",0
nso_0254_11200.fts,"(709, 479, 763, 500)",20
nso_0254_11900.fts,"(716, 478, 764, 500)",0
nso_0254_12600.fts,"(715, 282, 766, 302)",20
nso_0254_13300.fts,"(712, 484, 760, 504)",5
nso_0254_14000.fts,"(713, 487, 760, 506)",0
nso_0255_01025.fts,"(708, 488, 761, 514)",0
nso_0255_02050.fts,"(713, 489, 766, 513)",0
nso_0255_03075.fts,"(711, 494, 760, 513)",
nso_0255_04100.fts,"(713, 495, 762, 512)",0
nso_0255_05125.fts,"(707, 491, 762, 510)",15
nso_0255_06150.fts,"(710, 487, 762, 506)",0
nso_0255_07175.fts,"(710, 496, 763, 515)",0
nso_0255_08200.fts,"(712, 498, 762, 514)",0
nso_0255_09225.fts,"(708, 482, 760, 507)",15
nso_0255_10250.fts,"(711, 482, 764, 504)",10
nso_0255_11275.fts,"(710, 480, 766, 500)",0
nso_0255_12300.fts,"(705, 492, 761, 514)",15
nso_0255_13325.fts,"(711, 497, 761, 518)",50
nso_0255_14350.fts,"(709, 495, 756, 519)",0
nso_0255_15376.fts,"(705, 497, 760, 515)",0
nso_0255_16401.fts,"(706, 497, 763, 519)",0
nso_0255_17426.fts,"(703, 492, 758, 509)",0
nso_0255_18451.fts,"(706, 489, 752, 512)",0
nso_0255_19476.fts,"(708, 494, 759, 511)",0
nso_0255_20501.fts,"(712, 486, 760, 509)",5
nso_0256_01054.fts,"(704, 496, 755, 516)",0
nso_0256_02108.fts,"(706, 499, 761, 522)",0
nso_0256_03162.fts,"(708, 501, 760, 525)",40
nso_0256_04216.fts,"(706, 492, 754, 512)",10
nso_0256_05270.fts,"(707, 493, 754, 515)",5
nso_0256_06324.fts,"(707, 494, 754, 516)",5
nso_0256_07378.fts,"(703, 497, 758, 516)",20
nso_0256_08432.fts,"(708, 497, 756, 513)",15
nso_0256_09486.fts,"(703, 496, 755, 517)",0
nso_0256_10540.fts,"(705, 495, 755, 514)",10
nso_0256_11594.fts,"(705, 497, 756, 519)",0
nso_0256_12648.fts,"(709, 491, 756, 513)",15
nso_0256_13702.fts,"(704, 490, 753, 511)",10
nso_0256_14756.fts,"(702, 495, 757, 518)",0
nso_0256_15810.fts,"(709, 497, 761, 514)",0
nso_0256_16864.fts,"(705, 494, 760, 515)",0
nso_0256_17918.fts,"(709, 488, 758, 513)",15
nso_0256_18972.fts,"(707, 496, 762, 516)",55
nso_0256_20026.fts,"(703, 479, 752, 499)",0
nso_0256_21080.fts,"(703, 484, 754, 505)",10
nso_0257_01063.fts,"(701, 495, 758, 515)",0
nso_0257_02126.fts,"(711, 477, 753, 498)",10
nso_0257_03189.fts,"(705, 486, 755, 505)",0
nso_0257_04252.fts,"(703, 483, 755, 502)",0
nso_0257_05315.fts,"(702, 486, 751, 507)",0
nso_0257_06378.fts,"(700, 491, 755, 513)",55
nso_0257_07441.fts,"(704, 480, 758, 505)",20
nso_0257_08504.fts,"(698, 483, 751, 504)",15
nso_0257_09567.fts,"(701, 484, 753, 506)",20
nso_0257_10630.fts,"(697, 481, 754, 505)",55
nso_0257_11693.fts,"(701, 479, 753, 502)",5
nso_0257_12756.fts,"(704, 476, 757, 500)",20
nso_0257_13819.fts,"(702, 483, 755, 503)",15
nso_0257_14883.fts,"(700, 482, 753, 503)",40
nso_0257_15946.fts,"(696, 469, 755, 499)",15
nso_0257_17009.fts,"(703, 481, 755, 503)",50
nso_0257_18072.fts,"(703, 487, 752, 511)",5
nso_0257_19135.fts,"(698, 494, 755, 518)",10
nso_0257_20198.fts,"(708, 474, 754, 492)",0
nso_0257_21261.fts,,
nso_0258_01084.fts,"(701, 480, 751, 503)",5
nso_0258_02168.fts,"(703, 482, 760, 507)",20
nso_0258_03252.fts,"(703, 486, 756, 504)",0
nso_0258_04336.fts,"(704, 488, 755, 506)",0
nso_0258_05422.fts,"(700, 479, 762, 502)",0
nso_0258_06506.fts,"(703, 482, 763, 504)",20
nso_0258_07590.fts,"(703, 485, 759, 503)",0
nso_0258_08674.fts,"(701, 481, 756, 502)",20
nso_0258_09758.fts,"(712, 474, 753, 492)",10
nso_0258_10842.fts,"(704, 477, 757, 498)",0
nso_0258_11926.fts,"(702, 476, 755, 498)",20
nso_0258_13010.fts,"(700, 477, 750, 498)",10
nso_0258_14094.fts,"(705, 490, 754, 505)",0
nso_0258_15178.fts,"(689, 475, 749, 495)",0
nso_0258_16262.fts,"(702, 479, 756, 497)",0
nso_0258_17346.fts,"(701, 473, 758, 499)",20
nso_0258_18430.fts,"(708, 480, 753, 500)",10
nso_0258_19514.fts,"(702, 476, 758, 499)",15
nso_0258_20598.fts,"(703, 493, 756, 514)",0
nso_0258_21682.fts,,
nso_0259_01076.fts,"(705, 474, 758, 495)",0
nso_0259_02152.fts,"(701, 480, 761, 501)",0
nso_0259_03228.fts,"(697, 465, 758, 485)",10
nso_0259_04304.fts,"(702, 474, 759, 498)",20
nso_0259_05380.fts,"(698, 472, 756, 494)",
nso_0259_06456.fts,"(698, 475, 756, 497)",0
nso_0259_07532.fts,"(700, 477, 751, 500)",0
nso_0259_08608.fts,"(700, 474, 753, 496)",
nso_0259_09684.fts,"(706, 477, 751, 494)",
nso_0259_10760.fts,"(701, 479, 752, 500)",0
nso_0259_11836.fts,"(700, 471, 756, 497)",20
nso_0259_12912.fts,"(702, 469, 757, 493)",5
nso_0259_13988.fts,"(697, 472, 747, 493)",5
nso_0259_15064.fts,"(700, 467, 756, 491)",20
nso_0259_16140.fts,"(699, 475, 753, 501)",0
nso_0259_17216.fts,"(696, 471, 752, 489)",
nso_0259_18292.fts,"(698, 466, 756, 490)",20
nso_0259_19368.fts,"(700, 463, 760, 483)",0
nso_0259_20444.fts,"(699, 486, 756, 511)",50
nso_0259_21520.fts,"(699, 467, 751, 487)",0
nso_0260_00972.fts,"(694, 466, 749, 488)",0
nso_0260_01942.fts,"(699, 468, 748, 489)",0
nso_0260_02912.fts,"(702, 471, 752, 488)",0
nso_0260_03883.fts,"(694, 471, 747, 489)",
nso_0260_04853.fts,"(697, 301, 751, 325)",15
nso_0260_05823.fts,"(698, 465, 755, 487)",
nso_0260_06793.fts,"(695, 455, 750, 475)",-
nso_0260_07763.fts,"(700, 466, 759, 488)",0
nso_0260_08733.fts,"(697, 454, 753, 481)",10
nso_0260_09703.fts,"(698, 466, 755, 485)",0
nso_0260_10673.fts,"(700, 459, 751, 486)",-
nso_0260_11643.fts,"(698, 467, 753, 486)",0
nso_0260_12613.fts,"(701, 466, 757, 488)",
nso_0260_13583.fts,"(696, 463, 755, 490)",15
nso_0260_14553.fts,"(697, 470, 752, 491)",0
nso_0260_15523.fts,"(698, 473, 756, 495)",0
nso_0260_16493.fts,"(700, 467, 752, 487)",0
nso_0260_17463.fts,"(700, 467, 751, 488)",-
nso_0260_18433.fts,"(698, 465, 754, 487)",0
nso_0260_19403.fts,"(695, 462, 754, 490)",55
nso_0261_01028.fts,"(703, 471, 754, 488)",0
nso_0261_02053.fts,"(703, 459, 757, 481)",0
nso_0261_03078.fts,"(701, 470, 754, 489)",0
nso_0261_04104.fts,"(700, 474, 757, 494)",0
nso_0261_05129.fts,"(701, 466, 755, 487)",0
nso_0261_06154.fts,"(702, 478, 755, 499)",-
nso_0261_07179.fts,"(700, 462, 759, 489)",20
nso_0261_08204.fts,"(702, 468, 756, 487)",0
nso_0261_09232.fts,"(699, 452, 751, 471)",-
nso_0261_10257.fts,"(699, 470, 755, 491)",-
nso_0261_11282.fts,"(699, 465, 755, 488)",-
nso_0261_12307.fts,"(696, 467, 753, 487)",-
nso_0261_13332.fts,"(696, 464, 753, 488)",20
nso_0261_14357.fts,"(698, 466, 756, 485)",15
nso_0261_15382.fts,"(698, 459, 755, 481)",5
nso_0261_16407.fts,"(701, 462, 758, 482)",0
nso_0261_17432.fts,"(699, 463, 756, 488)",20
nso_0261_18457.fts,"(707, 462, 760, 483)",-
nso_0261_19482.fts,"(711, 517, 763, 540)",0
nso_0261_20507.fts,"(709, 461, 760, 482)",20
nso_0262_01092.fts,"(708, 479, 759, 497)",0
nso_0262_02183.fts,"(703, 467, 758, 488)",15
nso_0262_03274.fts,"(705, 466, 762, 491)",0
nso_0262_04365.fts,"(707, 469, 760, 488)",15
nso_0262_05456.fts,"(706, 475, 760, 499)",20
nso_0262_06547.fts,"(704, 474, 759, 495)",45
nso_0262_07638.fts,"(702, 474, 763, 499)",-
nso_0262_08729.fts,"(707, 472, 756, 493)",-
nso_0262_09820.fts,"(708, 475, 764, 495)",0
nso_0262_10911.fts,"(707, 473, 759, 494)",0
nso_0262_12002.fts,"(706, 467, 762, 487)",0
nso_0262_13093.fts,"(704, 473, 761, 495)",0
nso_0262_14184.fts,"(703, 476, 756, 496)",0
nso_0262_15275.fts,"(716, 470, 767, 492)",0
nso_0262_16366.fts,"(700, 474, 759, 494)",0
nso_0262_17457.fts,"(702, 479, 758, 498)",0
nso_0262_18548.fts,"(706, 474, 765, 492)",0
nso_0262_19639.fts,"(707, 484, 756, 502)",-
nso_0262_20730.fts,,-
nso_0262_21821.fts,,-
nso_0263_01029.fts,"(706, 488, 756, 510)",-
nso_0263_02058.fts,"(711, 492, 761, 509)",-
nso_0263_03087.fts,"(705, 486, 758, 505)",0
nso_0263_04117.fts,"(707, 486, 759, 505)",-
nso_0263_05146.fts,"(703, 494, 757, 511)",-
nso_0263_06175.fts,"(711, 487, 757, 507)",0
nso_0263_07204.fts,"(717, 475, 764, 497)",25
nso_0263_08233.fts,"(711, 473, 759, 499)",5
nso_0263_09262.fts,"(703, 483, 758, 501)",-
nso_0263_10291.fts,,-
nso_0263_11320.fts,,10
nso_0263_12349.fts,"(709, 482, 758, 504)",-
nso_0263_13378.fts,"(704, 497, 757, 514)",0
nso_0263_14407.fts,"(706, 494, 756, 510)",0
nso_0263_15436.fts,"(708, 495, 761, 514)",0
nso_0263_16465.fts,"(712, 486, 761, 505)",0
nso_0263_17494.fts,"(709, 492, 760, 514)",0
nso_0263_18523.fts,"(708, 478, 761, 500)",0
nso_0263_19552.fts,"(707, 487, 762, 506)",0
nso_0263_20581.fts,"(704, 492, 755, 514)",50
nso_0264_00807.fts,"(705, 498, 760, 520)",0
nso_0264_01614.fts,"(705, 494, 761, 516)",0
nso_0264_02421.fts,"(709, 510, 760, 526)",0
nso_0264_03228.fts,"(707, 507, 760, 526)",0
nso_0264_04035.fts,"(705, 501, 760, 519)",0
nso_0264_04842.fts,"(707, 521, 758, 541)",40
nso_0264_05649.fts,"(707, 486, 759, 503)",0
nso_0264_06456.fts,"(705, 544, 754, 564)",25
nso_0264_07263.fts,"(707, 485, 762, 507)",0
nso_0264_08070.fts,"(704, 486, 761, 512)",0
nso_0264_08877.fts,"(706, 485, 760, 510)",20
nso_0264_09684.fts,"(708, 490, 763, 515)",0
nso_0264_10491.fts,"(692, 477, 752, 499)",0
nso_0264_11298.fts,"(706, 493, 763, 513)",0
nso_0264_12105.fts,"(707, 500, 764, 522)",0
nso_0264_12912.fts,"(708, 492, 761, 513)",0
nso_0264_13719.fts,"(707, 499, 763, 522)",0
nso_0264_14526.fts,"(709, 495, 765, 520)",0
nso_0264_15333.fts,"(706, 481, 763, 506)",0
nso_0264_16140.fts,,
nso_0265_00915.fts,"(698, 496, 752, 514)",0
nso_0265_01830.fts,"(696, 501, 747, 518)",0
nso_0265_02745.fts,"(702, 498, 756, 522)",0
nso_0265_03660.fts,"(707, 499, 762, 521)",0
nso_0265_04575.fts,"(706, 497, 762, 516)",0
nso_0265_05490.fts,"(709, 484, 762, 506)",20
nso_0265_06405.fts,"(706, 504, 762, 521)",0
nso_0265_07320.fts,"(709, 498, 759, 518)",0
nso_0265_08235.fts,"(705, 498, 761, 515)",0
nso_0265_09150.fts,"(708, 494, 763, 515)",55
nso_0265_10065.fts,"(694, 487, 753, 516)",20
nso_0265_10982.fts,"(709, 500, 764, 517)",0
nso_0265_11897.fts,"(711, 493, 761, 515)",0
nso_0265_12812.fts,"(707, 502, 762, 518)",0
nso_0265_13727.fts,"(703, 483, 758, 505)",0
nso_0265_14642.fts,"(700, 488, 756, 510)",0
nso_0265_15557.fts,"(707, 495, 761, 514)",0
nso_0265_16473.fts,"(702, 506, 755, 528)",0
nso_0265_17388.fts,"(705, 509, 753, 528)",0
nso_0265_18303.fts,"(701, 511, 758, 525)",10
nso_0267_00877.fts,"(705, 512, 758, 532)",35
nso_0267_01754.fts,"(703, 512, 755, 534)",5
nso_0267_02631.fts,"(697, 494, 758, 516)",50
nso_0267_03508.fts,"(703, 497, 756, 526)",0
nso_0267_04385.fts,"(708, 494, 757, 519)",0
nso_0267_05262.fts,"(705, 487, 762, 509)",25
nso_0267_06139.fts,"(707, 488, 770, 508)",10
nso_0267_07016.fts,"(705, 494, 755, 517)",0
nso_0267_07893.fts,"(705, 498, 761, 518)",0
nso_0267_08770.fts,"(702, 499, 757, 520)",0
nso_0267_09647.fts,"(706, 502, 761, 520)",0
nso_0267_10524.fts,"(705, 499, 757, 520)",25
nso_0267_11401.fts,"(704, 536, 758, 557)",5
nso_0267_12278.fts,"(701, 492, 758, 516)",0
nso_0267_13155.fts,"(711, 506, 753, 523)",0
nso_0267_14032.fts,"(703, 501, 761, 525)",0
nso_0267_14909.fts,"(707, 505, 759, 526)",0
nso_0267_15786.fts,"(705, 495, 753, 514)",0
nso_0267_16663.fts,"(706, 492, 758, 519)",0
nso_0267_17540.fts,,
nso_0268_00834.fts,"(701, 503, 756, 522)",0
nso_0268_01668.fts,"(705, 501, 756, 520)",0
nso_0268_02502.fts,"(696, 526, 764, 552)",20
nso_0268_03336.fts,"(699, 493, 767, 516)",0
nso_0268_04170.fts,"(703, 493, 758, 518)",55
nso_0268_05004.fts,"(707, 491, 762, 514)",55
nso_0268_05838.fts,"(701, 494, 758, 517)",50
nso_0268_06672.fts,"(703, 478, 764, 507)",10
nso_0268_07506.fts,"(704, 497, 753, 513)",0
nso_0268_08340.fts,"(703, 498, 756, 519)",0
nso_0268_09174.fts,"(703, 496, 750, 518)",0
nso_0268_10008.fts,"(701, 489, 751, 515)",0
nso_0268_10842.fts,"(701, 493, 760, 513)",0
nso_0268_11676.fts,"(701, 489, 754, 515)",0
nso_0268_12510.fts,"(698, 494, 755, 511)",0
nso_0268_13344.fts,"(708, 487, 761, 507)",35
nso_0268_14178.fts,"(695, 493, 765, 516)",0
nso_0268_15012.fts,"(705, 482, 771, 506)",10
nso_0268_15846.fts,"(699, 491, 756, 514)",0
nso_0268_16680.fts,,
nso_0269_00921.fts,"(697, 502, 749, 518)",0
nso_0269_01842.fts,"(703, 498, 762, 522)",0
nso_0269_02763.fts,"(705, 490, 761, 510)",0
nso_0269_03684.fts,"(701, 493, 753, 512)",0
nso_0269_04605.fts,"(699, 490, 753, 511)",0
nso_0269_05526.fts,"(701, 494, 760, 518)",0
nso_0269_06447.fts,"(700, 496, 751, 515)",0
nso_0269_07368.fts,"(699, 488, 752, 512)",0
nso_0269_08289.fts,"(696, 493, 758, 509)",0
nso_0269_09210.fts,"(696, 497, 753, 513)",0
nso_0269_10131.fts,"(702, 491, 752, 512)",0
nso_0269_11052.fts,"(703, 478, 759, 498)",10
nso_0269_11973.fts,"(699, 499, 758, 519)",50
nso_0269_12894.fts,"(702, 486, 757, 509)",10
nso_0269_13815.fts,"(699, 478, 761, 501)",10
nso_0269_14736.fts,"(702, 478, 764, 504)",10
nso_0269_15657.fts,"(699, 492, 753, 515)",0
nso_0269_16578.fts,"(702, 491, 753, 510)",0
nso_0269_17499.fts,"(703, 472, 758, 496)",15
nso_0269_18420.fts,"(700, 477, 765, 495)",10
nso_0270_01056.fts,"(697, 496, 756, 516)",0
nso_0270_02112.fts,"(696, 494, 751, 514)",0
nso_0270_03168.fts,"(702, 481, 760, 502)",10
nso_0270_04224.fts,"(705, 495, 754, 518)",15
nso_0270_05280.fts,"(763, 507, 763, 507)",10
nso_0270_06336.fts,"(701, 496, 754, 515)",5
nso_0270_07392.fts,"(700, 489, 753, 512)",0
nso_0270_08448.fts,"(706, 493, 752, 514)",0
nso_0270_09504.fts,"(706, 496, 753, 515)",0
nso_0270_10560.fts,"(702, 478, 762, 501)",10
nso_0270_11616.fts,"(700, 495, 754, 513)",0
nso_0270_12674.fts,"(712, 497, 759, 515)",0
nso_0270_13732.fts,"(703, 492, 752, 510)",0
nso_0270_14790.fts,"(695, 491, 742, 512)",0
nso_0270_15846.fts,"(704, 489, 748, 509)",0
nso_0270_16905.fts,"(698, 474, 756, 499)",10
nso_0270_17964.fts,"(701, 490, 750, 511)",0
nso_0270_19020.fts,"(700, 492, 750, 509)",0
nso_0270_20079.fts,"(704, 476, 758, 498)",10
nso_0270_21138.fts,,
nso_0271_00962.fts,"(704, 493, 754, 512)",0
nso_0271_01924.fts,"(699, 498, 751, 518)",0
nso_0271_02886.fts,"(701, 496, 751, 516)",0
nso_0271_03848.fts,"(699, 481, 762, 501)",10
nso_0271_04810.fts,"(701, 493, 753, 515)",0
nso_0271_05772.fts,"(704, 495, 750, 512)",0
nso_0271_06734.fts,"(702, 492, 750, 513)",0
nso_0271_07696.fts,"(703, 495, 755, 514)",0
nso_0271_08658.fts,"(695, 491, 750, 513)",0
nso_0271_09620.fts,"(703, 480, 760, 502)",10
nso_0271_10582.fts,"(701, 498, 753, 518)",0
nso_0271_11544.fts,"(703, 492, 752, 513)",25
nso_0271_12506.fts,"(698, 497, 752, 520)",0
nso_0271_13468.fts,"(702, 499, 750, 519)",0
nso_0271_14430.fts,"(702, 495, 754, 514)",0
nso_0271_15392.fts,"(706, 492, 753, 512)",0
nso_0271_16354.fts,"(703, 496, 751, 518)",0
nso_0271_17316.fts,"(702, 493, 752, 510)",0
nso_0271_18278.fts,"(698, 476, 760, 502)",10
nso_0272_00704.fts,,
nso_0272_01408.fts,,
nso_0272_02112.fts,,
nso_0272_02816.fts,,
nso_0272_03520.fts,,
nso_0272_04224.fts,,
nso_0272_04928.fts,,
nso_0272_05632.fts,,
nso_0272_06336.fts,,
nso_0272_07040.fts,,
nso_0272_07744.fts,"(700, 491, 751, 508)",0
nso_0272_08448.fts,"(704, 491, 748, 512)",0
nso_0272_09152.fts,"(705, 472, 757, 492)",20
nso_0272_09856.fts,"(704, 487, 753, 509)",0
nso_0272_10560.fts,"(704, 491, 756, 508)",0
nso_0272_11264.fts,"(700, 494, 747, 516)",0
nso_0272_11968.fts,"(701, 491, 755, 512)",0
nso_0272_12672.fts,"(704, 479, 759, 502)",10
nso_0272_13376.fts,"(702, 494, 751, 511)",0
nso_0272_14080.fts,,
nso_0273_01034.fts,"(704, 494, 758, 513)",0
nso_0273_02068.fts,"(696, 497, 750, 515)",0
nso_0273_03102.fts,"(697, 488, 758, 512)",0
nso_0273_04136.fts,"(697, 496, 748, 516)",0
nso_0273_05170.fts,"(697, 495, 756, 517)",0
nso_0273_06204.fts,"(697, 476, 745, 495)",0
nso_0273_07238.fts,"(698, 475, 750, 493)",0
nso_0273_08272.fts,"(697, 469, 755, 493)",0
nso_0273_09306.fts,"(697, 472, 755, 494)",25
nso_0273_10340.fts,"(697, 472, 748, 492)",0
nso_0273_11374.fts,"(697, 467, 752, 490)",0
nso_0273_12408.fts,"(693, 581, 747, 600)",40
nso_0273_13442.fts,"(700, 471, 746, 489)",0
nso_0273_14476.fts,"(686, 463, 746, 488)",0
nso_0273_15510.fts,"(695, 235, 755, 259)",10
nso_0273_16544.fts,"(689, 474, 751, 498)",0
nso_0273_17578.fts,"(692, 469, 755, 492)",0
nso_0273_18612.fts,"(696, 460, 755, 483)",10
nso_0273_19646.fts,"(697, 468, 754, 491)",20
nso_0273_20680.fts,"(697, 461, 756, 486)",10
nso_0274_01019.fts,"(693, 458, 755, 485)",10
nso_0274_02038.fts,"(696, 468, 746, 488)",0
nso_0274_03057.fts,"(695, 474, 744, 495)",0
nso_0274_04076.fts,"(693, 476, 744, 493)",0
nso_0274_05095.fts,"(691, 466, 747, 488)",0
nso_0274_06114.fts,"(695, 462, 757, 489)",10
nso_0274_07133.fts,"(687, 472, 744, 492)",0
nso_0274_08152.fts,"(683, 464, 743, 488)",0
nso_0274_09171.fts,"(694, 469, 747, 491)",0
nso_0274_10190.fts,"(694, 466, 751, 487)",0
nso_0274_11209.fts,"(694, 464, 753, 486)",0
nso_0274_12228.fts,"(698, 473, 755, 497)",10
nso_0274_13247.fts,"(694, 469, 747, 492)",0
nso_0274_14266.fts,"(700, 473, 754, 494)",10
nso_0274_15285.fts,"(694, 467, 755, 491)",0
nso_0274_16304.fts,"(695, 465, 752, 491)",0
nso_0274_17323.fts,"(698, 466, 753, 490)",25
nso_0274_18342.fts,"(695, 468, 751, 490)",0
nso_0274_19361.fts,"(700, 472, 755, 496)",0
nso_0274_20380.fts,,
nso_0275_01078.fts,"(698, 474, 747, 493)",0
nso_0275_02156.fts,"(694, 471, 747, 492)",0
nso_0275_03234.fts,"(695, 458, 751, 486)",10
nso_0275_04312.fts,"(693, 471, 751, 492)",0
nso_0275_05390.fts,"(700, 469, 747, 489)",0
nso_0275_06468.fts,"(692, 459, 750, 480)",0
nso_0275_07546.fts,"(695, 468, 754, 487)",0
nso_0275_08624.fts,"(693, 467, 750, 490)",0
nso_0275_09702.fts,"(698, 472, 750, 496)",0
nso_0275_10780.fts,"(698, 457, 756, 479)",0
nso_0275_11858.fts,"(696, 462, 751, 484)",0
nso_0275_12936.fts,"(697, 468, 755, 489)",0
nso_0275_14014.fts,"(698, 467, 757, 493)",10
nso_0275_15092.fts,"(699, 466, 751, 489)",0
nso_0275_16170.fts,"(700, 470, 755, 489)",0
nso_0275_17248.fts,"(699, 463, 757, 486)",10
nso_0275_18326.fts,"(700, 467, 755, 488)",0
nso_0275_19404.fts,"(696, 469, 756, 487)",0
nso_0275_20482.fts,"(701, 290, 757, 313)",50
nso_0275_21560.fts,,
nso_0445_00679.fts,"(77, 108, 127, 185)",00
nso_0445_01070.fts,"(695, 405, 753, 434)",0
nso_0445_01358.fts,,
nso_0445_02037.fts,"(79, 100, 133, 174)",00
nso_0445_02140.fts,"(680, 405, 740, 434)",0
nso_0445_02716.fts,"(89, 109, 135, 179)",00
nso_0445_03210.fts,"(708, 415, 761, 444)",0
nso_0445_03395.fts,"(91, 121, 137, 189)",41
nso_0445_04074.fts,"(89, 102, 132, 172)",00
nso_0445_04280.fts,"(704, 407, 764, 433)",0
nso_0445_04753.fts,"(89, 107, 138, 183)",00
nso_0445_05350.fts,"(703, 382, 761, 410)",10
nso_0445_05432.fts,"(71, 103, 113, 168)",30
nso_0445_06111.fts,"(83, 105, 127, 175)",00
nso_0445_06420.fts,"(702, 404, 756, 430)",0
nso_0445_06790.fts,"(84, 111, 129, 178)",00
nso_0445_07469.fts,"(644, 396, 692, 462)",00
nso_0445_07490.fts,"(707, 396, 764, 427)",0
nso_0445_08148.fts,"(90, 113, 138, 181)",00
nso_0445_08560.fts,"(692, 402, 742, 429)",0
nso_0445_08827.fts,"(79, 99, 122, 167)",06
nso_0445_09506.fts,"(89, 108, 134, 173)",00
nso_0445_09630.fts,"(716, 397, 766, 427)",0
nso_0445_10185.fts,"(93, 107, 135, 175)",00
nso_0445_10700.fts,"(712, 397, 771, 425)",0
nso_0445_10864.fts,"(80, 115, 130, 186)",00
nso_0445_11543.fts,"(78, 113, 125, 184)",00
nso_0445_11770.fts,,
nso_0445_12222.fts,"(78, 111, 126, 177)",00
nso_0445_12840.fts,"(697, 400, 750, 426)",0
nso_0445_12901.fts,"(87, 110, 138, 176)",00
nso_0445_13580.fts,,
nso_0445_13910.fts,"(692, 400, 748, 427)",0
nso_0445_14980.fts,"(696, 393, 747, 423)",10
nso_0445_16050.fts,"(704, 373, 758, 408)",0
nso_0445_17120.fts,"(703, 365, 762, 410)",0
nso_0445_18190.fts,"(704, 374, 758, 417)",0
nso_0445_19260.fts,"(707, 423, 761, 451)",0
nso_0445_20330.fts,"(706, 441, 762, 470)",0
nso_0445_21400.fts,"(705, 399, 760, 429)",0
nso_0446_01041.fts,"(705, 403, 758, 428)",0
nso_0446_02082.fts,"(703, 404, 760, 431)",0
nso_0446_03123.fts,"(704, 406, 759, 436)",0
nso_0446_04164.fts,"(704, 383, 760, 413)",0
nso_0446_05205.fts,"(702, 339, 758, 365)",0
nso_0446_06246.fts,"(702, 390, 756, 421)",0
nso_0446_07287.fts,"(705, 356, 762, 388)",10
nso_0446_08328.fts,"(704, 377, 757, 401)",0
nso_0446_09379.fts,"(703, 389, 756, 416)",0
nso_0446_10431.fts,"(702, 384, 756, 409)",0
nso_0446_11472.fts,"(702, 364, 758, 393)",10
nso_0446_12513.fts,"(711, 383, 765, 413)",0
nso_0446_13554.fts,"(711, 333, 765, 357)",5
nso_0446_14595.fts,"(711, 386, 769, 415)",0
nso_0446_15636.fts,"(728, 504, 768, 525)",0
nso_0446_16677.fts,"(714, 393, 767, 422)",10
nso_0446_17718.fts,"(712, 388, 765, 418)",50
nso_0446_18759.fts,"(713, 410, 763, 434)",0
nso_0446_19800.fts,"(709, 405, 761, 433)",0
nso_0446_20841.fts,"(709, 394, 760, 424)",50
nso_0447_01049.fts,"(707, 3, 759, 29)",5
nso_0447_02098.fts,"(715, 439, 765, 464)",0
nso_0447_03147.fts,"(701, 392, 751, 419)",10
nso_0447_04196.fts,"(700, 412, 754, 437)",0
nso_0447_05245.fts,"(702, 411, 756, 435)",0
nso_0447_06294.fts,"(706, 415, 759, 438)",0
nso_0447_07343.fts,"(701, 409, 754, 436)",0
nso_0447_08392.fts,"(701, 382, 758, 415)",10
nso_0447_09441.fts,"(705, 395, 758, 427)",0
nso_0447_10490.fts,"(708, 414, 756, 440)",0
nso_0447_11539.fts,"(705, 405, 761, 432)",0
nso_0447_12588.fts,"(705, 405, 758, 430)",0
nso_0447_13637.fts,"(700, 401, 757, 433)",0
nso_0447_14686.fts,"(702, 405, 756, 429)",0
nso_0447_15735.fts,"(697, 400, 753, 431)",0
nso_0447_16784.fts,"(701, 401, 755, 432)",0
nso_0447_17833.fts,"(703, 396, 754, 425)",0
nso_0447_18882.fts,"(708, 410, 758, 435)",0
nso_0447_19931.fts,"(705, 388, 756, 416)",10
nso_0447_20980.fts,,
nso_0448_01184.fts,"(726, 490, 767, 521)",0
nso_0448_02368.fts,"(704, 411, 753, 437)",0
nso_0448_03552.fts,"(709, 414, 761, 440)",0
nso_0448_04736.fts,"(704, 380, 757, 406)",10
nso_0448_05920.fts,"(705, 399, 764, 438)",0
nso_0448_07104.fts,"(700, 398, 756, 428)",0
nso_0448_08288.fts,"(705, 381, 760, 410)",10
nso_0448_09472.fts,"(706, 401, 757, 424)",0
nso_0448_10656.fts,"(704, 398, 759, 428)",0
nso_0448_11840.fts,"(707, 386, 759, 412)",10
nso_0448_13024.fts,"(706, 398, 760, 427)",0
nso_0448_14208.fts,"(707, 399, 757, 428)",0
nso_0448_15392.fts,"(708, 397, 757, 425)",0
nso_0448_16576.fts,"(708, 377, 762, 408)",5
nso_0448_17760.fts,"(710, 399, 762, 425)",0
nso_0448_18944.fts,"(703, 381, 758, 409)",10
nso_0448_20128.fts,"(698, 394, 754, 424)",0
nso_0448_21312.fts,"(700, 393, 756, 422)",0
nso_0448_22496.fts,"(698, 391, 753, 420)",50
nso_0448_23720.fts,"(713, 478, 768, 504)",10
nso_0449_01188.fts,"(702, 397, 754, 421)",10
nso_0449_02376.fts,"(721, 492, 768, 515)",0
nso_0449_03564.fts,"(716, 417, 767, 443)",0
nso_0449_04752.fts,"(719, 505, 765, 531)",0
nso_0449_05940.fts,"(725, 471, 770, 501)",10
nso_0449_07128.fts,"(703, 395, 756, 428)",10
nso_0449_08316.fts,"(720, 480, 766, 507)",0
nso_0449_09504.fts,"(731, 469, 775, 501)",10
nso_0449_10692.fts,"(713, 485, 762, 513)",0
nso_0449_11880.fts,"(712, 492, 766, 522)",0
nso_0449_13068.fts,"(709, 500, 765, 528)",0
nso_0449_14256.fts,"(714, 495, 765, 521)",0
nso_0449_15444.fts,"(697, 404, 750, 432)",0
nso_0449_16632.fts,"(698, 381, 753, 413)",10
nso_0449_17820.fts,"(690, 393, 744, 417)",0
nso_0449_19008.fts,"(695, 393, 750, 419)",0
nso_0449_20196.fts,"(718, 461, 767, 486)",10
nso_0449_21384.fts,"(711, 454, 767, 480)",10
nso_0449_22572.fts,"(718, 469, 767, 493)",10
nso_0449_23760.fts,"(716, 499, 767, 529)",10
nso_0450_01182.fts,"(710, 472, 765, 497)",0
nso_0450_02364.fts,"(694, 395, 749, 419)",0
nso_0450_03546.fts,"(705, 433, 760, 463)",0
nso_0450_04728.fts,"(722, 497, 765, 526)",0
nso_0450_05910.fts,"(706, 441, 762, 464)",0
nso_0450_07092.fts,"(703, 408, 758, 437)",10
nso_0450_08274.fts,"(711, 482, 763, 508)",0
nso_0450_09456.fts,"(717, 463, 765, 487)",10
nso_0450_10638.fts,"(723, 482, 768, 504)",0
nso_0450_11820.fts,"(735, 476, 769, 505)",0
nso_0450_13002.fts,"(728, 464, 775, 498)",10
nso_0450_14184.fts,"(733, 491, 771, 522)",0
nso_0450_15366.fts,"(726, 460, 770, 489)",0
nso_0450_16548.fts,"(707, 375, 759, 406)",10
nso_0450_17730.fts,"(698, 378, 756, 404)",0
nso_0450_18912.fts,"(710, 268, 759, 296)",0
nso_0450_20094.fts,"(714, 538, 761, 561)",10
nso_0450_21276.fts,"(720, 467, 768, 495)",0
nso_0450_22458.fts,"(718, 454, 763, 482)",0
nso_0450_23640.fts,"(703, 401, 757, 429)",55
nso_0451_01179.fts,"(713, 455, 766, 484)",20
nso_0451_02358.fts,"(718, 477, 766, 502)",20
nso_0451_03537.fts,"(703, 412, 753, 440)",20
nso_0451_04716.fts,"(714, 413, 765, 442)",10
nso_0451_05895.fts,"(732, 448, 768, 475)",0
nso_0451_07074.fts,"(732, 453, 768, 485)",0
nso_0451_08253.fts,"(715, 452, 765, 475)",0
nso_0451_09432.fts,"(696, 449, 754, 476)",10
nso_0451_10611.fts,"(695, 458, 756, 491)",55
nso_0451_11790.fts,"(700, 451, 760, 481)",0
nso_0451_12969.fts,"(704, 426, 758, 450)",20
nso_0451_14148.fts,"(699, 414, 754, 441)",0
nso_0451_15327.fts,"(708, 408, 754, 434)",0
nso_0451_16506.fts,"(703, 413, 755, 438)",0
nso_0451_17685.fts,"(703, 420, 755, 438)",0
nso_0451_18864.fts,"(703, 418, 753, 443)",0
nso_0451_20043.fts,"(718, 441, 764, 463)",0
nso_0451_21222.fts,,
nso_0451_22401.fts,"(723, 461, 769, 485)",0
nso_0451_23580.fts,"(727, 455, 765, 481)",0
nso_0452_01177.fts,"(718, 464, 767, 489)",0
nso_0452_02354.fts,"(720, 465, 769, 492)",0
nso_0452_03531.fts,"(719, 460, 762, 481)",0
nso_0452_04708.fts,"(722, 462, 761, 485)",0
nso_0452_05885.fts,"(719, 464, 764, 484)",0
nso_0452_07062.fts,"(729, 459, 766, 485)",0
nso_0452_08239.fts,"(724, 463, 765, 488)",0
nso_0452_09416.fts,"(727, 459, 770, 486)",5
nso_0452_10593.fts,"(723, 475, 764, 499)",5
nso_0452_11770.fts,"(726, 478, 768, 506)",0
nso_0452_12947.fts,"(729, 474, 768, 504)",0
nso_0452_14124.fts,"(732, 478, 768, 506)",0
nso_0452_15301.fts,"(729, 489, 764, 512)",0
nso_0452_16478.fts,"(723, 463, 764, 488)",0
nso_0452_17655.fts,"(711, 466, 762, 492)",0
nso_0452_18832.fts,"(710, 464, 759, 489)",5
nso_0452_20009.fts,"(708, 454, 766, 478)",0
nso_0452_21186.fts,"(715, 470, 766, 494)",0
nso_0452_22363.fts,"(713, 467, 765, 494)",0
nso_0453_01086.fts,"(82, 102, 129, 170)",00
nso_0453_01170.fts,,5
nso_0453_02172.fts,"(84, 104, 130, 174)",00
nso_0453_02340.fts,"(704, 470, 758, 492)",5
nso_0453_03258.fts,,
nso_0453_03510.fts,"(696, 466, 748, 488)",0
nso_0453_04344.fts,"(77, 83, 129, 153)",00
nso_0453_04680.fts,"(700, 467, 753, 488)",0
nso_0453_05430.fts,"(95, 102, 140, 173)",00
nso_0453_05850.fts,"(723, 478, 766, 501)",5
nso_0453_06516.fts,"(77, 345, 124, 401)",00
nso_0453_07020.fts,"(692, 469, 752, 489)",0
nso_0453_07602.fts,"(88, 103, 142, 175)",00
nso_0453_08190.fts,"(715, 459, 763, 484)",0
nso_0453_08688.fts,"(80, 108, 128, 179)",00
nso_0453_09360.fts,"(721, 463, 767, 485)",0
nso_0453_09774.fts,,
nso_0453_10530.fts,"(722, 469, 764, 494)",5
nso_0453_10860.fts,"(87, 111, 132, 179)",00
nso_0453_11700.fts,"(727, 466, 766, 487)",5
nso_0453_11946.fts,"(89, 101, 129, 177)",06
nso_0453_12870.fts,"(727, 464, 769, 490)",0
nso_0453_13032.fts,"(85, 105, 128, 178)",00
nso_0453_14040.fts,,-
nso_0453_14118.fts,"(88, 99, 133, 174)",00
nso_0453_15204.fts,"(81, 112, 127, 181)",50
nso_0453_15210.fts,"(710, 448, 763, 472)",5
nso_0453_16290.fts,"(82, 347, 135, 410)",00
nso_0453_16380.fts,"(708, 442, 761, 467)",5
nso_0453_17376.fts,"(90, 100, 135, 176)",00
nso_0453_17550.fts,,5
nso_0453_18462.fts,"(79, 72, 130, 143)",00
nso_0453_18720.fts,"(701, 441, 755, 467)",5
nso_0453_19548.fts,"(83, 103, 134, 179)",00
nso_0453_19890.fts,"(702, 416, 753, 441)",0
nso_0453_20634.fts,"(82, 104, 129, 172)",00
nso_0453_21060.fts,"(718, 437, 765, 464)",5
nso_0453_21720.fts,,
nso_0453_22230.fts,"(718, 438, 765, 465)",5
nso_0453_23400.fts,"(709, 453, 763, 476)",5
nso_0454_01139.fts,"(716, 458, 759, 482)",5
nso_0454_02278.fts,"(713, 450, 761, 474)",0
nso_0454_03417.fts,"(699, 455, 753, 481)",55
nso_0454_04556.fts,"(698, 384, 753, 407)",35
nso_0454_05695.fts,"(696, 471, 752, 494)",0
nso_0454_06834.fts,"(700, 526, 748, 551)",0
nso_0454_07973.fts,"(702, 472, 751, 492)",0
nso_0454_09112.fts,"(696, 472, 754, 502)",40
nso_0454_10251.fts,"(696, 476, 748, 498)",5
nso_0454_11390.fts,"(696, 472, 751, 498)",5
nso_0454_12529.fts,"(696, 474, 747, 499)",0
nso_0454_13668.fts,"(698, 467, 752, 495)",0
nso_0454_14807.fts,"(688, 468, 753, 497)",0
nso_0454_15946.fts,"(699, 253, 752, 276)",10
nso_0454_17085.fts,"(690, 461, 758, 486)",10
nso_0454_18224.fts,"(698, 466, 756, 491)",0
nso_0454_19363.fts,"(690, 463, 749, 491)",0
nso_0454_20502.fts,"(697, 457, 751, 488)",0
nso_0454_21641.fts,"(698, 466, 747, 493)",0
nso_0454_22780.fts,"(706, 457, 756, 481)",10
nso_0455_01194.fts,"(701, 467, 754, 492)",0
nso_0455_02388.fts,"(700, 451, 756, 474)",0
nso_0455_03582.fts,"(694, 462, 749, 486)",5
nso_0455_04776.fts,"(695, 463, 743, 489)",10
nso_0455_05970.fts,"(688, 468, 739, 490)",10
nso_0455_07164.fts,"(691, 461, 745, 491)",10
nso_0455_08358.fts,"(693, 465, 741, 492)",0
nso_0455_09552.fts,"(714, 459, 757, 484)",0
nso_0455_10746.fts,"(708, 467, 763, 499)",0
nso_0455_11940.fts,"(710, 457, 767, 484)",0
nso_0455_13134.fts,"(713, 464, 765, 489)",0
nso_0455_14328.fts,"(716, 466, 766, 490)",0
nso_0455_15522.fts,"(716, 468, 764, 492)",10
nso_0455_16716.fts,"(712, 464, 761, 490)",0
nso_0455_17910.fts,"(713, 461, 767, 483)",0
nso_0455_19104.fts,"(705, 442, 761, 469)",0
nso_0455_20298.fts,"(710, 468, 761, 491)",10
nso_0455_21492.fts,"(709, 464, 760, 484)",0
nso_0455_22686.fts,"(706, 455, 769, 484)",10
nso_0455_23880.fts,,
nso_0456_01184.fts,"(710, 459, 760, 487)",0
nso_0456_02368.fts,"(706, 461, 767, 491)",0
nso_0456_03552.fts,"(713, 462, 763, 488)",10
nso_0456_04736.fts,"(715, 457, 765, 484)",0
nso_0456_05920.fts,"(711, 465, 762, 491)",0
nso_0456_07104.fts,"(707, 443, 761, 473)",0
nso_0456_08288.fts,"(716, 458, 765, 480)",0
nso_0456_09472.fts,"(718, 462, 768, 494)",10
nso_0456_10656.fts,"(717, 453, 767, 473)",5
nso_0456_11840.fts,"(715, 462, 769, 490)",0
nso_0456_13024.fts,"(723, 452, 766, 478)",0
nso_0456_14208.fts,"(717, 450, 770, 477)",0
nso_0456_15392.fts,"(718, 454, 768, 479)",0
nso_0456_16576.fts,"(714, 453, 766, 483)",0
nso_0456_17760.fts,"(717, 454, 767, 483)",0
nso_0456_18944.fts,"(717, 461, 769, 485)",0
nso_0456_20128.fts,"(713, 460, 768, 485)",0
nso_0456_21312.fts,"(716, 456, 764, 483)",0
nso_0456_22496.fts,"(724, 455, 766, 476)",0
nso_0456_23680.fts,"(715, 462, 766, 487)",30
nso_8083_00395.fts,"(691, 453, 749, 477)",0
nso_8083_00790.fts,"(689, 467, 742, 490)",0
nso_8083_01185.fts,"(683, 458, 737, 483)",0
nso_8083_01580.fts,"(687, 465, 741, 494)",0
nso_8083_01975.fts,"(690, 458, 748, 483)",10
nso_8083_02370.fts,"(690, 459, 748, 484)",0
nso_8083_02765.fts,"(687, 463, 740, 491)",0
nso_8083_03160.fts,"(685, 463, 736, 490)",10
nso_8083_03555.fts,"(688, 429, 736, 454)",0
nso_8083_03950.fts,"(678, 469, 735, 494)",10
nso_8083_04345.fts,"(683, 356, 738, 389)",10
nso_8083_04740.fts,"(683, 463, 738, 489)",10
nso_8083_05135.fts,"(678, 465, 736, 495)",40
nso_8083_05530.fts,"(682, 459, 735, 490)",50
nso_8083_05925.fts,"(677, 462, 737, 489)",50
nso_8083_06320.fts,"(677, 457, 735, 482)",40
nso_8083_06715.fts,"(683, 453, 739, 481)",10
nso_8083_07110.fts,"(678, 461, 741, 492)",50
nso_8083_07505.fts,"(677, 461, 741, 492)",50
nso_8083_07900.fts,"(680, 398, 731, 421)",20
nso_8086_00395.fts,"(694, 453, 745, 484)",0
nso_8086_00790.fts,"(690, 457, 743, 479)",0
nso_8086_01185.fts,"(693, 459, 747, 483)",0
nso_8086_01580.fts,"(691, 458, 748, 484)",10
nso_8086_01975.fts,"(686, 458, 747, 485)",0
nso_8086_02370.fts,"(688, 451, 741, 476)",0
nso_8086_02765.fts,"(695, 455, 744, 478)",0
nso_8086_03160.fts,"(692, 456, 742, 483)",0
nso_8086_03555.fts,"(697, 456, 756, 482)",0
nso_8086_03950.fts,"(694, 459, 748, 484)",10
nso_8086_04345.fts,"(696, 454, 755, 483)",0
nso_8086_04740.fts,"(697, 453, 750, 481)",10
nso_8086_05135.fts,"(694, 449, 753, 473)",0
nso_8086_05530.fts,,0
nso_8086_05925.fts,,0
nso_8086_06320.fts,"(694, 458, 749, 483)",0
nso_8086_06715.fts,"(694, 459, 749, 484)",0
nso_8086_07110.fts,"(694, 457, 749, 482)",5
nso_8086_07505.fts,,-
nso_8086_07900.fts,"(703, 486, 758, 513)",15
nso_8087_00400.fts,"(703, 461, 758, 489)",0
nso_8087_00800.fts,"(710, 464, 764, 489)",0
nso_8087_01200.fts,"(697, 468, 752, 497)",10
nso_8087_01600.fts,"(700, 474, 750, 501)",0
nso_8087_02000.fts,"(703, 472, 756, 496)",0
nso_8087_02400.fts,"(704, 466, 750, 491)",0
nso_8087_02800.fts,"(704, 469, 763, 496)",0
nso_8087_03200.fts,"(704, 406, 756, 435)",10
nso_8087_03600.fts,"(700, 445, 756, 480)",0
nso_8087_04000.fts,"(700, 446, 756, 478)",0
nso_8087_04400.fts,"(699, 453, 753, 479)",0
nso_8087_04800.fts,"(698, 453, 751, 476)",0
nso_8087_05200.fts,"(693, 445, 752, 473)",10
nso_8087_05600.fts,"(694, 452, 751, 483)",10
nso_8087_06000.fts,"(697, 449, 755, 474)",0
nso_8087_06400.fts,"(695, 449, 755, 477)",0
nso_8087_06800.fts,"(693, 450, 753, 475)",0
nso_8087_07200.fts,"(696, 447, 753, 484)",0
nso_8087_07600.fts,"(696, 451, 751, 484)",10
nso_8087_08025.fts,"(698, 444, 747, 475)",0
nso_8090_00402.fts,"(717, 470, 764, 497)",0
nso_8090_00804.fts,,
nso_8090_01206.fts,,
nso_8090_01608.fts,,
nso_8090_02010.fts,,
nso_8090_02412.fts,,
nso_8090_02814.fts,,
nso_8090_03216.fts,,
nso_8090_03618.fts,,
nso_8090_04020.fts,"(703, 468, 761, 495)",-
nso_8090_04422.fts,"(698, 454, 757, 483)",0
nso_8090_04824.fts,"(700, 450, 756, 483)",10
nso_8090_05226.fts,"(708, 469, 762, 496)",0
nso_8090_05628.fts,"(707, 449, 759, 475)",10
nso_8090_06030.fts,"(707, 447, 757, 475)",10
nso_8090_06432.fts,"(707, 473, 758, 502)",0
nso_8090_06834.fts,"(706, 475, 767, 499)",0
nso_8090_07236.fts,"(703, 476, 762, 502)",0
nso_8090_07638.fts,"(706, 467, 760, 495)",0
nso_8090_08040.fts,"(711, 478, 761, 501)",-
nso_8091_00401.fts,"(701, 475, 758, 496)",-
nso_8091_00802.fts,"(703, 467, 760, 491)",0
nso_8091_01203.fts,"(706, 476, 762, 496)",-
nso_8091_01604.fts,"(706, 477, 757, 503)",-
nso_8091_02005.fts,"(704, 454, 761, 483)",55
nso_8091_02406.fts,"(702, 452, 759, 482)",30
nso_8091_02807.fts,"(699, 468, 762, 497)",25
nso_8091_03208.fts,"(708, 480, 756, 503)",5
nso_8091_03609.fts,"(709, 471, 767, 496)",-
nso_8091_04010.fts,"(705, 502, 762, 528)",15
nso_8091_04411.fts,"(712, 471, 760, 497)",50
nso_8091_04812.fts,"(707, 473, 757, 503)",30
nso_8091_05213.fts,"(703, 473, 757, 502)",10
nso_8091_05614.fts,"(707, 473, 757, 499)",45
nso_8091_06015.fts,"(707, 477, 753, 500)",25
nso_8091_06416.fts,"(706, 481, 755, 503)",5
nso_8091_06817.fts,"(708, 470, 763, 495)",45
nso_8091_07218.fts,"(706, 469, 764, 495)",20
nso_8091_07619.fts,"(708, 472, 762, 499)",0
nso_8091_08020.fts,"(705, 469, 756, 495)",40
nso_8092_00345.fts,"(709, 460, 759, 487)",0
nso_8092_00690.fts,"(702, 472, 752, 494)",0
nso_8092_01035.fts,"(700, 465, 758, 491)",25
nso_8092_01380.fts,"(703, 468, 758, 493)",25
nso_8092_01725.fts,"(700, 468, 754, 494)",30
nso_8092_02070.fts,"(700, 466, 763, 494)",35
nso_8092_02415.fts,"(692, 466, 759, 492)",40
nso_8092_02760.fts,"(700, 468, 754, 497)",50
nso_8092_03105.fts,"(705, 464, 752, 488)",55
nso_8092_03450.fts,"(700, 472, 754, 496)",0
nso_8092_03795.fts,"(701, 468, 749, 494)",10
nso_8092_04140.fts,"(702, 459, 755, 486)",15
nso_8092_04485.fts,"(697, 461, 757, 488)",25
nso_8092_04830.fts,"(703, 462, 757, 492)",30
nso_8092_05175.fts,"(703, 457, 754, 485)",40
nso_8092_05520.fts,"(699, 459, 757, 489)",45
nso_8092_05865.fts,"(703, 461, 753, 490)",55
nso_8092_06210.fts,"(702, 468, 759, 493)",0
nso_8092_06555.fts,"(700, 462, 757, 489)",10
nso_8092_06900.fts,"(702, 462, 759, 491)",20
nso_8093_00344.fts,"(703, 478, 758, 503)",0
nso_8093_00688.fts,"(702, 475, 752, 498)",0
nso_8093_01032.fts,"(703, 475, 759, 503)",0
nso_8093_01376.fts,"(703, 471, 761, 500)",-
nso_8093_01720.fts,"(709, 472, 761, 495)",-
nso_8093_02064.fts,"(709, 466, 755, 492)",-
nso_8093_02408.fts,"(704, 471, 762, 493)",-
nso_8093_02752.fts,"(706, 470, 756, 494)",-
nso_8093_03096.fts,"(699, 468, 757, 494)",-
nso_8093_03440.fts,"(706, 471, 757, 497)",-
nso_8093_03784.fts,"(704, 469, 757, 493)",-
nso_8093_04128.fts,"(700, 475, 748, 503)",-
nso_8093_04472.fts,"(708, 474, 759, 497)",-
nso_8093_04816.fts,"(703, 471, 759, 495)",0
nso_8093_05160.fts,"(706, 471, 758, 496)",-
nso_8093_05504.fts,"(699, 472, 759, 496)",-
nso_8093_05848.fts,"(703, 468, 760, 493)",-
nso_8093_06192.fts,"(704, 469, 758, 497)",-
nso_8093_06536.fts,"(708, 466, 758, 493)",-
nso_8093_06880.fts,"(694, 475, 746, 497)",-
nso_8094_00393.fts,"(691, 441, 748, 469)",20
nso_8094_00786.fts,"(680, 438, 741, 464)",20
nso_8094_01179.fts,"(684, 448, 735, 470)",20
nso_8094_01572.fts,"(689, 438, 755, 468)",20
nso_8094_01965.fts,"(708, 436, 765, 462)",20
nso_8094_02358.fts,"(696, 443, 751, 466)",20
nso_8094_02751.fts,"(676, 437, 731, 463)",20
nso_8094_03144.fts,"(680, 440, 735, 466)",20
nso_8094_03537.fts,"(696, 435, 751, 458)",20
nso_8094_03930.fts,"(696, 444, 751, 465)",20
nso_8094_04323.fts,"(679, 440, 735, 462)",20
nso_8094_04716.fts,"(684, 441, 735, 468)",15
nso_8094_05109.fts,"(682, 433, 732, 461)",15
nso_8094_05502.fts,"(674, 435, 723, 458)",15
nso_8094_05895.fts,"(681, 436, 730, 460)",15
nso_8094_06288.fts,"(702, 432, 750, 462)",15
nso_8094_06681.fts,"(700, 460, 760, 483)",0
nso_8094_07074.fts,"(702, 438, 751, 469)",0
nso_8094_07467.fts,"(674, 444, 723, 468)",0
nso_8094_07860.fts,"(674, 445, 723, 469)",-
nso_8095_00396.fts,"(670, 444, 722, 467)",0
nso_8095_00797.fts,"(675, 442, 721, 466)",0
nso_8095_01193.fts,"(678, 441, 728, 465)",0
nso_8095_01589.fts,"(696, 438, 749, 467)",0
nso_8095_01985.fts,"(689, 435, 739, 463)",0
nso_8095_02381.fts,"(701, 441, 751, 466)",0
nso_8095_02777.fts,"(706, 442, 753, 463)",0
nso_8095_03173.fts,"(682, 439, 736, 466)",0
nso_8095_03569.fts,"(683, 452, 731, 471)",0
nso_8095_03965.fts,"(681, 453, 732, 479)",0
nso_8095_04361.fts,"(708, 452, 753, 476)",0
nso_8095_04757.fts,"(682, 453, 734, 479)",0
nso_8095_05153.fts,"(685, 444, 741, 474)",0
nso_8095_05549.fts,"(677, 449, 730, 475)",0
nso_8095_05945.fts,"(685, 451, 732, 474)",0
nso_8095_06341.fts,"(685, 452, 737, 479)",0
nso_8095_06737.fts,"(685, 435, 738, 460)",0
nso_8095_07133.fts,"(690, 517, 745, 542)",0
nso_8095_07529.fts,"(692, 464, 741, 492)",0
nso_8095_07925.fts,"(690, 456, 746, 479)",0
nso_8096_00401.fts,"(693, 458, 742, 480)",0
nso_8096_00802.fts,"(698, 454, 747, 483)",0
nso_8096_01203.fts,"(694, 456, 743, 483)",25
nso_8096_01604.fts,"(694, 467, 752, 490)",0
nso_8096_02005.fts,"(690, 547, 746, 576)",0
nso_8096_02406.fts,"(695, 459, 756, 490)",0
nso_8096_02807.fts,"(699, 457, 743, 483)",0
nso_8096_03208.fts,"(690, 455, 745, 485)",0
nso_8096_03609.fts,"(713, 188, 748, 280)",0
nso_8096_04010.fts,"(695, 340, 748, 372)",20
nso_8096_04411.fts,"(692, 453, 742, 479)",0
nso_8096_04812.fts,"(696, 453, 750, 479)",0
nso_8096_05213.fts,"(695, 350, 745, 373)",0
nso_8096_05614.fts,"(690, 447, 748, 472)",0
nso_8096_06015.fts,"(693, 452, 749, 477)",0
nso_8096_06416.fts,"(692, 487, 747, 508)",0
nso_8096_06817.fts,"(688, 444, 740, 469)",0
nso_8096_07218.fts,"(684, 445, 750, 473)",5
nso_8096_07619.fts,"(689, 453, 747, 479)",0
nso_8096_08020.fts,,
nso_8098_00397.fts,,-
nso_8098_00794.fts,"(692, 449, 753, 476)",-
nso_8098_01191.fts,"(690, 452, 739, 479)",0
nso_8098_01588.fts,"(690, 66, 740, 92)",0
nso_8098_01985.fts,"(690, 447, 745, 473)",0
nso_8098_02382.fts,"(692, 446, 744, 471)",0
nso_8098_02779.fts,"(688, 445, 737, 475)",0
nso_8098_03176.fts,"(688, 452, 738, 479)",0
nso_8098_03573.fts,"(693, 453, 742, 474)",0
nso_8098_03970.fts,"(690, 455, 744, 483)",0
nso_8098_04367.fts,"(692, 477, 739, 504)",0
nso_8098_04764.fts,"(692, 441, 744, 468)",15
nso_8098_05161.fts,"(689, 458, 744, 490)",15
nso_8098_05558.fts,"(692, 460, 746, 486)",15
nso_8098_05955.fts,"(682, 457, 737, 484)",10
nso_8098_06352.fts,"(685, 470, 736, 490)",10
nso_8098_06749.fts,"(687, 458, 738, 485)",10
nso_8098_07146.fts,"(681, 463, 736, 489)",10
nso_8098_07543.fts,,
nso_8098_07940.fts,,
nso_8099_00397.fts,"(683, 462, 740, 490)",10
nso_8099_00794.fts,"(687, 459, 739, 482)",10
nso_8099_01191.fts,"(687, 455, 743, 480)",0
nso_8099_01588.fts,"(680, 453, 745, 479)",0
nso_8099_01985.fts,"(689, 457, 741, 479)",0
nso_8099_02382.fts,"(687, 455, 743, 481)",0
nso_8099_02779.fts,"(688, 455, 745, 480)",0
nso_8099_03176.fts,"(692, 454, 750, 475)",0
nso_8099_03573.fts,"(690, 458, 744, 485)",0
nso_8099_03970.fts,"(690, 460, 741, 485)",5
nso_8099_04367.fts,"(689, 457, 745, 480)",0
nso_8099_04764.fts,"(690, 458, 755, 486)",0
nso_8099_05161.fts,"(667, 409, 730, 435)",0
nso_8099_05558.fts,"(668, 419, 721, 439)",0
nso_8099_05955.fts,"(669, 410, 724, 438)",0
nso_8099_06352.fts,"(673, 412, 725, 438)",0
nso_8099_06749.fts,"(672, 406, 726, 433)",0
nso_8099_07146.fts,"(669, 405, 727, 433)",0
nso_8099_07543.fts,"(673, 406, 725, 433)",0
nso_8099_07940.fts,"(678, 396, 730, 432)",45
nso_8100_00397.fts,"(674, 415, 734, 446)",0
nso_8100_00794.fts,"(668, 413, 730, 437)",0
nso_8100_01191.fts,"(680, 417, 735, 443)",0
nso_8100_01588.fts,"(675, 411, 730, 440)",45
nso_8100_01985.fts,"(681, 408, 734, 438)",45
nso_8100_02382.fts,,
nso_8100_02779.fts,"(671, 414, 730, 440)",45
nso_8100_03176.fts,"(687, 464, 742, 494)",20
nso_8100_03573.fts,,
nso_8100_03970.fts,,
nso_8100_04367.fts,"(676, 411, 730, 439)",0
nso_8100_04764.fts,"(677, 411, 738, 437)",0
nso_8100_05161.fts,"(673, 414, 724, 440)",5
nso_8100_05558.fts,"(673, 412, 723, 438)",-
nso_8100_05955.fts,"(673, 407, 727, 434)",0
nso_8100_06352.fts,"(675, 407, 729, 434)",0
nso_8100_06749.fts,"(673, 408, 721, 438)",0
nso_8100_07146.fts,"(668, 414, 725, 444)",0
nso_8100_07543.fts,"(675, 411, 723, 436)",5
nso_8100_07940.fts,,
nso_8101_00396.fts,"(691, 461, 742, 488)",20
nso_8101_00792.fts,"(686, 468, 740, 493)",35
nso_8101_01188.fts,"(689, 411, 742, 438)",55
nso_8101_01584.fts,"(690, 463, 745, 489)",25
nso_8101_01980.fts,"(689, 458, 744, 491)",0
nso_8101_02376.fts,"(690, 466, 747, 494)",20
nso_8101_02772.fts,"(694, 462, 743, 487)",20
nso_8101_03168.fts,"(681, 447, 735, 472)",-
nso_8101_03564.fts,"(688, 478, 738, 500)",40
nso_8101_03960.fts,,
nso_8101_04356.fts,,
nso_8101_04752.fts,,
nso_8101_05148.fts,,
nso_8101_05544.fts,,
nso_8101_05940.fts,,
nso_8101_06336.fts,"(577, 418, 627, 447)",
nso_8101_06732.fts,"(575, 423, 637, 444)",5
nso_8101_07128.fts,"(577, 461, 632, 492)",40
nso_8101_07524.fts,"(583, 479, 641, 505)",40
nso_8101_07920.fts,,
nso_8102_00396.fts,"(575, 475, 634, 504)",0
nso_8102_00792.fts,"(581, 482, 631, 508)",0
nso_8102_01188.fts,"(576, 481, 624, 502)",0
nso_8102_01584.fts,"(582, 475, 633, 499)",0
nso_8102_01980.fts,"(579, 479, 631, 507)",0
nso_8102_02376.fts,"(572, 477, 630, 508)",0
nso_8102_02772.fts,"(581, 480, 634, 507)",0
nso_8102_03168.fts,"(579, 481, 632, 503)",0
nso_8102_03564.fts,"(577, 479, 630, 503)",0
nso_8102_03960.fts,"(573, 482, 627, 509)",0
nso_8102_04356.fts,"(573, 474, 628, 500)",0
nso_8102_04752.fts,"(574, 477, 631, 506)",0
nso_8102_05148.fts,"(583, 473, 636, 509)",0
nso_8102_05544.fts,"(578, 482, 628, 503)",0
nso_8102_05940.fts,"(577, 476, 625, 500)",0
nso_8102_06336.fts,"(574, 473, 628, 501)",0
nso_8102_06732.fts,"(585, 491, 637, 514)",0
nso_8102_07128.fts,"(578, 492, 629, 522)",0
nso_8102_07524.fts,"(580, 488, 633, 510)",0
nso_8102_07920.fts,"(585, 437, 634, 459)",30
nso_8104_00401.fts,"(582, 492, 634, 520)",0
nso_8104_00802.fts,"(576, 544, 625, 576)",0
nso_8104_01203.fts,"(583, 479, 632, 510)",0
nso_8104_01604.fts,"(585, 481, 634, 508)",0
nso_8104_02005.fts,"(581, 481, 641, 509)",0
nso_8104_02406.fts,"(576, 483, 624, 512)",0
nso_8104_02807.fts,"(576, 489, 620, 515)",0
nso_8104_03208.fts,"(576, 492, 625, 512)",0
nso_8104_03609.fts,"(575, 483, 622, 508)",0
nso_8104_04010.fts,"(579, 478, 633, 505)",0
nso_8104_04411.fts,"(578, 482, 631, 507)",0
nso_8104_04812.fts,"(568, 482, 626, 512)",0
nso_8104_05213.fts,"(580, 481, 626, 504)",0
nso_8104_05614.fts,"(574, 475, 629, 508)",0
nso_8104_06015.fts,"(580, 484, 631, 509)",0
nso_8104_06416.fts,"(585, 483, 629, 506)",0
nso_8104_06817.fts,,
nso_8104_07218.fts,"(575, 491, 625, 519)",0
nso_8104_07619.fts,"(575, 488, 627, 515)",0
nso_8104_08020.fts,,
nso_8105_00399.fts,"(575, 447, 632, 470)",0
nso_8105_00798.fts,"(580, 484, 630, 511)",0
nso_8105_01197.fts,"(571, 454, 632, 477)",0
nso_8105_01596.fts,"(584, 472, 638, 499)",0
nso_8105_01995.fts,"(579, 478, 633, 510)",0
nso_8105_02394.fts,"(575, 481, 624, 509)",0
nso_8105_02793.fts,"(574, 480, 623, 507)",0
nso_8105_03192.fts,"(574, 483, 626, 509)",0
nso_8105_03591.fts,"(578, 479, 624, 500)",0
nso_8105_03990.fts,"(576, 478, 619, 508)",0
nso_8105_04389.fts,"(576, 480, 622, 507)",0
nso_8105_04788.fts,"(578, 472, 627, 496)",0
nso_8105_05187.fts,"(582, 491, 628, 509)",0
nso_8105_05586.fts,"(583, 477, 624, 496)",0
nso_8105_05985.fts,"(575, 477, 626, 508)",0
nso_8105_06384.fts,"(582, 478, 628, 508)",0
nso_8105_06783.fts,"(583, 479, 634, 502)",0
nso_8105_07182.fts,"(576, 455, 625, 480)",0
nso_8105_07581.fts,"(575, 460, 616, 482)",0
nso_8105_07980.fts,,
nso_8111_00119.fts,"(577, 485, 635, 510)",0
nso_8111_00238.fts,"(578, 478, 629, 508)",0
nso_8111_00357.fts,"(576, 563, 631, 587)",0
nso_8111_00476.fts,"(579, 474, 627, 506)",0
nso_8111_00595.fts,"(575, 457, 631, 487)",5
nso_8111_00714.fts,"(573, 477, 627, 506)",0
nso_8111_00833.fts,"(581, 481, 631, 505)",0
nso_8111_00952.fts,"(578, 481, 636, 512)",0
nso_8111_01071.fts,"(575, 473, 634, 505)",0
nso_8111_01190.fts,"(571, 481, 629, 508)",0
nso_8111_01309.fts,"(573, 483, 636, 519)",0
nso_8111_01428.fts,"(573, 480, 629, 507)",0
nso_8111_01547.fts,"(575, 466, 638, 493)",45
nso_8111_01666.fts,"(575, 483, 629, 507)",0
nso_8111_01785.fts,"(581, 482, 631, 513)",0
nso_8111_01904.fts,"(571, 487, 626, 513)",0
nso_8111_02023.fts,"(578, 483, 630, 513)",0
nso_8111_02142.fts,"(580, 487, 635, 510)",0
nso_8111_02261.fts,"(577, 487, 633, 514)",0
