ID,date,date_lable
nso_0233_00786.fts,"(698, 174, 727, 293)",15-Aug-73
nso_0233_01572.fts,"(702, 197, 729, 305)",16-Aug-73
nso_0233_02359.fts,"(701, 185, 734, 298)",16-Aug-73
nso_0233_03145.fts,"(702, 184, 730, 286)",17-Aug-73
nso_0233_03931.fts,"(701, 185, 729, 292)",17-Aug-73
nso_0233_04723.fts,"(701, 177, 729, 289)",18-Aug-73
nso_0233_05509.fts,"(701, 176, 729, 276)",21-Aug-73
nso_0233_06295.fts,"(701, 181, 726, 281)",21-Aug-73
nso_0233_07081.fts,"(702, 240, 727, 342)",21-Aug-73
nso_0233_07867.fts,"(705, 186, 728, 288)",22-Aug-71
nso_0233_08653.fts,"(702, 194, 730, 297)",22-Aug-72
nso_0233_09439.fts,"(701, 194, 727, 302)",22-Aug-73
nso_0233_10225.fts,"(698, 200, 727, 302)",22-Aug-73
nso_0233_11011.fts,"(697, 194, 729, 300)",23-Aug-73
nso_0233_11797.fts,"(701, 192, 728, 287)",23-Aug-73
nso_0233_12583.fts,"(703, 187, 731, 292)",23-Aug-73
nso_0233_13369.fts,"(701, 193, 729, 296)",23-Aug-73
nso_0233_14155.fts,"(696, 190, 723, 292)",24-Aug-73
nso_0233_14941.fts,"(697, 188, 727, 291)",24-Aug-73
nso_0233_15727.fts,"(700, 185, 727, 290)",24-Aug-73
nso_0234_00760.fts,"(704, 182, 729, 279)",24-Aug-73
nso_0234_01520.fts,"(702, 182, 730, 278)",24-Aug-73
nso_0234_02280.fts,"(700, 181, 730, 284)",25-Aug-73
nso_0234_03040.fts,"(700, 183, 727, 291)",25-Aug-73
nso_0234_03800.fts,"(698, 188, 726, 292)",25-Aug-73
nso_0234_04560.fts,"(699, 188, 728, 291)",25-Aug-73
nso_0234_05320.fts,"(701, 189, 729, 293)",25-Aug-73
nso_0234_06080.fts,"(702, 182, 730, 281)",26-Aug-73
nso_0234_06840.fts,"(701, 194, 729, 293)",26-Aug-73
nso_0234_07600.fts,"(703, 190, 731, 285)",26-Aug-73
nso_0234_08360.fts,"(699, 185, 727, 283)",26-Aug-73
nso_0234_09120.fts,"(698, 186, 728, 286)",26-Aug-73
nso_0234_09880.fts,"(699, 179, 728, 298)",27-Aug-73
nso_0234_10640.fts,"(694, 183, 727, 284)",27-Aug-73
nso_0234_11400.fts,"(699, 202, 731, 308)",29-Aug-73
nso_0234_12160.fts,"(701, 191, 729, 293)",30-Aug-73
nso_0234_12920.fts,"(692, 187, 731, 301)",31-Aug-73
nso_0234_13680.fts,"(698, 193, 730, 305)",31-Aug-73
nso_0234_14440.fts,"(705, 187, 732, 287)",01-Sep-73
nso_0234_15200.fts,,
nso_0235_00773.fts,"(707, 194, 733, 300)",01-Sep-73
nso_0235_01546.fts,"(711, 196, 732, 294)",01-Sep-73
nso_0235_02319.fts,"(706, 184, 734, 282)",02-Sep-73
nso_0235_03092.fts,"(706, 174, 737, 283)",02-Sep-73
nso_0235_03865.fts,"(702, 180, 738, 294)",02-Sep-73
nso_0235_04638.fts,"(702, 184, 737, 292)",02-Sep-73
nso_0235_05411.fts,"(703, 187, 734, 304)",03-Sep-73
nso_0235_06184.fts,"(703, 179, 735, 296)",03-Sep-73
nso_0235_06957.fts,"(703, 179, 733, 302)",03-Sep-73
nso_0235_07730.fts,"(705, 179, 733, 299)",03-Sep-73
nso_0235_08503.fts,"(699, 178, 732, 299)",03-Sep-73
nso_0235_09276.fts,"(698, 177, 730, 304)",04-Sep-73
nso_0235_10049.fts,"(694, 175, 725, 305)",04-Sep-73
nso_0235_10822.fts,"(697, 168, 727, 290)",04-Sep-73
nso_0235_11595.fts,"(698, 195, 727, 312)",04-Sep-73
nso_0235_12368.fts,"(698, 186, 729, 302)",04-Sep-73
nso_0235_13141.fts,"(699, 177, 728, 292)",05-Sep-73
nso_0235_13914.fts,"(699, 177, 728, 280)",05-Sep-73
nso_0235_14687.fts,"(698, 173, 726, 292)",05-Sep-73
nso_0235_15460.fts,"(700, 169, 730, 278)",05-Sep-73
nso_0236_00888.fts,"(702, 190, 731, 306)",05-Sep-73
nso_0236_01776.fts,"(696, 195, 729, 296)",06-Sep-73
nso_0236_02664.fts,,6-Sep-73
nso_0236_03552.fts,"(698, 186, 728, 298)",07-Sep-73
nso_0236_04440.fts,"(702, 199, 735, 306)",08-Sep-73
nso_0236_05328.fts,"(705, 188, 733, 292)",08-Sep-73
nso_0236_06216.fts,"(704, 195, 732, 304)",08-Sep-73
nso_0236_07104.fts,"(704, 201, 731, 303)",09-Sep-73
nso_0236_07992.fts,"(704, 198, 728, 303)",09-Sep-73
nso_0236_08880.fts,"(704, 181, 731, 291)",11-Sep-73
nso_0236_09771.fts,"(700, 186, 734, 297)",11-Sep-73
nso_0236_10659.fts,"(702, 197, 730, 301)",12-Sep-73
nso_0236_11547.fts,"(704, 196, 735, 312)",12-Sep-73
nso_0236_12435.fts,"(705, 202, 734, 304)",12-Sep-73
nso_0236_13323.fts,"(709, 210, 734, 312)",12-Sep-73
nso_0236_14211.fts,"(698, 185, 729, 294)",13-Sep-73
nso_0236_15099.fts,"(702, 193, 731, 302)",13-Sep-73
nso_0236_15987.fts,"(698, 176, 728, 290)",13-Sep-73
nso_0236_16875.fts,"(703, 189, 729, 299)",14-Sep-73
nso_0236_17763.fts,"(698, 171, 730, 289)",14-Sep-73
nso_0237_00761.fts,"(702, 172, 727, 294)",15-Sep-73
nso_0237_01522.fts,"(701, 182, 730, 302)",15-Sep-73
nso_0237_02283.fts,"(702, 177, 728, 296)",15-Sep-73
nso_0237_03044.fts,"(704, 176, 732, 297)",15-Sep-73
nso_0237_03805.fts,"(706, 193, 730, 312)",16-Sep-73
nso_0237_04566.fts,"(707, 172, 730, 292)",16-Sep-73
nso_0237_05327.fts,"(704, 204, 731, 306)",17-Sep-73
nso_0237_06088.fts,"(707, 211, 734, 309)",17-Sep-73
nso_0237_06849.fts,"(701, 197, 733, 298)",17-Sep-73
nso_0237_07610.fts,"(703, 190, 732, 295)",17-Sep-73
nso_0237_08371.fts,"(705, 190, 731, 293)",17-Sep-73
nso_0237_09132.fts,"(705, 197, 735, 301)",18-Sep-73
nso_0237_09893.fts,"(707, 194, 738, 294)",18-Sep-73
nso_0237_10654.fts,"(700, 197, 730, 307)",18-Sep-73
nso_0237_11415.fts,"(706, 184, 735, 290)",19-Sep-73
nso_0237_12176.fts,"(707, 192, 736, 301)",19-Sep-73
nso_0237_12937.fts,"(709, 189, 735, 291)",19-Sep-73
nso_0237_13698.fts,"(708, 175, 737, 293)",20-Sep-73
nso_0237_14459.fts,"(704, 174, 736, 289)",20-Sep-73
nso_0237_15220.fts,"(709, 175, 735, 295)",20-Sep-73
nso_0238_00950.fts,"(703, 186, 733, 294)",20-Sep-73
nso_0238_01900.fts,"(705, 167, 728, 275)",21-Sep-73
nso_0238_02850.fts,"(700, 175, 737, 286)",21-Sep-73
nso_0238_03800.fts,"(708, 187, 731, 290)",22-Sep-73
nso_0238_04750.fts,"(692, 155, 735, 274)",22-Sep-73
nso_0238_05700.fts,"(706, 164, 735, 266)",22-Sep-73
nso_0238_06650.fts,"(703, 189, 735, 294)",23-Sep-73
nso_0238_07600.fts,"(705, 190, 739, 296)",23-Sep-73
nso_0238_08550.fts,"(706, 194, 728, 295)",24-Sep-73
nso_0238_09500.fts,"(706, 186, 733, 294)",24-Sep-73
nso_0238_10450.fts,"(708, 196, 732, 295)",24-Sep-73
nso_0238_11400.fts,"(706, 192, 730, 296)",24-Sep-73
nso_0238_12350.fts,"(708, 197, 732, 306)",25-Sep-73
nso_0238_13300.fts,"(703, 201, 729, 313)",26-Sep-73
nso_0238_14250.fts,"(701, 195, 732, 304)",26-Sep-73
nso_0238_15200.fts,"(706, 206, 735, 310)",28-Sep-73
nso_0238_16150.fts,"(703, 194, 734, 294)",28-Sep-73
nso_0238_17100.fts,"(704, 201, 733, 304)",29-Sep-73
nso_0238_18050.fts,"(708, 194, 728, 304)",30-Sep-73
nso_0239_00836.fts,"(701, 203, 736, 306)",01-Sep-73
nso_0239_01672.fts,"(704, 203, 727, 303)",02-Sep-73
nso_0239_02508.fts,"(705, 193, 737, 303)",03-Sep-73
nso_0239_03344.fts,"(708, 190, 728, 303)",04-Sep-73
nso_0239_04180.fts,"(702, 200, 727, 309)",06-Sep-73
nso_0239_05016.fts,"(704, 195, 731, 297)",06-Sep-73
nso_0239_05852.fts,"(705, 190, 734, 296)",06-Oct-73
nso_0239_06688.fts,"(701, 208, 731, 306)",06-Oct-73
nso_0239_07524.fts,"(730, 210, 763, 328)",09-Oct-73
nso_0239_08360.fts,"(733, 192, 765, 306)",09-Oct-73
nso_0239_09196.fts,"(733, 201, 762, 323)",11-Oct-73
nso_0239_10032.fts,"(736, 196, 762, 309)",11-Oct-73
nso_0239_10868.fts,"(701, 184, 734, 300)",12-Oct-73
nso_0239_11704.fts,"(703, 188, 729, 312)",13-Oct-73
nso_0239_12540.fts,"(703, 182, 731, 303)",13-Oct-73
nso_0239_13376.fts,"(703, 191, 730, 308)",15-Oct-73
nso_0239_14212.fts,"(703, 181, 731, 297)",15-Oct-73
nso_0239_15048.fts,"(695, 178, 734, 301)",16-Oct-73
nso_0239_15884.fts,"(704, 196, 730, 301)",17-Oct-73
nso_0239_16720.fts,"(705, 187, 729, 298)",17-Oct-73
nso_0240_00903.fts,"(706, 187, 724, 294)",18-Oct-73
nso_0240_01806.fts,"(701, 189, 727, 296)",19-Oct-73
nso_0240_02709.fts,"(707, 181, 731, 289)",20-Oct-73
nso_0240_03612.fts,"(702, 180, 731, 294)",21-Oct-73
nso_0240_04515.fts,"(704, 180, 728, 296)",21-Oct-73
nso_0240_05418.fts,"(704, 186, 728, 306)",22-Oct-73
nso_0240_06321.fts,"(705, 201, 725, 307)",23-Oct-73
nso_0240_07224.fts,"(707, 199, 726, 305)",24-Oct-73
nso_0240_08127.fts,"(702, 206, 728, 314)",25-Oct-73
nso_0240_09030.fts,"(705, 196, 727, 303)",25-Oct-73
nso_0240_09933.fts,"(706, 191, 728, 304)",26-Oct-73
nso_0240_10836.fts,"(708, 188, 730, 291)",27-Oct-73
nso_0240_11739.fts,"(705, 192, 729, 294)",27-Oct-73
nso_0240_12642.fts,"(703, 182, 726, 303)",28-Oct-73
nso_0240_13545.fts,"(705, 179, 729, 302)",29-Oct-73
nso_0240_14448.fts,"(699, 191, 730, 312)",30-Oct-73
nso_0240_15351.fts,"(700, 192, 725, 303)",31-Oct-73
nso_0240_16254.fts,"(708, 535, 729, 601)",31-Oct-73
nso_0240_17157.fts,"(706, 167, 728, 281)",31-Oct-73
nso_0240_18060.fts,,31-Oct-73
nso_0241_00933.fts,"(733, 198, 757, 308)",03-Nov-73
nso_0241_01867.fts,"(728, 186, 758, 303)",05-Nov-73
nso_0241_02800.fts,"(734, 191, 760, 313)",06-Nov-73
nso_0241_03733.fts,"(704, 173, 731, 293)",07-Nov-73
nso_0241_04666.fts,"(704, 175, 728, 284)",08-Nov-73
nso_0241_05599.fts,"(711, 185, 733, 296)",09-Nov-73
nso_0241_06532.fts,"(716, 193, 740, 305)",10-Nov-73
nso_0241_07465.fts,"(703, 197, 726, 306)",11-Nov-73
nso_0241_08398.fts,"(706, 180, 732, 293)",11-Nov-73
nso_0241_09331.fts,"(705, 197, 738, 323)",12-Nov-73
nso_0241_10264.fts,"(715, 200, 743, 313)",13-Nov-73
nso_0241_11197.fts,"(711, 200, 740, 320)",15-Nov-73
nso_0241_12130.fts,"(713, 198, 741, 317)",15-Nov-73
nso_0241_13063.fts,"(714, 192, 737, 320)",16-Nov-73
nso_0241_13996.fts,"(716, 181, 747, 306)",17-Nov-73
nso_0241_14929.fts,"(714, 184, 743, 307)",18-Nov-73
nso_0241_15862.fts,"(713, 192, 737, 308)",21-Nov-73
nso_0241_16795.fts,"(713, 201, 745, 321)",22-Nov-73
nso_0241_17728.fts,"(717, 183, 739, 306)",23-Nov-73
nso_0241_18661.fts,,23-Nov-73
nso_0242_00949.fts,"(712, 198, 740, 301)",27-Nov-73
nso_0242_01898.fts,"(713, 188, 739, 311)",28-Nov-73
nso_0242_02847.fts,"(712, 188, 742, 297)",29-Nov-73
nso_0242_03798.fts,"(711, 201, 736, 305)",30-Nov-73
nso_0242_04747.fts,"(718, 209, 745, 314)",30-Nov-73
nso_0242_05696.fts,"(716, 184, 741, 302)",01-Dec-73
nso_0242_06645.fts,"(707, 176, 737, 300)",02-Dec-73
nso_0242_07594.fts,"(709, 195, 732, 299)",04-Dec-73
nso_0242_08543.fts,"(705, 208, 729, 315)",05-Dec-73
nso_0242_09492.fts,,
nso_0242_10441.fts,"(697, 176, 730, 275)",07-Dec-73
nso_0242_11390.fts,"(702, 183, 730, 288)",09-Dec-73
nso_0242_12339.fts,"(702, 173, 729, 289)",10-Dec-73
nso_0242_13288.fts,"(699, 187, 732, 298)",11-Dec-73
nso_0242_14237.fts,"(705, 195, 729, 310)",12-Dec-73
nso_0242_15186.fts,"(711, 184, 738, 291)",13-Dec-73
nso_0242_16135.fts,"(711, 190, 734, 295)",14-Dec-73
nso_0242_17087.fts,"(693, 201, 722, 312)",15-Dec-73
nso_0242_18036.fts,"(700, 189, 730, 292)",16-Dec-73
nso_0242_18985.fts,,
nso_0243_00810.fts,"(710, 178, 729, 291)",18-Dec-73
nso_0243_01620.fts,"(711, 188, 734, 298)",19-Dec-73
nso_0243_02430.fts,"(706, 186, 734, 305)",20-Dec-73
nso_0243_03240.fts,"(707, 179, 732, 296)",21-Dec-73
nso_0243_04050.fts,"(702, 180, 729, 296)",22-Dec-73
nso_0243_04860.fts,"(714, 181, 736, 298)",25-Dec-73
nso_0243_05670.fts,"(710, 196, 734, 310)",27-Dec-73
nso_0243_06480.fts,"(712, 196, 740, 308)",28-Dec-73
nso_0243_07290.fts,"(708, 186, 737, 301)",29-Dec-73
nso_0243_08100.fts,"(706, 191, 738, 303)",29-Dec-73
nso_0243_08910.fts,,
nso_0243_09720.fts,,
nso_0243_10530.fts,"(706, 200, 734, 319)",Jan-74
nso_0243_11340.fts,"(706, 162, 737, 277)",10-Jan-74
nso_0243_12150.fts,"(711, 197, 738, 307)",11-Jan-74
nso_0243_12960.fts,"(710, 196, 739, 308)",12-Jan-74
nso_0243_13770.fts,"(714, 186, 738, 295)",12-Jan-74
nso_0243_14580.fts,"(708, 188, 731, 304)",13-Jan-74
nso_0243_15390.fts,"(708, 190, 731, 300)",13-Jan-74
nso_0243_16200.fts,"(706, 192, 730, 307)",14-Jan-74
nso_0244_00754.fts,"(708, 185, 736, 297)",14-Jan-74
nso_0244_01508.fts,"(707, 184, 735, 296)",14-Jan-74
nso_0244_02262.fts,"(702, 193, 734, 312)",15-Jan-74
nso_0244_03016.fts,"(703, 190, 733, 305)",15-Jan-74
nso_0244_03770.fts,"(707, 181, 733, 296)",15-Jan-74
nso_0244_04524.fts,"(708, 171, 736, 289)",15-Jan-74
nso_0244_05278.fts,"(702, 117, 728, 227)",16-Jan-74
nso_0244_06032.fts,"(697, 181, 729, 296)",16-Jan-74
nso_0244_06786.fts,"(710, 181, 733, 294)",16-Jan-74
nso_0244_07541.fts,"(712, 247, 737, 368)",16-Jan-74
nso_0244_08295.fts,"(711, 178, 737, 292)",17-Jan-74
nso_0244_09050.fts,"(708, 171, 739, 288)",17-Jan-74
nso_0244_09804.fts,"(708, 191, 730, 309)",17-Jan-74
nso_0244_10558.fts,"(707, 188, 732, 303)",19-Jan-74
nso_0244_11312.fts,"(711, 181, 735, 295)",19-Jan-74
nso_0244_12066.fts,"(709, 185, 735, 300)",19-Jan-74
nso_0244_12820.fts,"(707, 184, 736, 303)",19-Jan-74
nso_0244_13574.fts,"(706, 206, 727, 303)",20-Jan-74
nso_0244_14329.fts,"(705, 201, 730, 299)",20-Jan-74
nso_0244_15083.fts,"(709, 196, 732, 309)",21-Jan-74
nso_0245_00751.fts,"(711, 244, 739, 360)",
nso_0245_01502.fts,"(716, 189, 741, 305)",22-Jan-74
nso_0245_02253.fts,"(707, 194, 738, 315)",23-Jan-74
nso_0245_03004.fts,"(711, 190, 739, 307)",23-Jan-74
nso_0245_03755.fts,"(706, 194, 736, 307)",25-Jan-74
nso_0245_04506.fts,"(711, 194, 733, 312)",25-Jan-74
nso_0245_05257.fts,"(707, 191, 737, 307)",25-Jan-74
nso_0245_06008.fts,"(710, 193, 734, 310)",25-Jan-74
nso_0245_06759.fts,"(709, 163, 734, 279)",26-Jan-74
nso_0245_07510.fts,"(707, 177, 737, 293)",26-Jan-74
nso_0245_08261.fts,"(712, 178, 738, 292)",26-Jan-74
nso_0245_09012.fts,"(707, 167, 734, 283)",26-Jan-74
nso_0245_09763.fts,"(715, 181, 741, 293)",28-Jan-74
nso_0245_10514.fts,"(716, 176, 742, 290)",28-Jan-74
nso_0245_11265.fts,"(712, 174, 739, 287)",28-Jan-74
nso_0245_12016.fts,"(708, 206, 734, 300)",29-Jan-74
nso_0245_12767.fts,"(709, 199, 734, 302)",29-Jan-74
nso_0245_13518.fts,"(706, 210, 736, 308)",29-Jan-74
nso_0245_14269.fts,"(707, 198, 733, 298)",29-Jan-74
nso_0245_15020.fts,"(696, 182, 734, 303)",30-Jan-74
nso_0246_00798.fts,"(698, 179, 736, 296)",30-Jan-74
nso_0246_01596.fts,"(707, 194, 732, 308)",31-Jan-74
nso_0246_02394.fts,"(709, 196, 735, 306)",31-Jan-74
nso_0246_03192.fts,"(710, 192, 732, 303)",31-Jan-74
nso_0246_03990.fts,"(704, 162, 731, 281)",01-Feb-74
nso_0246_04788.fts,"(708, 187, 737, 298)",01-Feb-74
nso_0246_05586.fts,"(708, 175, 731, 294)",01-Feb-74
nso_0246_06384.fts,"(708, 185, 731, 299)",01-Feb-74
nso_0246_07182.fts,"(709, 173, 734, 290)",02-Feb-74
nso_0246_07980.fts,"(710, 168, 736, 277)",02-Feb-74
nso_0246_08778.fts,"(709, 189, 736, 301)",03-Feb-74
nso_0246_09576.fts,"(709, 190, 733, 316)",04-Feb-74
nso_0246_10374.fts,"(709, 204, 731, 302)",05-Feb-74
nso_0246_11172.fts,"(707, 186, 737, 288)",-
nso_0246_11970.fts,"(711, 177, 731, 289)",08-Feb-74
nso_0246_12768.fts,"(704, 183, 728, 307)",-
nso_0246_13566.fts,"(704, 187, 735, 297)",-
nso_0246_14364.fts,"(711, 161, 738, 284)",10-Feb-74
nso_0246_15162.fts,"(705, 161, 737, 278)",11-Feb-74
nso_0246_15960.fts,"(715, 115, 742, 237)",-
nso_0247_00880.fts,"(717, 204, 738, 308)",15-Feb-74
nso_0247_01760.fts,"(714, 193, 743, 314)",17-Feb-74
nso_0247_02640.fts,"(718, 212, 746, 326)",21-Feb-74
nso_0247_03520.fts,"(716, 192, 744, 309)",22-Feb-74
nso_0247_04400.fts,"(715, 207, 742, 311)",23-Feb-74
nso_0247_05280.fts,"(716, 203, 742, 308)",23-Feb-74
nso_0247_06160.fts,"(715, 217, 744, 317)",24-Feb-74
nso_0247_07040.fts,"(714, 206, 741, 316)",25-Feb-74
nso_0247_07920.fts,"(714, 198, 743, 314)",26-Feb-74
nso_0247_08800.fts,"(717, 205, 741, 324)",27-Feb-74
nso_0247_09680.fts,"(720, 190, 743, 304)",28-Feb-74
nso_0247_10560.fts,"(711, 195, 737, 312)",01-Mar-74
nso_0247_11440.fts,"(717, 236, 742, 347)",04-Mar-74
nso_0247_12320.fts,"(709, 207, 741, 311)",04-Mar-74
nso_0247_13200.fts,"(713, 219, 735, 324)",05-Mar-74
nso_0247_14080.fts,"(712, 206, 736, 313)",06-Mar-74
nso_0247_14960.fts,"(704, 202, 734, 313)",08-Mar-74
nso_0247_15840.fts,"(707, 209, 735, 321)",09-Mar-74
nso_0247_16720.fts,"(706, 200, 733, 313)",10-Mar-74
nso_0247_17600.fts,,
nso_0248_00916.fts,"(707, 197, 735, 315)",11-Mar-74
nso_0248_01832.fts,"(709, 193, 738, 305)",12-Mar-74
nso_0248_02748.fts,"(710, 191, 735, 304)",13-Mar-74
nso_0248_03664.fts,"(706, 205, 731, 311)",14-Mar-74
nso_0248_04580.fts,"(710, 208, 737, 316)",15-Mar-74
nso_0248_05496.fts,"(707, 207, 733, 309)",16-Mar-74
nso_0248_06412.fts,"(706, 203, 730, 309)",17-Mar-74
nso_0248_07328.fts,"(706, 213, 733, 314)",18-Mar-74
nso_0248_08244.fts,"(719, 192, 746, 306)",19-Mar-74
nso_0248_09160.fts,"(721, 207, 745, 320)",22-Mar-74
nso_0248_10076.fts,"(720, 222, 745, 324)",23-Mar-74
nso_0248_10992.fts,"(722, 202, 748, 312)",24-Mar-74
nso_0248_11908.fts,"(718, 198, 743, 308)",25-Mar-74
nso_0248_12824.fts,"(721, 187, 745, 310)",26-Mar-74
nso_0248_13740.fts,"(719, 188, 745, 311)",26-Mar-74
nso_0248_14656.fts,"(720, 192, 744, 321)",28-Mar-74
nso_0248_15572.fts,"(722, 166, 749, 286)",29-Mar-74
nso_0248_16488.fts,"(722, 181, 749, 300)",29-Mar-74
nso_0248_17404.fts,"(723, 190, 745, 304)",30-Mar-74
nso_0248_18320.fts,"(721, 207, 743, 304)",31-Mar-74
nso_0249_00869.fts,"(719, 197, 745, 307)",01-Apr-74
nso_0249_01738.fts,"(719, 203, 744, 312)",03-Apr-74
nso_0249_02607.fts,"(720, 192, 740, 304)",04-Apr-74
nso_0249_03476.fts,"(719, 185, 742, 311)",05-Apr-74
nso_0249_04345.fts,"(715, 192, 740, 319)",05-Apr-74
nso_0249_05214.fts,"(707, 188, 730, 309)",06-Apr-74
nso_0249_06083.fts,"(704, 200, 726, 308)",07-Apr-74
nso_0249_06952.fts,"(697, 189, 723, 319)",08-Apr-74
nso_0249_07821.fts,"(709, 184, 732, 297)",09-Apr-74
nso_0249_08690.fts,"(703, 208, 725, 324)",10-Apr-74
nso_0249_09559.fts,"(705, 198, 733, 314)",11-Apr-74
nso_0249_10428.fts,"(706, 199, 733, 309)",11-Apr-74
nso_0249_11297.fts,"(712, 202, 734, 309)",12-Apr-74
nso_0249_12166.fts,"(710, 193, 734, 307)",13-Apr-74
nso_0249_13035.fts,"(711, 195, 735, 306)",13-Apr-74
nso_0249_13904.fts,"(704, 188, 733, 311)",14-Apr-74
nso_0249_14773.fts,"(710, 195, 734, 311)",15-Apr-74
nso_0249_15642.fts,"(709, 200, 731, 321)",15-Apr-74
nso_0249_16511.fts,"(710, 180, 736, 295)",16-Apr-74
nso_0249_17380.fts,"(707, 181, 734, 297)",16-Apr-74
nso_0250_01087.fts,"(711, 208, 735, 327)",17-Apr-74
nso_0250_02174.fts,"(711, 212, 729, 322)",18-Apr-74
nso_0250_03261.fts,"(707, 187, 728, 296)",20-Apr-74
nso_0250_04348.fts,"(707, 195, 734, 308)",21-Apr-74
nso_0250_05435.fts,"(705, 177, 732, 297)",22-Apr-74
nso_0250_06522.fts,"(707, 180, 733, 301)",23-Apr-74
nso_0250_07609.fts,"(711, 195, 738, 302)",24-Apr-74
nso_0250_08696.fts,"(708, 188, 737, 312)",25-Apr-74
nso_0250_09783.fts,"(710, 199, 728, 304)",27-Apr-74
nso_0250_10870.fts,"(705, 174, 731, 295)",29-Apr-74
nso_0250_11957.fts,"(703, 187, 728, 305)",30-Apr-74
nso_0250_13044.fts,"(704, 205, 728, 313)",01-Apr-74
nso_0250_14131.fts,"(699, 204, 724, 318)",02-Apr-74
nso_0250_15218.fts,"(709, 202, 734, 306)",03-Apr-74
nso_0250_16305.fts,"(710, 182, 738, 302)",04-Apr-74
nso_0250_17392.fts,"(708, 191, 738, 313)",05-Apr-74
nso_0250_18479.fts,"(711, 192, 737, 310)",07-Apr-74
nso_0250_19566.fts,"(713, 182, 734, 295)",08-Apr-74
nso_0250_20653.fts,"(708, 184, 735, 301)",10-Apr-74
nso_0250_21740.fts,"(709, 187, 737, 300)",10-Apr-74
nso_0251_00979.fts,"(713, 193, 740, 306)",11-Apr-74
nso_0251_01958.fts,"(709, 197, 739, 310)",12-Apr-74
nso_0251_02937.fts,"(706, 200, 733, 315)",13-Apr-74
nso_0251_03916.fts,"(713, 198, 735, 301)",14-Apr-74
nso_0251_04895.fts,"(700, 195, 734, 309)",15-Apr-74
nso_0251_05874.fts,"(696, 198, 720, 299)",16-Apr-74
nso_0251_06853.fts,"(703, 212, 733, 314)",16-Apr-74
nso_0251_07832.fts,"(704, 200, 734, 316)",17-Apr-74
nso_0251_08811.fts,"(707, 197, 735, 317)",17-Apr-74
nso_0251_09790.fts,"(701, 205, 736, 320)",19-Apr-74
nso_0251_10769.fts,"(726, 187, 749, 298)",20-Apr-74
nso_0251_11748.fts,"(719, 189, 747, 303)",21-Apr-74
nso_0251_12727.fts,"(706, 204, 732, 311)",21-Apr-74
nso_0251_13706.fts,"(702, 181, 728, 299)",23-Apr-74
nso_0251_14685.fts,"(692, 190, 722, 297)",24-May-74
nso_0251_15664.fts,"(703, 192, 733, 301)",24-May-74
nso_0251_16643.fts,"(704, 192, 733, 295)",25-May-74
nso_0251_17622.fts,"(706, 196, 729, 305)",26-May-74
nso_0251_18601.fts,"(706, 198, 735, 311)",27-May-74
nso_0251_19580.fts,"(706, 184, 733, 305)",28-May-74
nso_0252_00818.fts,"(693, 193, 718, 300)",31-May-74
nso_0252_01636.fts,"(708, 186, 737, 303)",31-May-74
nso_0252_02454.fts,"(689, 193, 717, 305)",01-Jun-74
nso_0252_03272.fts,"(703, 196, 731, 312)",01-Jun-74
nso_0252_04090.fts,"(706, 20, 728, 125)",02-Jun-74
nso_0252_04908.fts,"(712, 199, 736, 310)",03-Jun-74
nso_0252_05726.fts,"(678, 167, 707, 280)",04-Jun-74
nso_0252_06544.fts,"(701, 183, 723, 288)",04-Jun-74
nso_0252_07362.fts,"(686, 171, 717, 274)",05-Jun-74
nso_0252_08180.fts,"(693, 153, 727, 266)",06-Jun-74
nso_0252_08998.fts,"(699, 164, 731, 275)",06-Jun-74
nso_0252_09816.fts,"(699, 177, 729, 280)",07-Jun-74
nso_0252_10634.fts,"(703, 167, 729, 295)",08-Jun-74
nso_0252_11452.fts,"(704, 156, 730, 289)",08-Jun-74
nso_0252_12270.fts,"(703, 162, 728, 276)",09-Jun-74
nso_0252_13088.fts,"(702, 167, 726, 281)",10-Jun-74
nso_0252_13906.fts,"(704, 166, 733, 280)",10-Jun-74
nso_0252_14724.fts,"(705, 191, 730, 291)",11-Jun-74
nso_0252_15542.fts,"(699, 173, 727, 281)",12-Jun-74
nso_0252_16360.fts,,
nso_0253_00879.fts,"(705, 185, 732, 292)",14-Jun-74
nso_0253_01758.fts,"(706, 184, 732, 300)",15-Jun-74
nso_0253_02637.fts,"(708, 182, 734, 292)",16-Jun-74
nso_0253_03516.fts,"(707, 191, 732, 307)",16-Jun-74
nso_0253_04395.fts,"(721, 177, 747, 293)",17-Jun-74
nso_0253_05274.fts,"(708, 195, 734, 312)",18-Jun-74
nso_0253_06153.fts,"(692, 175, 711, 292)",19-Jun-74
nso_0253_07032.fts,"(707, 186, 730, 285)",20-Jun-74
nso_0253_07911.fts,"(710, 200, 731, 300)",21-Jun-74
nso_0253_08790.fts,"(708, 214, 730, 312)",21-Jun-74
nso_0253_09669.fts,"(709, 232, 736, 333)",22-Jun-74
nso_0253_10548.fts,"(719, 230, 741, 333)",24-Jun-74
nso_0253_11427.fts,"(726, 198, 747, 313)",25-Jun-74
nso_0253_12306.fts,"(724, 211, 746, 323)",26-Jun-74
nso_0253_13185.fts,"(725, 186, 748, 306)",27-Jun-74
nso_0253_14064.fts,"(724, 214, 747, 329)",28-Jun-74
nso_0253_14943.fts,"(726, 203, 749, 322)",29-Jun-74
nso_0253_15822.fts,"(709, 198, 735, 307)",30-Jun-74
nso_0253_16701.fts,"(708, 217, 735, 313)",01-Jul-74
nso_0253_17580.fts,"(711, 189, 735, 301)",02-Jul-74
nso_0254_00700.fts,,
nso_0254_01400.fts,,
nso_0254_02100.fts,,
nso_0254_02800.fts,"(712, 190, 746, 309)",05-Jul-74
nso_0254_03500.fts,"(716, 330, 744, 447)",06-Jul-74
nso_0254_04200.fts,"(717, 177, 746, 297)",06-Jul-74
nso_0254_04900.fts,"(713, 210, 737, 306)",
nso_0254_05600.fts,"(714, 187, 738, 309)",12-Jul-74
nso_0254_06300.fts,"(714, 214, 735, 311)",16-Jul-74
nso_0254_07000.fts,"(714, 199, 738, 311)",18-Jul-74
nso_0254_07700.fts,"(717, 191, 740, 311)",21-Jul-74
nso_0254_08400.fts,"(717, 188, 739, 303)",
nso_0254_09100.fts,"(717, 177, 741, 295)",22-Jul-74
nso_0254_09800.fts,"(713, 193, 739, 309)",23-Jul-74
nso_0254_10500.fts,"(717, 198, 738, 309)",24-Jul-74
nso_0254_11200.fts,"(719, 188, 739, 307)",25-Jul-74
nso_0254_11900.fts,"(718, 211, 740, 311)",27-Jul-74
nso_0254_12600.fts,"(718, 12, 744, 114)",28-Jul-74
nso_0254_13300.fts,"(717, 206, 743, 315)",31-Jul-74
nso_0254_14000.fts,"(717, 212, 742, 307)",05-Aug-74
nso_0255_01025.fts,"(714, 212, 738, 324)",07-Aug-74
nso_0255_02050.fts,"(718, 198, 740, 315)",08-Aug-74
nso_0255_03075.fts,"(717, 202, 739, 315)",
nso_0255_04100.fts,"(712, 201, 738, 325)",11-Aug-74
nso_0255_05125.fts,"(716, 194, 740, 320)",11-Aug-74
nso_0255_06150.fts,"(713, 193, 742, 319)",12-Aug-74
nso_0255_07175.fts,"(719, 220, 738, 321)",14-Aug-74
nso_0255_08200.fts,"(718, 224, 739, 322)",14-Aug-74
nso_0255_09225.fts,"(715, 194, 741, 306)",17-Aug-74
nso_0255_10250.fts,"(713, 219, 736, 315)",18-Aug-74
nso_0255_11275.fts,"(711, 206, 740, 326)",20-Aug-74
nso_0255_12300.fts,"(710, 220, 733, 320)",22-Aug-74
nso_0255_13325.fts,"(710, 208, 733, 331)",29-Aug-74
nso_0255_14350.fts,"(741, 227, 764, 333)",31-Aug-74
nso_0255_15376.fts,"(713, 208, 733, 321)",01-Sep-74
nso_0255_16401.fts,"(712, 209, 733, 323)",01-Sep-74
nso_0255_17426.fts,"(709, 212, 732, 323)",03-Sep-74
nso_0255_18451.fts,"(711, 207, 736, 317)",04-Sep-74
nso_0255_19476.fts,"(713, 212, 733, 325)",05-Sep-74
nso_0255_20501.fts,"(713, 215, 735, 322)",06-Sep-74
nso_0256_01054.fts,"(711, 212, 732, 334)",09-Sep-74
nso_0256_02108.fts,"(716, 210, 739, 315)",10-Sep-74
nso_0256_03162.fts,"(712, 207, 739, 316)",10-Sep-74
nso_0256_04216.fts,"(709, 218, 736, 327)",11-Sep-74
nso_0256_05270.fts,"(719, 202, 741, 310)",12-Sep-74
nso_0256_06324.fts,"(706, 205, 731, 326)",15-Sep-74
nso_0256_07378.fts,"(702, 199, 732, 332)",20-Sep-74
nso_0256_08432.fts,"(708, 204, 728, 326)",25-Sep-74
nso_0256_09486.fts,"(709, 210, 733, 320)",26-Sep-74
nso_0256_10540.fts,"(709, 199, 731, 323)",27-Sep-74
nso_0256_11594.fts,"(712, 220, 730, 324)",28-Sep-74
nso_0256_12648.fts,"(706, 235, 729, 340)",29-Sep-74
nso_0256_13702.fts,"(704, 199, 730, 318)",30-Sep-74
nso_0256_14756.fts,"(707, 200, 733, 317)",01-Oct-74
nso_0256_15810.fts,"(709, 211, 733, 323)",02-Oct-74
nso_0256_16864.fts,"(709, 190, 734, 309)",03-Oct-74
nso_0256_17918.fts,"(710, 204, 731, 325)",04-Oct-74
nso_0256_18972.fts,"(708, 215, 732, 320)",07-Oct-74
nso_0256_20026.fts,"(708, 192, 735, 327)",10-Oct-74
nso_0256_21080.fts,"(707, 204, 733, 316)",15-Oct-74
nso_0257_01063.fts,"(706, 222, 729, 328)",16-Oct-74
nso_0257_02126.fts,"(708, 209, 734, 311)",17-Oct-74
nso_0257_03189.fts,"(711, 187, 736, 307)",18-Oct-74
nso_0257_04252.fts,"(708, 183, 729, 302)",19-Oct-74
nso_0257_05315.fts,"(709, 194, 733, 325)",20-Oct-74
nso_0257_06378.fts,"(707, 206, 729, 324)",23-Oct-74
nso_0257_07441.fts,"(708, 205, 731, 317)",25-Oct-74
nso_0257_08504.fts,"(704, 193, 730, 310)",27-Oct-74
nso_0257_09567.fts,"(703, 199, 729, 310)",28-Oct-74
nso_0257_10630.fts,"(702, 191, 727, 304)",31-Oct-74
nso_0257_11693.fts,"(704, 188, 731, 305)",31-Oct-74
nso_0257_12756.fts,"(708, 182, 733, 297)",01-Nov-74
nso_0257_13819.fts,"(707, 192, 732, 305)",02-Nov-74
nso_0257_14883.fts,"(707, 196, 731, 303)",04-Nov-74
nso_0257_15946.fts,"(707, 199, 729, 307)",05-Nov-74
nso_0257_17009.fts,"(706, 184, 731, 311)",06-Nov-74
nso_0257_18072.fts,"(704, 196, 731, 328)",07-Nov-74
nso_0257_19135.fts,"(700, 225, 731, 334)",10-Nov-74
nso_0257_20198.fts,"(703, 188, 731, 306)",11-Nov-74
nso_0257_21261.fts,,
nso_0258_01084.fts,"(704, 197, 726, 307)",13-Nov-74
nso_0258_02168.fts,"(704, 206, 727, 314)",14-Nov-74
nso_0258_03252.fts,"(709, 202, 729, 311)",15-Nov-74
nso_0258_04336.fts,"(709, 210, 728, 316)",16-Nov-74
nso_0258_05422.fts,"(705, 192, 731, 307)",19-Nov-74
nso_0258_06506.fts,"(709, 207, 727, 314)",20-Nov-74
nso_0258_07590.fts,"(705, 202, 732, 312)",21-Nov-74
nso_0258_08674.fts,"(703, 200, 728, 302)",24-Nov-74
nso_0258_09758.fts,"(705, 187, 731, 303)",25-Nov-74
nso_0258_10842.fts,"(703, 198, 724, 306)",26-Nov-74
nso_0258_11926.fts,"(701, 188, 728, 307)",27-Nov-74
nso_0258_13010.fts,"(697, 178, 730, 301)",28-Nov-74
nso_0258_14094.fts,"(704, 210, 727, 317)",29-Nov-74
nso_0258_15178.fts,"(695, 191, 719, 310)",01-Dec-74
nso_0258_16262.fts,"(706, 203, 737, 313)",02-Dec-74
nso_0258_17346.fts,"(707, 194, 733, 308)",03-Dec-74
nso_0258_18430.fts,"(705, 202, 729, 318)",06-Dec-74
nso_0258_19514.fts,"(707, 193, 729, 307)",07-Dec-74
nso_0258_20598.fts,"(707, 216, 731, 323)",10-Dec-74
nso_0258_21682.fts,,
nso_0259_01076.fts,"(707, 195, 730, 304)",12-Dec-74
nso_0259_02152.fts,"(708, 205, 731, 314)",13-Dec-74
nso_0259_03228.fts,"(705, 182, 728, 297)",14-Dec-74
nso_0259_04304.fts,"(706, 176, 732, 289)",16-Dec-74
nso_0259_05380.fts,"(706, 192, 731, 295)",
nso_0259_06456.fts,"(705, 195, 730, 308)",18-Dec-74
nso_0259_07532.fts,"(703, 201, 725, 313)",20-Dec-74
nso_0259_08608.fts,"(706, 196, 729, 307)",
nso_0259_09684.fts,"(703, 188, 731, 297)",
nso_0259_10760.fts,"(703, 207, 732, 310)",23-Dec-74
nso_0259_11836.fts,"(702, 197, 724, 319)",24-Dec-74
nso_0259_12912.fts,"(706, 182, 732, 310)",27-Dec-74
nso_0259_13988.fts,"(704, 183, 727, 304)",03-Jan-75
nso_0259_15064.fts,"(708, 190, 729, 298)",04-Jan-75
nso_0259_16140.fts,"(703, 203, 727, 313)",05-Jan-75
nso_0259_17216.fts,"(700, 189, 727, 299)",
nso_0259_18292.fts,"(705, 186, 730, 300)",08-Jan-75
nso_0259_19368.fts,"(704, 185, 732, 294)",10-Jan-75
nso_0259_20444.fts,"(702, 197, 731, 318)",12-Jan-75
nso_0259_21520.fts,"(699, 192, 724, 292)",13-Jan-75
nso_0260_00972.fts,"(702, 190, 722, 297)",14-Jan-75
nso_0260_01942.fts,"(703, 189, 725, 304)",15-Jan-75
nso_0260_02912.fts,"(704, 190, 730, 304)",15-Jan-75
nso_0260_03883.fts,"(694, 194, 717, 302)",
nso_0260_04853.fts,"(697, 28, 715, 141)",18-Jan-75
nso_0260_05823.fts,"(705, 184, 729, 295)",
nso_0260_06793.fts,"(701, 165, 725, 290)",19-Jan-75
nso_0260_07763.fts,"(700, 178, 725, 294)",21-Jan-75
nso_0260_08733.fts,"(704, 186, 728, 292)",23-Jan-75
nso_0260_09703.fts,"(705, 185, 729, 289)",24-Jan-75
nso_0260_10673.fts,"(705, 181, 728, 294)",25-Jan-75
nso_0260_11643.fts,"(700, 192, 730, 298)",25-Jan-75
nso_0260_12613.fts,"(705, 196, 727, 298)",
nso_0260_13583.fts,"(704, 181, 728, 287)",05-Feb-75
nso_0260_14553.fts,"(703, 187, 728, 298)",06-Feb-75
nso_0260_15523.fts,"(703, 172, 730, 296)",07-Feb-75
nso_0260_16493.fts,"(704, 190, 735, 301)",08-Feb-75
nso_0260_17463.fts,"(702, 189, 725, 289)",09-Feb-75
nso_0260_18433.fts,"(703, 177, 724, 291)",10-Feb-75
nso_0260_19403.fts,"(702, 191, 727, 296)",11-Feb-75
nso_0261_01028.fts,"(704, 187, 726, 294)",12-Feb-75
nso_0261_02053.fts,"(706, 181, 731, 288)",13-Feb-75
nso_0261_03078.fts,"(708, 178, 727, 301)",16-Feb-75
nso_0261_04104.fts,"(704, 184, 734, 308)",18-Feb-75
nso_0261_05129.fts,"(705, 182, 734, 293)",19-Feb-75
nso_0261_06154.fts,"(700, 200, 728, 306)",20-Feb-75
nso_0261_07179.fts,"(706, 192, 731, 301)",23-Feb-75
nso_0261_08204.fts,"(707, 183, 729, 298)",24-Feb-75
nso_0261_09232.fts,"(702, 155, 731, 282)",25-Feb-75
nso_0261_10257.fts,"(700, 181, 727, 310)",25-Feb-75
nso_0261_11282.fts,"(706, 198, 728, 304)",27-Feb-75
nso_0261_12307.fts,"(702, 189, 727, 296)",28-Feb-75
nso_0261_13332.fts,"(701, 182, 730, 295)",01-Mar-75
nso_0261_14357.fts,"(704, 172, 729, 286)",02-Mar-75
nso_0261_15382.fts,"(702, 176, 729, 286)",03-Mar-75
nso_0261_16407.fts,"(706, 181, 729, 295)",04-Mar-75
nso_0261_17432.fts,"(705, 192, 730, 297)",05-Mar-75
nso_0261_18457.fts,"(708, 168, 736, 293)",06-Mar-75
nso_0261_19482.fts,"(707, 248, 740, 352)",09-Mar-75
nso_0261_20507.fts,"(710, 173, 738, 299)",10-Mar-75
nso_0262_01092.fts,"(713, 187, 737, 313)",16-Mar-75
nso_0262_02183.fts,"(715, 174, 742, 292)",17-Mar-75
nso_0262_03274.fts,"(712, 181, 742, 312)",18-Mar-75
nso_0262_04365.fts,"(714, 192, 744, 299)",19-Mar-75
nso_0262_05456.fts,"(713, 190, 742, 307)",20-Mar-75
nso_0262_06547.fts,"(714, 189, 743, 301)",22-Mar-75
nso_0262_07638.fts,"(710, 177, 746, 301)",24-Mar-75
nso_0262_08729.fts,"(712, 169, 738, 279)",25-Mar-75
nso_0262_09820.fts,"(720, 188, 741, 301)",30-Mar-75
nso_0262_10911.fts,"(716, 196, 739, 309)",31-Mar-75
nso_0262_12002.fts,"(713, 180, 740, 301)",01-Apr-75
nso_0262_13093.fts,"(716, 190, 737, 309)",02-Apr-75
nso_0262_14184.fts,"(711, 193, 734, 315)",03-Apr-75
nso_0262_15275.fts,"(725, 197, 747, 302)",04-Apr-75
nso_0262_16366.fts,"(709, 206, 736, 311)",05-Apr-75
nso_0262_17457.fts,"(708, 186, 736, 305)",13-Apr-75
nso_0262_18548.fts,"(711, 182, 741, 299)",18-Apr-75
nso_0262_19639.fts,"(713, 193, 741, 314)",19-Apr-75
nso_0262_20730.fts,"(715, 201, 739, 322)",20-Apr-75
nso_0262_21821.fts,"(712, 204, 738, 323)",21-Apr-75
nso_0263_01029.fts,"(714, 200, 738, 313)",23-Apr-75
nso_0263_02058.fts,"(713, 206, 737, 327)",24-Apr-75
nso_0263_03087.fts,"(711, 204, 733, 323)",25-Apr-75
nso_0263_04117.fts,"(712, 207, 737, 316)",27-Apr-75
nso_0263_05146.fts,"(708, 209, 733, 320)",28-Apr-75
nso_0263_06175.fts,"(708, 203, 741, 322)",29-Apr-75
nso_0263_07204.fts,"(723, 187, 751, 300)",30-Apr-75
nso_0263_08233.fts,"(716, 195, 741, 311)",03-May-75
nso_0263_09262.fts,"(716, 179, 740, 292)",04-May-75
nso_0263_10291.fts,"(712, 183, 738, 299)",05-May-75
nso_0263_11320.fts,"(709, 178, 739, 287)",06-May-75
nso_0263_12349.fts,"(714, 199, 736, 312)",06-May-75
nso_0263_13378.fts,"(710, 200, 743, 321)",08-May-75
nso_0263_14407.fts,"(717, 207, 738, 325)",11-May-75
nso_0263_15436.fts,"(710, 203, 739, 322)",13-May-75
nso_0263_16465.fts,"(716, 190, 739, 309)",14-May-75
nso_0263_17494.fts,"(717, 202, 741, 316)",15-May-75
nso_0263_18523.fts,"(712, 194, 738, 301)",18-May-75
nso_0263_19552.fts,"(716, 198, 735, 307)",20-May-75
nso_0263_20581.fts,"(710, 210, 740, 324)",21-May-75
nso_0264_00807.fts,"(711, 222, 735, 324)",22-May-75
nso_0264_01614.fts,"(711, 204, 735, 322)",24-May-75
nso_0264_02421.fts,"(710, 206, 747, 323)",24-May-75
nso_0264_03228.fts,"(714, 215, 741, 331)",25-May-75
nso_0264_04035.fts,"(713, 229, 740, 327)",26-May-75
nso_0264_04842.fts,"(712, 222, 742, 343)",28-May-75
nso_0264_05649.fts,"(709, 203, 734, 308)",31-May-75
nso_0264_06456.fts,"(708, 254, 736, 362)",01-Jun-75
nso_0264_07263.fts,"(709, 195, 735, 311)",01-Jun-75
nso_0264_08070.fts,"(711, 201, 737, 315)",02-Jun-75
nso_0264_08877.fts,"(710, 193, 739, 304)",04-Jun-75
nso_0264_09684.fts,"(712, 199, 741, 312)",04-Jun-75
nso_0264_10491.fts,"(702, 187, 725, 292)",06-Jun-75
nso_0264_11298.fts,"(711, 231, 740, 325)",07-Jun-75
nso_0264_12105.fts,"(713, 212, 741, 319)",08-Jun-75
nso_0264_12912.fts,"(709, 201, 738, 315)",10-Jun-75
nso_0264_13719.fts,"(711, 217, 741, 332)",11-Jun-75
nso_0264_14526.fts,"(713, 209, 736, 322)",11-Jun-75
nso_0264_15333.fts,"(712, 206, 744, 323)",13-Jun-75
nso_0264_16140.fts,,
nso_0265_00915.fts,"(702, 191, 729, 315)",15-Jun-75
nso_0265_01830.fts,"(702, 210, 726, 335)",16-Jun-75
nso_0265_02745.fts,"(705, 217, 735, 338)",17-Jun-75
nso_0265_03660.fts,"(712, 216, 738, 322)",18-Jun-75
nso_0265_04575.fts,"(712, 200, 739, 321)",19-Jun-75
nso_0265_05490.fts,"(709, 193, 734, 302)",20-Jun-75
nso_0265_06405.fts,"(713, 217, 736, 334)",22-Jun-75
nso_0265_07320.fts,"(711, 220, 738, 335)",23-Jun-75
nso_0265_08235.fts,"(708, 224, 736, 334)",24-Jun-75
nso_0265_09150.fts,"(707, 213, 735, 325)",25-Jun-75
nso_0265_10065.fts,"(698, 206, 726, 320)",27-Jun-75
nso_0265_10982.fts,"(718, 215, 743, 329)",28-Jun-75
nso_0265_11897.fts,"(712, 211, 737, 326)",30-Jun-75
nso_0265_12812.fts,"(713, 213, 736, 324)",01-Jul-75
nso_0265_13727.fts,"(714, 189, 733, 300)",06-Jul-75
nso_0265_14642.fts,"(708, 198, 729, 315)",10-Jul-75
nso_0265_15557.fts,"(710, 205, 737, 317)",14-Jul-75
nso_0265_16473.fts,"(701, 229, 730, 338)",18-Jul-75
nso_0265_17388.fts,"(704, 225, 734, 337)",19-Jul-75
nso_0265_18303.fts,"(704, 236, 732, 344)",20-Jul-75
nso_0267_00877.fts,"(703, 246, 727, 351)",22-Jul-75
nso_0267_01754.fts,"(701, 229, 727, 340)",25-Jul-75
nso_0267_02631.fts,"(700, 211, 724, 321)",28-Jul-75
nso_0267_03508.fts,"(701, 223, 730, 319)",30-Jul-75
nso_0267_04385.fts,"(701, 212, 731, 327)",02-Aug-75
nso_0267_05262.fts,"(702, 205, 735, 326)",03-Aug-75
nso_0267_06139.fts,"(704, 203, 729, 314)",05-Aug-75
nso_0267_07016.fts,"(710, 208, 733, 315)",06-Aug-75
nso_0267_07893.fts,"(709, 216, 736, 323)",07-Aug-75
nso_0267_08770.fts,"(708, 226, 730, 327)",09-Aug-75
nso_0267_09647.fts,"(704, 214, 732, 326)",10-Aug-75
nso_0267_10524.fts,"(702, 214, 732, 328)",11-Aug-75
nso_0267_11401.fts,"(708, 253, 734, 371)",15-Aug-75
nso_0267_12278.fts,"(706, 224, 729, 329)",17-Aug-75
nso_0267_13155.fts,"(704, 238, 729, 340)",19-Aug-75
nso_0267_14032.fts,"(706, 215, 729, 327)",22-Aug-75
nso_0267_14909.fts,"(705, 232, 730, 345)",23-Aug-75
nso_0267_15786.fts,"(706, 206, 728, 316)",25-Aug-75
nso_0267_16663.fts,"(702, 217, 732, 333)",26-Aug-75
nso_0267_17540.fts,,
nso_0268_00834.fts,"(704, 214, 728, 340)",30-Aug-75
nso_0268_01668.fts,"(707, 246, 727, 347)",31-Aug-75
nso_0268_02502.fts,"(704, 233, 734, 351)",01-Sep-75
nso_0268_03336.fts,"(702, 213, 730, 322)",04-Sep-75
nso_0268_04170.fts,"(703, 211, 735, 314)",07-Sep-75
nso_0268_05004.fts,"(711, 198, 734, 313)",10-Sep-75
nso_0268_05838.fts,"(702, 203, 727, 313)",13-Sep-75
nso_0268_06672.fts,"(705, 198, 733, 309)",15-Sep-75
nso_0268_07506.fts,"(708, 205, 732, 317)",16-Sep-75
nso_0268_08340.fts,"(706, 219, 733, 327)",17-Sep-75
nso_0268_09174.fts,"(703, 213, 728, 322)",19-Sep-75
nso_0268_10008.fts,"(706, 200, 730, 321)",20-Sep-75
nso_0268_10842.fts,"(698, 215, 728, 321)",22-Sep-75
nso_0268_11676.fts,"(705, 204, 737, 319)",23Sept75
nso_0268_12510.fts,"(705, 204, 737, 319)",24Sept75
nso_0268_13344.fts,"(703, 205, 731, 319)",25Sept75
nso_0268_14178.fts,"(704, 213, 734, 323)",26Sept75
nso_0268_15012.fts,"(703, 188, 732, 310)",27Sept75
nso_0268_15846.fts,"(701, 197, 732, 326)",28Sept75
nso_0268_16680.fts,,
nso_0269_00921.fts,"(706, 217, 732, 330)",30Sept75
nso_0269_01842.fts,"(713, 217, 731, 322)",03-Oct-75
nso_0269_02763.fts,"(707, 212, 730, 320)",04-Oct-75
nso_0269_03684.fts,"(702, 207, 728, 318)",05-Oct-75
nso_0269_04605.fts,"(704, 205, 732, 316)",06-Oct-75
nso_0269_05526.fts,"(700, 211, 720, 336)",07-Oct-75
nso_0269_06447.fts,"(707, 202, 730, 330)",09-Oct-75
nso_0269_07368.fts,"(693, 408, 753, 481)",10-Oct-75
nso_0269_08289.fts,"(701, 210, 728, 310)",11-Oct-75
nso_0269_09210.fts,"(703, 202, 734, 323)",12-Oct-75
nso_0269_10131.fts,"(703, 211, 732, 321)",13-Oct-75
nso_0269_11052.fts,"(703, 194, 731, 304)",14-Oct-75
nso_0269_11973.fts,"(703, 216, 729, 333)",16-Oct-75
nso_0269_12894.fts,"(702, 196, 734, 320)",17-Oct-75
nso_0269_13815.fts,"(702, 186, 734, 317)",18-Oct-75
nso_0269_14736.fts,"(705, 192, 732, 299)",20-Oct-75
nso_0269_15657.fts,"(702, 208, 729, 314)",22-Oct-75
nso_0269_16578.fts,"(705, 204, 727, 320)",23-Oct-75
nso_0269_17499.fts,"(703, 189, 733, 308)",25-Oct-75
nso_0269_18420.fts,"(704, 187, 728, 310)",26-Oct-75
nso_0270_01056.fts,"(705, 206, 731, 322)",27-Oct-75
nso_0270_02112.fts,"(700, 205, 727, 322)",29-Oct-75
nso_0270_03168.fts,"(703, 191, 726, 308)",30-Oct-75
nso_0270_04224.fts,"(704, 207, 729, 313)",02-Nov-75
nso_0270_05280.fts,"(704, 192, 729, 310)",03-Nov-75
nso_0270_06336.fts,"(706, 212, 734, 320)",05-Nov-75
nso_0270_07392.fts,"(705, 205, 732, 309)",06-Nov-75
nso_0270_08448.fts,"(703, 220, 730, 321)",07-Nov-75
nso_0270_09504.fts,"(705, 201, 731, 315)",08-Nov-75
nso_0270_10560.fts,"(702, 192, 729, 310)",10-Nov-75
nso_0270_11616.fts,"(706, 200, 731, 315)",11-Nov-75
nso_0270_12674.fts,"(715, 193, 743, 315)",13-Nov-75
nso_0270_13732.fts,"(704, 191, 729, 315)",14-Nov-75
nso_0270_14790.fts,"(695, 209, 719, 317)",16-Nov-75
nso_0270_15846.fts,"(703, 208, 728, 320)",17-Nov-75
nso_0270_16905.fts,"(699, 200, 724, 308)",19-Nov-75
nso_0270_17964.fts,"(702, 220, 725, 318)",20-Nov-75
nso_0270_19020.fts,"(703, 201, 729, 316)",22-Nov-75
nso_0270_20079.fts,"(703, 206, 728, 308)",24-Nov-75
nso_0270_21138.fts,,
nso_0271_00962.fts,"(707, 205, 731, 313)",27-Nov-75
nso_0271_01924.fts,"(700, 206, 735, 335)",30-Nov-75
nso_0271_02886.fts,"(702, 202, 729, 322)",02-Dec-75
nso_0271_03848.fts,"(697, 193, 726, 307)",03-Dec-75
nso_0271_04810.fts,"(702, 200, 727, 297)",04-Dec-75
nso_0271_05772.fts,"(703, 201, 727, 317)",06-Dec-75
nso_0271_06734.fts,"(699, 202, 726, 318)",07-Dec-75
nso_0271_07696.fts,"(704, 199, 730, 324)",09-Dec-75
nso_0271_08658.fts,"(700, 203, 727, 321)",10-Dec-75
nso_0271_09620.fts,"(700, 185, 729, 305)",11-Dec-75
nso_0271_10582.fts,"(699, 210, 727, 324)",13-Dec-75
nso_0271_11544.fts,"(701, 202, 727, 320)",15-Dec-75
nso_0271_12506.fts,"(707, 210, 729, 331)",16-Dec-75
nso_0271_13468.fts,"(705, 208, 732, 332)",18-Dec-75
nso_0271_14430.fts,"(705, 208, 728, 323)",19-Dec-75
nso_0271_15392.fts,"(698, 208, 728, 312)",26-Dec-75
nso_0271_16354.fts,"(701, 218, 729, 324)",30-Dec-75
nso_0271_17316.fts,"(701, 215, 727, 316)",31-Dec-75
nso_0271_18278.fts,"(698, 198, 727, 316)",03-Dec-75
nso_0272_00704.fts,,
nso_0272_01408.fts,,
nso_0272_02112.fts,,
nso_0272_02816.fts,,
nso_0272_03520.fts,,
nso_0272_04224.fts,,
nso_0272_04928.fts,,
nso_0272_05632.fts,,
nso_0272_06336.fts,,
nso_0272_07040.fts,,
nso_0272_07744.fts,"(702, 198, 730, 321)",16-Jan-76
nso_0272_08448.fts,"(704, 210, 727, 317)",17-Jan-76
nso_0272_09152.fts,"(699, 187, 726, 302)",19-Jan-76
nso_0272_09856.fts,"(701, 206, 725, 319)",21-Jan-76
nso_0272_10560.fts,"(701, 204, 728, 321)",22-Jan-76
nso_0272_11264.fts,"(701, 208, 729, 324)",25-Jan-76
nso_0272_11968.fts,"(702, 224, 728, 326)",26-Jan-76
nso_0272_12672.fts,"(703, 195, 728, 314)",27-Jan-76
nso_0272_13376.fts,"(706, 201, 734, 325)",28-Jan-76
nso_0272_14080.fts,,
nso_0273_01034.fts,"(701, 207, 726, 322)",30-Jan-76
nso_0273_02068.fts,"(703, 212, 726, 328)",01mFeb76
nso_0273_03102.fts,"(703, 207, 729, 317)",02-Feb-76
nso_0273_04136.fts,"(701, 215, 724, 329)",07-Feb-76
nso_0273_05170.fts,"(707, 213, 731, 327)",08-Feb-76
nso_0273_06204.fts,"(700, 196, 727, 308)",14-Feb-76
nso_0273_07238.fts,"(699, 193, 727, 303)",15-Feb-76
nso_0273_08272.fts,"(699, 206, 724, 307)",17-Feb-76
nso_0273_09306.fts,"(697, 193, 722, 301)",19-Feb-76
nso_0273_10340.fts,"(695, 189, 723, 309)",21-Feb-76
nso_0273_11374.fts,"(699, 189, 726, 284)",22-Feb-76
nso_0273_12408.fts,"(694, 299, 719, 414)",24-Feb-76
nso_0273_13442.fts,"(699, 189, 722, 301)",25-Feb-76
nso_0273_14476.fts,"(690, 183, 715, 293)",27-Feb-76
nso_0273_15510.fts,"(697, 535, 728, 597)",29-Feb-76
nso_0273_16544.fts,"(694, 189, 718, 301)",01-Mar-76
nso_0273_17578.fts,"(700, 182, 725, 299)",04-Mar-76
nso_0273_18612.fts,"(699, 191, 729, 293)",07-Mar-76
nso_0273_19646.fts,"(698, 180, 729, 302)",08-Mar-76
nso_0273_20680.fts,"(699, 184, 729, 302)",09-Mar-76
nso_0274_01019.fts,"(697, 172, 725, 291)",12-Mar-76
nso_0274_02038.fts,"(697, 180, 724, 297)",13-Mar-76
nso_0274_03057.fts,"(701, 192, 731, 300)",15-Mar-76
nso_0274_04076.fts,"(706, 186, 730, 301)",16-Mar-76
nso_0274_05095.fts,"(695, 174, 721, 293)",18-Mar-76
nso_0274_06114.fts,"(697, 176, 725, 297)",20-Mar-76
nso_0274_07133.fts,"(694, 178, 719, 297)",22-Mar-76
nso_0274_08152.fts,"(683, 183, 712, 297)",23-Mar-76
nso_0274_09171.fts,"(694, 192, 721, 302)",25-Mar-76
nso_0274_10190.fts,"(700, 180, 725, 295)",26-Mar-76
nso_0274_11209.fts,"(701, 181, 723, 294)",30-Mar-76
nso_0274_12228.fts,"(703, 196, 728, 308)",01-Apr-76
nso_0274_13247.fts,"(691, 188, 725, 304)",03-Apr-76
nso_0274_14266.fts,"(698, 193, 726, 308)",05-Apr-76
nso_0274_15285.fts,"(699, 177, 724, 295)",07-Apr-76
nso_0274_16304.fts,"(700, 189, 723, 298)",09-Apr-76
nso_0274_17323.fts,"(700, 179, 726, 298)",11-Apr-76
nso_0274_18342.fts,"(699, 186, 727, 297)",13-Apr-76
nso_0274_19361.fts,"(701, 193, 728, 306)",17-Apr-76
nso_0274_20380.fts,,
nso_0275_01078.fts,"(699, 183, 724, 299)",20-Apr-76
nso_0275_02156.fts,"(695, 196, 722, 291)",21-Apr-76
nso_0275_03234.fts,"(698, 185, 722, 285)",24-Apr-76
nso_0275_04312.fts,"(700, 190, 723, 299)",25-Apr-76
nso_0275_05390.fts,"(700, 179, 728, 284)",26-Apr-76
nso_0275_06468.fts,"(697, 176, 725, 288)",28-Apr-76
nso_0275_07546.fts,"(700, 180, 725, 296)",30-Apr-76
nso_0275_08624.fts,"(700, 185, 726, 297)",30-Apr-76
nso_0275_09702.fts,"(699, 179, 727, 300)",01-May-76
nso_0275_10780.fts,"(702, 181, 725, 300)",04-May-76
nso_0275_11858.fts,"(705, 180, 725, 297)",09-May-76
nso_0275_12936.fts,"(703, 192, 727, 300)",10-May-76
nso_0275_14014.fts,"(698, 172, 728, 290)",12-May-76
nso_0275_15092.fts,"(702, 178, 728, 282)",13-May-76
nso_0275_16170.fts,"(705, 182, 726, 285)",14-May-76
nso_0275_17248.fts,"(699, 169, 728, 289)",16-May-76
nso_0275_18326.fts,"(700, 175, 727, 301)",17-May-76
nso_0275_19404.fts,"(701, 179, 725, 288)",21-May-76
nso_0275_20482.fts,"(700, 7, 728, 110)",22-May-76
nso_0275_21560.fts,,
nso_0445_00679.fts,"(35, 143, 69, 278)",1-Oct-62
nso_0445_01070.fts,"(699, 130, 730, 247)",13-Jun-1994
nso_0445_01358.fts,,
nso_0445_02037.fts,"(41, 136, 71, 286)",7-Oct-62
nso_0445_02140.fts,"(685, 123, 717, 242)",16-Jun-1994
nso_0445_02716.fts,"(45, 145, 78, 281)",8-Oct-62
nso_0445_03210.fts,"(715, 141, 746, 255)",19-Jun-1994
nso_0445_03395.fts,"(49, 150, 75, 297)",10-Oct-62
nso_0445_04074.fts,"(53, 135, 80, 282)",12-Oct-62
nso_0445_04280.fts,"(710, 132, 740, 250)",24-Jun-1994
nso_0445_04753.fts,"(42, 141, 73, 293)",13-Oct-62
nso_0445_05350.fts,"(710, 112, 737, 227)",26-Jun-1994
nso_0445_05432.fts,,
nso_0445_06111.fts,"(46, 136, 69, 292)",16-Oct-62
nso_0445_06420.fts,"(705, 123, 734, 243)",29-Jun-1994
nso_0445_06790.fts,"(47, 137, 76, 285)",20-Oct-62
nso_0445_07469.fts,"(710, 289, 739, 429)",23-Oct-62
nso_0445_07490.fts,"(711, 130, 742, 242)",2-Jul-1994
nso_0445_08148.fts,"(47, 144, 77, 296)",24-Oct-62
nso_0445_08560.fts,"(685, 115, 723, 234)",5-Jul-1994
nso_0445_08827.fts,"(36, 136, 66, 287)",28-Oct-62
nso_0445_09506.fts,"(44, 140, 74, 277)",29-Oct-62
nso_0445_09630.fts,"(719, 132, 754, 240)",7-Jul-1994
nso_0445_10185.fts,"(48, 138, 74, 288)",30-Oct-62
nso_0445_10700.fts,"(714, 115, 735, 242)",10-Jul-1994
nso_0445_10864.fts,,
nso_0445_11543.fts,"(38, 149, 66, 293)",2-Nov-62
nso_0445_11770.fts,,
nso_0445_12222.fts,"(34, 154, 67, 304)",3-Nov-62
nso_0445_12840.fts,"(700, 122, 724, 235)",15-Jul-1994
nso_0445_12901.fts,"(46, 143, 74, 300)",4-Nov-62
nso_0445_13580.fts,,
nso_0445_13910.fts,"(697, 104, 727, 222)",20-Jul-1994
nso_0445_14980.fts,"(698, 111, 729, 226)",23-Jul-1994
nso_0445_16050.fts,"(711, 96, 736, 216)",29-Jul-1994
nso_0445_17120.fts,"(712, 99, 741, 209)",2-Aug-1994
nso_0445_18190.fts,"(711, 93, 738, 203)",5-Aug-1994
nso_0445_19260.fts,"(717, 143, 741, 245)",8-Aug-1994
nso_0445_20330.fts,"(709, 166, 738, 275)",12-Aug-1994
nso_0445_21400.fts,"(709, 119, 740, 235)",18-Aug-1994
nso_0446_01041.fts,"(705, 115, 734, 241)",22-Aug-1994
nso_0446_02082.fts,"(708, 122, 736, 233)",25-Aug-1994
nso_0446_03123.fts,"(708, 133, 740, 253)",28-Aug-1994
nso_0446_04164.fts,"(710, 116, 738, 228)",3-Sep-1994
nso_0446_05205.fts,"(711, 64, 739, 170)",8-Sep-1994
nso_0446_06246.fts,"(705, 135, 739, 252)",11-Sep-1994
nso_0446_07287.fts,"(709, 79, 742, 193)",15-Sep-1994
nso_0446_08328.fts,"(708, 103, 738, 228)",20-Sep-1994
nso_0446_09379.fts,"(707, 111, 733, 230)",24-Sep-1994
nso_0446_10431.fts,"(706, 115, 733, 222)",26-Sep-1994
nso_0446_11472.fts,"(708, 80, 736, 193)",29-Sep-1994
nso_0446_12513.fts,"(712, 123, 740, 232)",3-Oct-1994
nso_0446_13554.fts,"(716, 56, 745, 166)",7-Oct-1994
nso_0446_14595.fts,"(720, 115, 750, 229)",9-Oct-1994
nso_0446_15636.fts,"(726, 211, 756, 324)",12-Oct-1994
nso_0446_16677.fts,"(717, 118, 748, 234)",15-Oct-1994
nso_0446_17718.fts,"(718, 111, 741, 226)",20-Oct-1994
nso_0446_18759.fts,"(715, 127, 745, 244)",22-Oct-1994
nso_0446_19800.fts,"(712, 129, 743, 249)",27-Oct-1994
nso_0446_20841.fts,"(712, 124, 739, 240)",29-Oct-1994
nso_0447_01049.fts,"(701, 306, 735, 416)",1-Nov-1994
nso_0447_02098.fts,"(715, 153, 745, 256)",7-Nov-1994
nso_0447_03147.fts,"(700, 113, 734, 234)",13-Nov-1994
nso_0447_04196.fts,"(705, 124, 732, 236)",17-Nov-1994
nso_0447_05245.fts,"(706, 129, 731, 245)",19-Nov-1994
nso_0447_06294.fts,"(707, 131, 735, 240)",24-Nov-1994
nso_0447_07343.fts,"(705, 129, 734, 248)",28-Nov-1994
nso_0447_08392.fts,"(703, 104, 731, 225)",1-Dec-1994
nso_0447_09441.fts,"(710, 120, 733, 225)",3-Dec-1994
nso_0447_10490.fts,"(703, 134, 734, 242)",8-Dec-1994
nso_0447_11539.fts,"(709, 126, 733, 242)",11-Dec-1994
nso_0447_12588.fts,"(706, 122, 731, 238)",15-Dec-1994
nso_0447_13637.fts,"(709, 124, 736, 246)",17-Dec-1994
nso_0447_14686.fts,"(703, 151, 731, 263)",20-Dec-1994
nso_0447_15735.fts,"(701, 112, 728, 236)",29-Dec-1994
nso_0447_16784.fts,"(703, 133, 730, 241)",3-Jan-1995
nso_0447_17833.fts,"(707, 109, 734, 212)",9-Jan-1995
nso_0447_18882.fts,"(707, 135, 734, 248)",13-Jan-1995
nso_0447_19931.fts,"(707, 111, 734, 222)",18-Jan-1995
nso_0447_20980.fts,,
nso_0448_01184.fts,"(721, 222, 755, 335)",30-Jan-1995
nso_0448_02368.fts,"(705, 127, 733, 242)",3-Feb-1995
nso_0448_03552.fts,"(712, 138, 740, 244)",5-Feb-1995
nso_0448_04736.fts,"(704, 91, 731, 206)",8-Feb-1995
nso_0448_05920.fts,"(710, 98, 733, 210)",12-Feb-1995
nso_0448_07104.fts,"(705, 112, 732, 235)",19-Feb-1995
nso_0448_08288.fts,"(708, 93, 733, 203)",22-Feb-1995
nso_0448_09472.fts,"(706, 130, 732, 248)",27-Feb-1995
nso_0448_10656.fts,"(706, 117, 735, 240)",3-Mar-1995
nso_0448_11840.fts,"(706, 97, 739, 211)",8-Mar-1995
nso_0448_13024.fts,"(710, 122, 741, 245)",11-Mar-1995
nso_0448_14208.fts,"(708, 110, 739, 227)",14-Mar-1995
nso_0448_15392.fts,"(712, 109, 739, 222)",18-Mar-1995
nso_0448_16576.fts,"(707, 92, 736, 220)",21-Mar-1995
nso_0448_17760.fts,"(710, 114, 736, 228)",24-Mar-1995
nso_0448_18944.fts,,-
nso_0448_20128.fts,"(708, 123, 736, 231)",1-Apr-1995
nso_0448_21312.fts,"(703, 114, 732, 218)",8-Apr-1995
nso_0448_22496.fts,"(702, 111, 736, 230)",12-Apr-1995
nso_0448_23720.fts,"(709, 189, 739, 305)",17-Apr-1995
nso_0449_01188.fts,"(705, 112, 734, 232)",21-Apr-1995
nso_0449_02376.fts,"(716, 196, 746, 312)",24-Apr-1995
nso_0449_03564.fts,"(716, 131, 749, 253)",28-Apr-1995
nso_0449_04752.fts,"(710, 221, 741, 325)",3-May-1995
nso_0449_05940.fts,"(721, 196, 751, 304)",6-May-1995
nso_0449_07128.fts,"(702, 125, 736, 244)",10-May-1995
nso_0449_08316.fts,"(716, 200, 749, 321)",13-May-1995
nso_0449_09504.fts,"(726, 194, 755, 312)",19-May-1995
nso_0449_10692.fts,"(706, 210, 733, 325)",24-May-1995
nso_0449_11880.fts,"(708, 217, 739, 334)",28-May-1995
nso_0449_13068.fts,"(709, 225, 738, 329)",1-Jun-1995
nso_0449_14256.fts,"(710, 207, 743, 306)",4-Jun-1995
nso_0449_15444.fts,"(704, 121, 731, 234)",7-Jun-1995
nso_0449_16632.fts,"(700, 100, 730, 220)",9-Jun-1995
nso_0449_17820.fts,"(695, 94, 722, 214)",12-Jun-1995
nso_0449_19008.fts,"(699, 106, 728, 219)",16-Jun-1995
nso_0449_20196.fts,"(713, 173, 750, 293)",20-Jun-1995
nso_0449_21384.fts,"(706, 169, 738, 282)",23-Jun-1995
nso_0449_22572.fts,"(715, 180, 747, 303)",27-Jun-1995
nso_0449_23760.fts,"(713, 220, 742, 333)",1-Jul-1995
nso_0450_01182.fts,"(710, 183, 742, 290)",3-Jul-1995
nso_0450_02364.fts,"(699, 112, 726, 228)",8-Jul-1995
nso_0450_03546.fts,"(701, 148, 736, 257)",10-Jul-1995
nso_0450_04728.fts,"(714, 208, 746, 324)",13-Jul-1995
nso_0450_05910.fts,"(702, 160, 734, 269)",19-Jul-1995
nso_0450_07092.fts,"(701, 124, 732, 235)",23-Jul-1995
nso_0450_08274.fts,"(706, 180, 733, 300)",26-Jul-1995
nso_0450_09456.fts,"(710, 184, 739, 303)",29-Jul-1995
nso_0450_10638.fts,"(722, 198, 751, 311)",2-Aug-1995
nso_0450_11820.fts,"(724, 179, 755, 287)",7-Aug-1995
nso_0450_13002.fts,"(720, 183, 752, 296)",12-Aug-1995
nso_0450_14184.fts,"(725, 207, 757, 320)",20-Aug-1995
nso_0450_15366.fts,"(717, 168, 747, 291)",28-Aug-1995
nso_0450_16548.fts,"(711, 95, 738, 205)",2-Sep-1995
nso_0450_17730.fts,"(702, 107, 733, 220)",4-Sep-1995
nso_0450_18912.fts,"(706, 6, 726, 97)",8-Sep-1995
nso_0450_20094.fts,"(706, 259, 739, 370)",12-Sep-1995
nso_0450_21276.fts,"(716, 188, 747, 305)",20-Sep-1995
nso_0450_22458.fts,"(712, 182, 736, 301)",23-Sep-1995
nso_0450_23640.fts,"(705, 130, 736, 242)",26-Sep-1995
nso_0451_01179.fts,"(706, 163, 737, 276)",1-Oct-1995
nso_0451_02358.fts,"(713, 201, 743, 308)",4-Oct-1995
nso_0451_03537.fts,"(700, 131, 728, 243)",6-Oct-1995
nso_0451_04716.fts,"(710, 138, 740, 251)",9-Oct-1995
nso_0451_05895.fts,"(728, 172, 750, 291)",12-Oct-1995
nso_0451_07074.fts,"(725, 159, 752, 270)",15-Oct-1995
nso_0451_08253.fts,"(709, 163, 739, 288)",18-Oct-1995
nso_0451_09432.fts,"(683, 162, 721, 278)",21-Oct-1995
nso_0451_10611.fts,"(690, 171, 720, 284)",24-Oct-1995
nso_0451_11790.fts,"(696, 165, 726, 276)",29-Oct-1995
nso_0451_12969.fts,"(702, 150, 731, 263)",4-Nov-1995
nso_0451_14148.fts,"(701, 130, 730, 246)",13-Nov-1995
nso_0451_15327.fts,"(706, 126, 732, 243)",17-Nov-1995
nso_0451_16506.fts,"(704, 132, 732, 247)",22-Nov-1995
nso_0451_17685.fts,"(700, 124, 726, 243)",27-Nov-1995
nso_0451_18864.fts,"(699, 150, 727, 256)",1-Dec-1995
nso_0451_20043.fts,"(715, 146, 743, 267)",8-Dec-1995
nso_0451_21222.fts,,
nso_0451_22401.fts,"(719, 190, 746, 304)",27-Dec-1995
nso_0451_23580.fts,"(721, 187, 748, 291)",5-Jan-1996
nso_0452_01177.fts,"(712, 187, 742, 296)",8-Jan-1996
nso_0452_02354.fts,"(717, 172, 742, 294)",12-Jan-1996
nso_0452_03531.fts,"(719, 180, 747, 295)",16-Jan-1996
nso_0452_04708.fts,"(715, 165, 743, 281)",20-Jan-1996
nso_0452_05885.fts,"(716, 179, 748, 297)",24-Jan-1996
nso_0452_07062.fts,"(722, 187, 752, 306)",29-Jan-1996
nso_0452_08239.fts,"(722, 181, 747, 292)",5-Jan-1996
nso_0452_09416.fts,"(724, 185, 752, 300)",9-Feb-1996
nso_0452_10593.fts,"(724, 201, 749, 317)",14-Feb-1996
nso_0452_11770.fts,"(724, 189, 749, 307)",18-Feb-1996
nso_0452_12947.fts,"(725, 202, 752, 318)",27-Feb-1996
nso_0452_14124.fts,"(727, 214, 755, 325)",2-Mar-1996
nso_0452_15301.fts,"(722, 215, 749, 321)",7-Mar-1996
nso_0452_16478.fts,"(718, 179, 748, 295)",11-Mar-1996
nso_0452_17655.fts,"(705, 195, 734, 305)",16-Mar-1996
nso_0452_18832.fts,"(705, 188, 731, 297)",20-Mar-1996
nso_0452_20009.fts,"(699, 188, 725, 302)",27-Mar-1996
nso_0452_21186.fts,"(706, 184, 732, 310)",31-Mar-1996
nso_0452_22363.fts,"(710, 195, 740, 308)",6-Apr-1996
nso_0453_01086.fts,"(39, 134, 70, 275)",9-Nov-62
nso_0453_01170.fts,"(713, 172, 740, 289)",15-Apr-1996
nso_0453_02172.fts,"(40, 143, 64, 279)",11-Nov-62
nso_0453_02340.fts,"(703, 181, 729, 295)",19-Apr-1996
nso_0453_03258.fts,,
nso_0453_03510.fts,"(692, 183, 718, 297)",22-Apr-1996
nso_0453_04344.fts,"(37, 118, 68, 260)",20-Nov-62
nso_0453_04680.fts,"(696, 191, 722, 304)",27-Apr-1996
nso_0453_05430.fts,"(51, 135, 78, 287)",21-Nov-62
nso_0453_05850.fts,"(719, 196, 744, 310)",30-Apr-1996
nso_0453_06516.fts,"(42, 131, 68, 272)",25-Nov-62
nso_0453_07020.fts,"(691, 192, 723, 300)",3-May-1996
nso_0453_07602.fts,"(51, 134, 76, 284)",27-Nov-62
nso_0453_08190.fts,"(706, 187, 738, 299)",6-May-1996
nso_0453_08688.fts,"(36, 144, 60, 300)",3-DEC-62
nso_0453_09360.fts,"(718, 189, 743, 310)",10-May-1996
nso_0453_09774.fts,,
nso_0453_10530.fts,"(711, 191, 743, 308)",13-May-1996
nso_0453_10860.fts,"(44, 147, 70, 308)",7-DEC-62
nso_0453_11700.fts,"(722, 190, 746, 308)",16-May-1996
nso_0453_11946.fts,"(43, 139, 72, 321)",9-DEC-62
nso_0453_12870.fts,"(723, 203, 746, 326)",21-May-1996
nso_0453_13032.fts,"(41, 139, 71, 327)",13-DEC-62
nso_0453_14040.fts,"(733, 171, 757, 291)",24-May-1996
nso_0453_14118.fts,"(50, 136, 75, 307)",15-DEC-62
nso_0453_15204.fts,"(41, 145, 71, 315)",21-DEC-62
nso_0453_15210.fts,"(710, 157, 744, 275)",29-May-1996
nso_0453_16290.fts,"(37, 135, 66, 301)",26-DEC-62
nso_0453_16380.fts,"(701, 153, 728, 260)",2-Jun-1996
nso_0453_17376.fts,"(46, 139, 75, 310)",30-DEC-62
nso_0453_17550.fts,"(705, 168, 733, 278)",5-Jun-1996
nso_0453_18462.fts,"(36, 111, 66, 294)",4-JAN-62
nso_0453_18720.fts,"(701, 161, 729, 270)",9-Jun-1996
nso_0453_19548.fts,"(36, 140, 69, 309)",7-JAN-62
nso_0453_19890.fts,"(695, 135, 725, 256)",16-Jun-1996
nso_0453_20634.fts,"(39, 138, 69, 296)",9-JAN-62
nso_0453_21060.fts,"(714, 182, 735, 297)",15-Jun-1996
nso_0453_21720.fts,,
nso_0453_22230.fts,"(724, 176, 751, 294)",23-Jun-1996
nso_0453_23400.fts,"(705, 175, 733, 285)",26-Jun-1996
nso_0454_01139.fts,"(706, 173, 733, 281)",9-Jul-1996
nso_0454_02278.fts,"(708, 174, 740, 288)",17-Jul-1996
nso_0454_03417.fts,"(694, 176, 727, 285)",22-Jul-1996
nso_0454_04556.fts,"(698, 97, 725, 217)",26-Jul-1996
nso_0454_05695.fts,"(695, 195, 723, 313)",3-Aug-1996
nso_0454_06834.fts,"(693, 240, 724, 357)",9-Aug-1996
nso_0454_07973.fts,"(693, 181, 722, 315)",13-Aug-1996
nso_0454_09112.fts,"(698, 187, 723, 316)",17-Aug-1996
nso_0454_10251.fts,"(691, 188, 721, 309)",27-Aug-1996
nso_0454_11390.fts,"(697, 191, 726, 306)",3-Sep-1996
nso_0454_12529.fts,"(682, 181, 718, 293)",10-Sep-1996
nso_0454_13668.fts,"(692, 182, 723, 304)",17-Sep-1996
nso_0454_14807.fts,"(694, 181, 720, 299)",21-Sep-1996
nso_0454_15946.fts,"(686, 2, 721, 111)",27-Sep-1996
nso_0454_17085.fts,"(690, 184, 721, 300)",30-Sep-1996
nso_0454_18224.fts,"(694, 187, 721, 297)",3-Oct-1996
nso_0454_19363.fts,"(689, 199, 712, 306)",8-Oct-1996
nso_0454_20502.fts,"(690, 190, 717, 307)",11-Oct-1996
nso_0454_21641.fts,"(692, 190, 720, 309)",14-Oct-1996
nso_0454_22780.fts,"(701, 184, 729, 298)",17-Oct-1996
nso_0455_01194.fts,"(695, 186, 723, 315)",23-Oct-1996
nso_0455_02388.fts,"(696, 173, 724, 291)",29-Oct-1996
nso_0455_03582.fts,"(690, 181, 721, 298)",4-Nov-1996
nso_0455_04776.fts,"(688, 192, 713, 309)",8-Nov-1996
nso_0455_05970.fts,"(680, 185, 714, 301)",11-Nov-1996
nso_0455_07164.fts,"(686, 180, 720, 297)",11-Nov-1996
nso_0455_08358.fts,"(677, 207, 714, 313)",20-Nov-1996
nso_0455_09552.fts,"(710, 315, 758, 371)",24-Nov-1996
nso_0455_10746.fts,"(705, 191, 732, 301)",2-Dec-1996
nso_0455_11940.fts,"(709, 186, 740, 300)",7-Dec-1996
nso_0455_13134.fts,"(710, 196, 737, 312)",11-Dec-1996
nso_0455_14328.fts,"(702, 187, 735, 307)",14-Dec-1996
nso_0455_15522.fts,"(710, 187, 736, 308)",19-Dec-1996
nso_0455_16716.fts,"(709, 184, 738, 298)",23-Dec-1996
nso_0455_17910.fts,"(711, 183, 740, 301)",29-Dec-1996
nso_0455_19104.fts,"(706, 171, 734, 293)",3-Jan-1997
nso_0455_20298.fts,"(704, 186, 731, 311)",10-Jan-1997
nso_0455_21492.fts,"(697, 178, 726, 295)",24-Jan-1997
nso_0455_22686.fts,"(698, 184, 729, 302)",28-Jan-1997
nso_0455_23880.fts,,
nso_0456_01184.fts,"(704, 195, 738, 311)",7-Feb-1997
nso_0456_02368.fts,"(712, 211, 740, 328)",14-Feb-1997
nso_0456_03552.fts,"(710, 193, 743, 315)",20-Feb-1997
nso_0456_04736.fts,"(712, 170, 738, 294)",24-Feb-1997
nso_0456_05920.fts,"(701, 198, 728, 311)",5-Mar-1997
nso_0456_07104.fts,"(706, 177, 734, 292)",8-Mar-1997
nso_0456_08288.fts,"(709, 184, 742, 303)",11-Mar-1997
nso_0456_09472.fts,"(711, 187, 738, 301)",14-Mar-1997
nso_0456_10656.fts,"(717, 191, 747, 310)",16-Mar-1997
nso_0456_11840.fts,"(713, 195, 744, 312)",20-Mar-1997
nso_0456_13024.fts,"(717, 198, 740, 316)",22-Mar-1997
nso_0456_14208.fts,"(712, 187, 738, 303)",27-Mar-1997
nso_0456_15392.fts,"(716, 190, 740, 303)",30-Mar-1997
nso_0456_16576.fts,"(712, 190, 734, 296)",7-Apr-1997
nso_0456_17760.fts,"(708, 189, 740, 307)",10-Apr-1997
nso_0456_18944.fts,"(712, 183, 737, 303)",15-Apr-1997
nso_0456_20128.fts,"(713, 178, 742, 307)",20-Apr-1997
nso_0456_21312.fts,"(712, 181, 740, 300)",27-Apr-1997
nso_0456_22496.fts,"(715, 187, 747, 301)",30-Apr-1997
nso_0456_23680.fts,"(709, 197, 740, 302)",3-May-1997
nso_8083_00395.fts,"(685, 188, 712, 302)",15-Jul-1997
nso_8083_00790.fts,"(677, 174, 706, 292)",16-Jul-1997
nso_8083_01185.fts,"(679, 191, 707, 306)",20-Jul-1997
nso_8083_01580.fts,"(680, 190, 712, 307)",25-Jul-1997
nso_8083_01975.fts,"(680, 193, 706, 306)",26-Jul-1997
nso_8083_02370.fts,"(680, 192, 708, 314)",27-Jul-1997
nso_8083_02765.fts,"(677, 193, 705, 298)",1-Aug-1997
nso_8083_03160.fts,"(679, 195, 706, 300)",4-Aug-1997
nso_8083_03555.fts,"(677, 159, 711, 265)",4-Aug-1997
nso_8083_03950.fts,"(673, 190, 705, 297)",8-Aug-1997
nso_8083_04345.fts,"(678, 82, 707, 194)",9-Aug-1997
nso_8083_04740.fts,"(677, 190, 705, 308)",11-Aug-1997
nso_8083_05135.fts,"(675, 195, 701, 311)",12-Aug-1997
nso_8083_05530.fts,"(672, 194, 702, 310)",14-Aug-1997
nso_8083_05925.fts,"(674, 199, 704, 314)",14-Aug-1997
nso_8083_06320.fts,"(674, 191, 704, 304)",15-Aug-1997
nso_8083_06715.fts,"(675, 185, 701, 300)",16-Aug-1997
nso_8083_07110.fts,"(675, 185, 705, 301)",17-Aug-1997
nso_8083_07505.fts,"(675, 186, 705, 301)",19-Aug-1997
nso_8083_07900.fts,"(708, 126, 737, 222)",20-Aug-1997
nso_8086_00395.fts,"(688, 185, 713, 293)",15-Oct-1997
nso_8086_00790.fts,"(683, 180, 710, 292)",16-Oct-1997
nso_8086_01185.fts,"(685, 182, 712, 298)",17-Oct-1997
nso_8086_01580.fts,"(687, 178, 711, 293)",18-Oct-1997
nso_8086_01975.fts,"(685, 172, 716, 284)",19-Oct-1997
nso_8086_02370.fts,"(685, 180, 713, 297)",20-Oct-1997
nso_8086_02765.fts,"(684, 178, 719, 296)",21-Oct-1997
nso_8086_03160.fts,"(684, 187, 710, 301)",24-Oct-1997
nso_8086_03555.fts,"(692, 188, 722, 308)",25-Oct-1997
nso_8086_03950.fts,"(694, 178, 721, 296)",26-Oct-1997
nso_8086_04345.fts,"(688, 174, 722, 297)",27-Oct-1997
nso_8086_04740.fts,"(689, 185, 720, 308)",28-Oct-1997
nso_8086_05135.fts,"(691, 179, 718, 294)",29-Oct-1997
nso_8086_05530.fts,"(683, 177, 715, 298)",30-Oct-1997
nso_8086_05925.fts,"(692, 189, 719, 316)",31-Oct-1997
nso_8086_06320.fts,"(684, 184, 713, 294)",1-Nov-1997
nso_8086_06715.fts,"(688, 191, 718, 303)",2-Nov-1997
nso_8086_07110.fts,"(689, 188, 719, 299)",3-Nov-1997
nso_8086_07505.fts,"(702, 201, 724, 320)",1997
nso_8086_07900.fts,"(695, 236, 724, 339)",5-Nov-1997
nso_8087_00400.fts,"(698, 197, 721, 303)",6-Nov-1997
nso_8087_00800.fts,"(700, 192, 726, 305)",7-Nov-1997
nso_8087_01200.fts,"(696, 218, 725, 326)",8-Nov-1997
nso_8087_01600.fts,"(691, 201, 726, 323)",15-Nov-1997
nso_8087_02000.fts,"(693, 199, 726, 321)",16-Nov-1997
nso_8087_02400.fts,"(699, 201, 731, 314)",17-Nov-1997
nso_8087_02800.fts,"(702, 185, 735, 300)",18-Nov-1997
nso_8087_03200.fts,"(690, 145, 716, 257)",20-Nov-1997
nso_8087_03600.fts,"(690, 145, 716, 257)",22-Nov-1997
nso_8087_04000.fts,"(695, 183, 726, 298)",23-Nov-1997
nso_8087_04400.fts,"(691, 169, 729, 291)",24-Nov-1997
nso_8087_04800.fts,"(690, 184, 721, 309)",25-Nov-1997
nso_8087_05200.fts,"(688, 168, 721, 281)",26-Nov-1997
nso_8087_05600.fts,"(691, 174, 723, 288)",29-Nov-1997
nso_8087_06000.fts,"(693, 175, 724, 295)",30-Nov-1997
nso_8087_06400.fts,"(692, 183, 722, 293)",4-Dec-1997
nso_8087_06800.fts,"(692, 170, 726, 278)",5-Dec-1997
nso_8087_07200.fts,"(701, 177, 729, 281)",6-Dec-1997
nso_8087_07600.fts,"(694, 169, 723, 285)",9-Dec-1997
nso_8087_08025.fts,"(691, 170, 738, 282)",12-Dec-1997
nso_8090_00402.fts,"(706, 198, 739, 315)",17-Dec-1997
nso_8090_00804.fts,,
nso_8090_01206.fts,,
nso_8090_01608.fts,,
nso_8090_02010.fts,,
nso_8090_02412.fts,,
nso_8090_02814.fts,,
nso_8090_03216.fts,,
nso_8090_03618.fts,,
nso_8090_04020.fts,"(700, 198, 727, 313)",24-Jan-1998
nso_8090_04422.fts,"(699, 182, 726, 292)",26-Feb-1998
nso_8090_04824.fts,"(699, 177, 731, 293)",28-Feb-1998
nso_8090_05226.fts,"(700, 203, 727, 314)",1-Mar-1998
nso_8090_05628.fts,"(701, 182, 730, 293)",2-Mar-1998
nso_8090_06030.fts,"(698, 178, 729, 295)",2-Mar-1998
nso_8090_06432.fts,"(702, 194, 726, 300)",3-Mar-1998
nso_8090_06834.fts,"(698, 198, 729, 306)",4-Mar-1998
nso_8090_07236.fts,"(696, 194, 728, 307)",8-Mar-1998
nso_8090_07638.fts,"(701, 208, 727, 328)",9-Mar-1998
nso_8090_08040.fts,"(712, 187, 743, 306)",10-Mar-1998
nso_8091_00401.fts,"(702, 206, 731, 326)",11-Mar-1998
nso_8091_00802.fts,"(701, 193, 727, 313)",12-Mar-1998
nso_8091_01203.fts,"(709, 191, 741, 313)",19-Mar-1998
nso_8091_01604.fts,"(705, 173, 740, 293)",20-Mar-1998
nso_8091_02005.fts,"(704, 151, 737, 276)",20-Mar-1998
nso_8091_02406.fts,"(706, 148, 732, 271)",20-Mar-1998
nso_8091_02807.fts,"(706, 166, 729, 288)",20-Mar-1998
nso_8091_03208.fts,"(702, 176, 734, 293)",20-Mar-1998
nso_8091_03609.fts,"(711, 180, 738, 302)",21-Mar-1998
nso_8091_04010.fts,"(701, 206, 733, 332)",22-Mar-1998
nso_8091_04411.fts,"(706, 180, 739, 302)",22-Mar-1998
nso_8091_04812.fts,"(703, 179, 740, 300)",22-Mar-1998
nso_8091_05213.fts,"(701, 178, 735, 301)",22-Mar-1998
nso_8091_05614.fts,"(701, 178, 736, 304)",22-Mar-1998
nso_8091_06015.fts,"(700, 176, 735, 300)",22-Mar-1998
nso_8091_06416.fts,"(705, 182, 734, 303)",22-Mar-1998
nso_8091_06817.fts,"(703, 176, 737, 293)",22-Mar-1998
nso_8091_07218.fts,"(703, 176, 740, 294)",22-Mar-1998
nso_8091_07619.fts,"(704, 182, 739, 303)",22-Mar-1998
nso_8091_08020.fts,"(703, 174, 738, 295)",22-Mar-1998
nso_8092_00345.fts,"(703, 183, 730, 308)",26-Mar-1998
nso_8092_00690.fts,"(692, 196, 722, 311)",27-Mar-1998
nso_8092_01035.fts,"(697, 380, 755, 452)",28-Mar-1998
nso_8092_01380.fts,"(697, 190, 730, 303)",28-Mar-1998
nso_8092_01725.fts,"(699, 188, 724, 302)",28-Mar-1998
nso_8092_02070.fts,"(698, 192, 727, 301)",28-Mar-1998
nso_8092_02415.fts,"(697, 188, 728, 298)",28-Mar-1998
nso_8092_02760.fts,"(698, 189, 727, 305)",28-Mar-1998
nso_8092_03105.fts,"(699, 185, 727, 298)",28-Mar-1998
nso_8092_03450.fts,"(695, 191, 728, 305)",28-Mar-1998
nso_8092_03795.fts,"(699, 192, 725, 305)",28-Mar-1998
nso_8092_04140.fts,"(700, 181, 726, 296)",28-Mar-1998
nso_8092_04485.fts,"(696, 180, 724, 292)",28-Mar-1998
nso_8092_04830.fts,"(698, 184, 727, 294)",28-Mar-1998
nso_8092_05175.fts,"(697, 180, 730, 289)",28-Mar-1998
nso_8092_05520.fts,"(694, 182, 727, 288)",28-Mar-1998
nso_8092_05865.fts,"(697, 182, 722, 294)",28-Mar-1998
nso_8092_06210.fts,"(701, 191, 731, 300)",28-Mar-1998
nso_8092_06555.fts,"(693, 181, 727, 298)",28-Mar-1998
nso_8092_06900.fts,"(696, 184, 727, 295)",28-Mar-1998
nso_8093_00344.fts,"(703, 201, 730, 310)",1-Apr-1998
nso_8093_00688.fts,"(698, 186, 729, 296)",2-Apr-1998
nso_8093_01032.fts,"(693, 193, 728, 299)",3-Apr-1998
nso_8093_01376.fts,"(694, 195, 730, 303)",4-Apr-1998
nso_8093_01720.fts,"(702, 193, 732, 304)",5-Apr-1998
nso_8093_02064.fts,"(699, 203, 728, 315)",8-Apr-1998
nso_8093_02408.fts,"(696, 197, 723, 309)",9-Apr-1998
nso_8093_02752.fts,"(696, 192, 728, 306)",10-Apr-1998
nso_8093_03096.fts,"(690, 185, 727, 297)",11-Apr-1998
nso_8093_03440.fts,"(697, 195, 720, 306)",12-Apr-1998
nso_8093_03784.fts,"(698, 178, 732, 299)",13-Apr-1998
nso_8093_04128.fts,"(695, 185, 724, 300)",14-Apr-1998
nso_8093_04472.fts,"(698, 187, 724, 304)",16-Apr-1998
nso_8093_04816.fts,"(696, 188, 722, 305)",17-Apr-1998
nso_8093_05160.fts,"(694, 179, 724, 289)",19-Apr-1998
nso_8093_05504.fts,"(693, 189, 728, 305)",20-Apr-1998
nso_8093_05848.fts,"(698, 158, 721, 274)",22-Apr-1998
nso_8093_06192.fts,"(696, 184, 720, 300)",23-Apr-1998
nso_8093_06536.fts,"(699, 197, 729, 313)",24-Apr-1998
nso_8093_06880.fts,"(691, 193, 721, 316)",12-May-1998
nso_8094_00393.fts,"(690, 161, 718, 284)",12-May-1998
nso_8094_00786.fts,"(680, 156, 711, 278)",15-May-1998
nso_8094_01179.fts,"(680, 165, 705, 282)",16-May-1998
nso_8094_01572.fts,"(686, 160, 711, 269)",1998
nso_8094_01965.fts,"(707, 157, 740, 267)",23-May-1998
nso_8094_02358.fts,"(698, 152, 731, 271)",24-May-1998
nso_8094_02751.fts,"(676, 163, 701, 278)",26-May-1998
nso_8094_03144.fts,"(677, 159, 704, 280)",27-May-1998
nso_8094_03537.fts,"(692, 159, 721, 270)",28-May-1998
nso_8094_03930.fts,"(690, 155, 722, 270)",29-May-1998
nso_8094_04323.fts,"(683, 159, 711, 276)",31-May-1998
nso_8094_04716.fts,"(683, 158, 711, 277)",1-Jun-1998
nso_8094_05109.fts,"(681, 164, 710, 279)",2-Jun-1998
nso_8094_05502.fts,"(671, 180, 694, 278)",3-Jun-1998
nso_8094_05895.fts,"(674, 160, 699, 267)",5-Jun-1998
nso_8094_06288.fts,"(697, 164, 718, 285)",6-Jun-1998
nso_8094_06681.fts,"(695, 188, 721, 299)",7-Jun-1998
nso_8094_07074.fts,"(692, 171, 718, 280)",8-Jun-1998
nso_8094_07467.fts,"(666, 166, 700, 277)",11-Jun-1998
nso_8094_07860.fts,"(668, 179, 692, 275)",1998
nso_8095_00396.fts,"(665, 157, 697, 273)",14-Jun-1998
nso_8095_00797.fts,"(668, 166, 694, 280)",15-Jun-1998
nso_8095_01193.fts,"(676, 161, 700, 275)",16-Jun-1998
nso_8095_01589.fts,"(692, 155, 721, 270)",17-Jun-1998
nso_8095_01985.fts,"(686, 151, 711, 265)",18-Jun-1998
nso_8095_02381.fts,"(698, 157, 724, 276)",19-Jun-1998
nso_8095_02777.fts,"(693, 157, 726, 274)",20-Jun-1998
nso_8095_03173.fts,"(675, 157, 705, 268)",22-Jun-1998
nso_8095_03569.fts,"(676, 160, 704, 280)",23-Jun-1998
nso_8095_03965.fts,"(678, 163, 704, 278)",24-Jun-1998
nso_8095_04361.fts,"(700, 183, 731, 295)",25-Jun-1998
nso_8095_04757.fts,"(674, 162, 704, 276)",26-Jun-1998
nso_8095_05153.fts,"(681, 169, 714, 284)",27-Jun-1998
nso_8095_05549.fts,"(673, 167, 698, 281)",28-Jun-1998
nso_8095_05945.fts,"(680, 161, 713, 285)",29-Jun-1998
nso_8095_06341.fts,"(678, 170, 718, 283)",30-Jun-1998
nso_8095_06737.fts,"(676, 159, 708, 264)",1-Jul-1998
nso_8095_07133.fts,"(682, 250, 711, 356)",6-Jul-1998
nso_8095_07529.fts,"(682, 190, 705, 298)",10-Jul-1998
nso_8095_07925.fts,"(685, 174, 712, 283)",11-Jul-1998
nso_8096_00401.fts,"(683, 178, 715, 300)",12-Jul-1998
nso_8096_00802.fts,"(689, 176, 719, 291)",14-Jul-1998
nso_8096_01203.fts,"(690, 182, 719, 302)",14-Jul-1998
nso_8096_01604.fts,"(688, 178, 712, 291)",19-Jul-1998
nso_8096_02005.fts,"(686, 270, 711, 390)",21-Jul-1998
nso_8096_02406.fts,"(689, 198, 714, 299)",Jul-1998
nso_8096_02807.fts,"(694, 186, 718, 301)",29-Jul-1998
nso_8096_03208.fts,"(687, 188, 716, 308)",3-Aug-1998
nso_8096_03609.fts,"(687, 185, 716, 281)",1998
nso_8096_04010.fts,"(686, 63, 716, 160)",7-Aug-1998
nso_8096_04411.fts,"(682, 181, 713, 279)",9-Aug-1998
nso_8096_04812.fts,"(687, 166, 714, 284)",11-Aug-1998
nso_8096_05213.fts,"(685, 58, 710, 176)",14-Aug-1998
nso_8096_05614.fts,"(689, 168, 715, 283)",17-Aug-1998
nso_8096_06015.fts,"(681, 174, 713, 285)",18-Aug-1998
nso_8096_06416.fts,"(681, 206, 714, 328)",21-Aug-1998
nso_8096_06817.fts,"(688, 167, 708, 279)",24-Aug-1998
nso_8096_07218.fts,"(687, 176, 719, 297)",25-Aug-1998
nso_8096_07619.fts,"(685, 180, 714, 296)",29-Aug-1998
nso_8096_08020.fts,,
nso_8098_00397.fts,"(692, 180, 712, 303)",1998
nso_8098_00794.fts,"(688, 173, 713, 285)",11998
nso_8098_01191.fts,"(676, 169, 707, 277)",2S1998
nso_8098_01588.fts,"(687, 384, 708, 498)",3-Sep-1998
nso_8098_01985.fts,"(682, 158, 711, 270)",5-Sep-1998
nso_8098_02382.fts,"(689, 167, 716, 278)",6-Sep-1998
nso_8098_02779.fts,"(680, 171, 709, 280)",7-Sep-1998
nso_8098_03176.fts,"(683, 161, 708, 269)",9-Sep-1998
nso_8098_03573.fts,"(682, 169, 711, 277)",11-Sep-1998
nso_8098_03970.fts,"(684, 166, 714, 290)",13-Sep-1998
nso_8098_04367.fts,"(680, 200, 715, 305)",14-Sep-1998
nso_8098_04764.fts,"(686, 166, 710, 285)",17-Sep-1998
nso_8098_05161.fts,"(682, 197, 715, 310)",21-Sep-1998
nso_8098_05558.fts,"(683, 175, 705, 297)",22-Sep-1998
nso_8098_05955.fts,"(674, 177, 706, 287)",23-Sep-1998
nso_8098_06352.fts,"(681, 169, 706, 291)",25-Sep-1998
nso_8098_06749.fts,"(676, 181, 710, 292)",26-Sep-1998
nso_8098_07146.fts,"(675, 197, 705, 307)",27-Sep-1998
nso_8098_07543.fts,,
nso_8098_07940.fts,,
nso_8099_00397.fts,"(677, 190, 706, 297)",2-Oct-1998
nso_8099_00794.fts,"(681, 168, 711, 276)",3-Oct-1998
nso_8099_01191.fts,"(682, 173, 713, 288)",5-Oct-1998
nso_8099_01588.fts,"(673, 197, 697, 296)",6-Oct-1998
nso_8099_01985.fts,"(683, 200, 712, 304)",8-Oct-1998
nso_8099_02382.fts,"(687, 178, 726, 280)",9-Oct-1998
nso_8099_02779.fts,"(683, 189, 716, 298)",10-Oct-1998
nso_8099_03176.fts,"(685, 180, 711, 293)",12-Oct-1998
nso_8099_03573.fts,"(685, 171, 715, 291)",13-Oct-1998
nso_8099_03970.fts,"(686, 173, 715, 292)",14-Oct-1998
nso_8099_04367.fts,"(687, 214, 709, 325)",16-Oct-1998
nso_8099_04764.fts,"(687, 161, 717, 277)",17-Oct-1998
nso_8099_05161.fts,"(669, 152, 699, 265)",24-Oct-1998
nso_8099_05558.fts,"(666, 135, 694, 249)",28-Oct-1998
nso_8099_05955.fts,"(673, 129, 701, 248)",29-Oct-1998
nso_8099_05955.fts,"(673, 129, 701, 248)",29-Oct-1998
nso_8099_06352.fts,"(672, 139, 692, 243)",2-Nov-1998
nso_8099_06749.fts,"(678, 120, 704, 235)",3-Nov-1998
nso_8099_07146.fts,"(667, 128, 697, 234)",5-Nov-1998
nso_8099_07543.fts,"(675, 142, 699, 243)",6-Nov-1998
nso_8099_07940.fts,"(672, 121, 703, 217)",8-Nov-1998
nso_8100_00397.fts,"(682, 124, 709, 239)",25-Nov-1998
nso_8100_00794.fts,"(676, 135, 707, 253)",27-Nov-1998
nso_8100_01191.fts,"(676, 135, 707, 253)",30-Nov-1998
nso_8100_01588.fts,"(677, 152, 709, 260)",3-Dec-1998
nso_8100_01985.fts,"(678, 139, 705, 258)",5-Dec-1998
nso_8100_02382.fts,,
nso_8100_02779.fts,"(674, 136, 703, 246)",9-Dec-1998
nso_8100_03176.fts,"(683, 168, 717, 279)",11-Dec-1998
nso_8100_03573.fts,,
nso_8100_03970.fts,,
nso_8100_04367.fts,"(669, 142, 699, 241)",9-Nov-1998
nso_8100_04764.fts,"(675, 122, 705, 237)",10-Nov-1998
nso_8100_05161.fts,"(671, 126, 701, 239)",11-Nov-1998
nso_8100_05558.fts,"(667, 127, 704, 239)",14-Nov-1998
nso_8100_05955.fts,"(678, 132, 704, 249)",15-Nov-1998
nso_8100_06352.fts,"(670, 138, 700, 254)",16-Nov-1998
nso_8100_06749.fts,"(669, 146, 693, 254)",18-Nov-1998
nso_8100_07146.fts,"(673, 131, 704, 253)",19-Nov-1998
nso_8100_07543.fts,"(671, 139, 701, 258)",21-Nov-1998
nso_8100_07940.fts,,
nso_8101_00396.fts,"(680, 177, 711, 299)",13-Dec-1998
nso_8101_00792.fts,"(684, 197, 713, 307)",14-Dec-1998
nso_8101_01188.fts,"(684, 138, 714, 246)",14-Dec-1998
nso_8101_01584.fts,"(685, 185, 718, 296)",15-Dec-1998
nso_8101_01980.fts,"(686, 184, 718, 293)",15-Dec-1998
nso_8101_02376.fts,"(687, 200, 707, 317)",17-Dec-1998
nso_8101_02772.fts,"(686, 182, 714, 298)",18-Dec-1998
nso_8101_03168.fts,"(672, 159, 705, 271)",10-Jan-1999
nso_8101_03564.fts,"(679, 198, 708, 300)",1-Feb-1999
nso_8101_03960.fts,,
nso_8101_04356.fts,,
nso_8101_04752.fts,,
nso_8101_05148.fts,"(628, 175, 645, 305)",
nso_8101_05544.fts,"(628, 175, 645, 304)",
nso_8101_05940.fts,"(628, 175, 645, 305)",
nso_8101_06336.fts,"(628, 175, 645, 305)",
nso_8101_06732.fts,"(570, 138, 596, 261)",14-Feb-1999
nso_8101_07128.fts,"(576, 176, 602, 285)",17-Feb-1999
nso_8101_07524.fts,"(574, 188, 599, 312)",18-Feb-1999
nso_8101_07920.fts,,
nso_8102_00396.fts,"(573, 194, 607, 311)",21-Feb-1999
nso_8102_00792.fts,"(569, 206, 602, 316)",23-Feb-1999
nso_8102_01188.fts,"(569, 180, 601, 304)",24-Feb-1999
nso_8102_01584.fts,"(572, 186, 599, 304)",26-Feb-1999
nso_8102_01980.fts,"(576, 199, 602, 317)",28-Feb-1999
nso_8102_02376.fts,"(569, 196, 599, 296)",1-Mar-1999
nso_8102_02772.fts,"(568, 192, 600, 311)",2-Mar-1999
nso_8102_03168.fts,"(570, 195, 602, 307)",3-Mar-1999
nso_8102_03564.fts,"(564, 183, 603, 297)",5-Mar-1999
nso_8102_03960.fts,"(567, 209, 601, 325)",10-Mar-1999
nso_8102_04356.fts,"(569, 192, 601, 302)",11-Mar-1999
nso_8102_04752.fts,"(575, 182, 602, 302)",14-Mar-1999
nso_8102_05148.fts,"(569, 185, 602, 301)",15-Mar-1999
nso_8102_05544.fts,"(569, 191, 600, 305)",16-Mar-1999
nso_8102_05940.fts,"(567, 172, 602, 290)",20-Mar-1999
nso_8102_06336.fts,,-
nso_8102_06732.fts,"(575, 195, 606, 318)",24-Mar-1999
nso_8102_07128.fts,"(575, 215, 599, 336)",25-Mar-1999
nso_8102_07524.fts,"(571, 203, 606, 324)",28-Mar-1999
nso_8102_07920.fts,"(574, 156, 605, 268)",30-Mar-1999
nso_8104_00401.fts,"(579, 204, 609, 316)",2-May-1999
nso_8104_00802.fts,"(577, 281, 597, 383)",3-May-1999
nso_8104_01203.fts,"(567, 209, 600, 326)",6-May-1999
nso_8104_01604.fts,"(575, 204, 605, 316)",7-May-1999
nso_8104_02005.fts,"(575, 203, 600, 310)",8-May-1999
nso_8104_02406.fts,"(567, 203, 604, 314)",9-May-1999
nso_8104_02807.fts,"(559, 214, 590, 313)",1
nso_8104_03208.fts,"(561, 192, 592, 313)",12-May-1999
nso_8104_03609.fts,"(566, 172, 599, 287)",13-May-1999
nso_8104_04010.fts,"(573, 182, 600, 299)",14-May-1999
nso_8104_04411.fts,"(570, 199, 602, 317)",16-May-1999
nso_8104_04812.fts,"(569, 206, 597, 312)",17-May-1999
nso_8104_05213.fts,"(570, 187, 601, 304)",18-May-1999
nso_8104_05614.fts,"(570, 186, 598, 306)",19-May-1999
nso_8104_06015.fts,"(570, 186, 598, 306)",-
nso_8104_06416.fts,"(580, 207, 608, 322)",24-May-1999
nso_8104_06817.fts,,
nso_8104_07218.fts,"(569, 201, 595, 319)",25-May-1999
nso_8104_07619.fts,"(570, 189, 597, 317)",27-May-1999
nso_8104_08020.fts,,
nso_8105_00399.fts,"(572, 158, 598, 274)",30-May-1999
nso_8105_00798.fts,"(563, 193, 605, 307)",31-May-1999
nso_8105_01197.fts,"(572, 175, 601, 288)",21999
nso_8105_01596.fts,"(577, 206, 599, 317)",4-Jun-1999
nso_8105_01995.fts,"(574, 198, 611, 322)",5-Jun-1999
nso_8105_02394.fts,"(575, 211, 596, 315)",7-Jun-1999
nso_8105_02793.fts,"(570, 204, 599, 312)",7-Jun-1999
nso_8105_03192.fts,"(569, 210, 597, 311)",7-Jun-1999
nso_8105_03591.fts,"(568, 198, 602, 310)",7-Jun-1999
nso_8105_03990.fts,"(568, 207, 595, 309)",7-Jun-1999
nso_8105_04389.fts,"(571, 210, 598, 317)",7-Jun-1999
nso_8105_04788.fts,"(568, 200, 605, 318)",Jun-1999
nso_8105_05187.fts,"(570, 197, 602, 320)",22-Jun-1999
nso_8105_05586.fts,"(570, 197, 602, 320)",25-Jun-1999
nso_8105_05985.fts,"(572, 194, 601, 312)",26-Jun-1999
nso_8105_06384.fts,"(572, 187, 604, 305)",27-Jun-1999
nso_8105_06783.fts,"(567, 202, 607, 324)",29-Jun-1999
nso_8105_07182.fts,"(563, 193, 587, 293)",1-Jul-1999
nso_8105_07581.fts,"(562, 169, 594, 284)",2-Jun-1999
nso_8105_07980.fts,,
nso_8111_00119.fts,"(566, 200, 603, 323)",2-Sep-1999
nso_8111_00238.fts,"(579, 197, 608, 327)",2-Sep-1999
nso_8111_00357.fts,"(575, 283, 600, 401)",3-Sep-1999
nso_8111_00476.fts,"(574, 198, 595, 318)",24-Sep-1999
nso_8111_00595.fts,"(569, 191, 596, 307)",25-Sep-1999
nso_8111_00714.fts,,-
nso_8111_00833.fts,,-
nso_8111_00952.fts,,-
nso_8111_01071.fts,,-
nso_8111_01190.fts,,-
nso_8111_01309.fts,,-
nso_8111_01428.fts,"(578, 203, 600, 322)",-
nso_8111_01547.fts,"(575, 197, 598, 317)",27-Sep-1999
nso_8111_01666.fts,,-
nso_8111_01785.fts,,-
nso_8111_01904.fts,,-
nso_8111_02023.fts,,-
nso_8111_02142.fts,,-
nso_8111_02261.fts,,-
