ID,hour,hour_lable
nso_0233_00786.fts,"(699, 308, 752, 362)",17
nso_0233_01572.fts,"(695, 322, 748, 375)",13
nso_0233_02359.fts,"(698, 322, 747, 373)",19
nso_0233_03145.fts,"(697, 321, 747, 375)",14
nso_0233_03931.fts,"(697, 316, 751, 374)",17
nso_0233_04723.fts,"(695, 313, 756, 369)",17
nso_0233_05509.fts,"(696, 312, 750, 362)",13
nso_0233_06295.fts,"(696, 311, 746, 363)",17
nso_0233_07081.fts,"(698, 365, 752, 428)",23
nso_0233_07867.fts,"(699, 311, 751, 368)",14
nso_0233_08653.fts,"(701, 319, 748, 371)",17
nso_0233_09439.fts,"(699, 319, 749, 375)",20
nso_0233_10225.fts,"(692, 319, 744, 375)",23
nso_0233_11011.fts,"(696, 317, 747, 369)",14
nso_0233_11797.fts,"(701, 319, 747, 362)",17
nso_0233_12583.fts,"(698, 311, 747, 359)",19
nso_0233_13369.fts,"(698, 319, 743, 374)",22
nso_0233_14155.fts,"(694, 317, 751, 371)",13
nso_0233_14941.fts,"(701, 317, 749, 364)",15
nso_0233_15727.fts,"(695, 311, 743, 364)",18
nso_0234_00760.fts,"(700, 318, 743, 380)",20
nso_0234_01520.fts,"(705, 320, 751, 377)",23
nso_0234_02280.fts,"(697, 313, 749, 369)",13
nso_0234_03040.fts,"(691, 319, 745, 374)",15
nso_0234_03800.fts,"(700, 321, 747, 377)",17
nso_0234_04560.fts,"(696, 317, 744, 377)",20
nso_0234_05320.fts,"(694, 314, 744, 376)",22
nso_0234_06080.fts,"(695, 309, 746, 365)",12
nso_0234_06840.fts,"(700, 323, 750, 373)",15
nso_0234_07600.fts,"(696, 320, 745, 371)",18
nso_0234_08360.fts,"(699, 319, 746, 377)",20
nso_0234_09120.fts,"(695, 322, 752, 380)",23
nso_0234_09880.fts,"(696, 324, 744, 376)",13
nso_0234_10640.fts,"(693, 319, 746, 370)",16
nso_0234_11400.fts,"(703, 324, 751, 374)",13
nso_0234_12160.fts,"(697, 321, 748, 377)",22
nso_0234_12920.fts,"(691, 318, 746, 369)",16
nso_0234_13680.fts,"(700, 324, 749, 375)",19
nso_0234_14440.fts,"(691, 310, 756, 375)",0
nso_0234_15200.fts,,
nso_0235_00773.fts,"(697, 328, 748, 380)",19
nso_0235_01546.fts,"(702, 325, 749, 378)",22
nso_0235_02319.fts,"(701, 335, 752, 385)",13
nso_0235_03092.fts,"(697, 318, 750, 375)",15
nso_0235_03865.fts,"(701, 325, 751, 377)",18
nso_0235_04638.fts,"(699, 328, 751, 385)",22
nso_0235_05411.fts,"(704, 321, 755, 384)",0
nso_0235_06184.fts,"(701, 319, 753, 377)",15
nso_0235_06957.fts,"(704, 325, 753, 382)",17
nso_0235_07730.fts,"(698, 319, 751, 380)",20
nso_0235_08503.fts,"(697, 316, 759, 374)",23
nso_0235_09276.fts,"(697, 321, 752, 374)",13
nso_0235_10049.fts,"(695, 321, 744, 378)",16
nso_0235_10822.fts,"(698, 307, 751, 359)",17
nso_0235_11595.fts,"(696, 319, 749, 387)",20
nso_0235_12368.fts,"(699, 315, 744, 377)",22
nso_0235_13141.fts,"(689, 314, 757, 374)",1
nso_0235_13914.fts,"(698, 314, 747, 372)",15
nso_0235_14687.fts,"(695, 312, 744, 373)",18
nso_0235_15460.fts,"(694, 304, 748, 373)",20
nso_0236_00888.fts,"(694, 322, 748, 380)",23
nso_0236_01776.fts,"(697, 322, 759, 378)",0
nso_0236_02664.fts,,0
nso_0236_03552.fts,"(700, 322, 751, 380)",23
nso_0236_04440.fts,"(700, 326, 751, 380)",15
nso_0236_05328.fts,"(700, 313, 756, 367)",18
nso_0236_06216.fts,"(702, 321, 751, 386)",21
nso_0236_07104.fts,"(702, 324, 752, 378)",0
nso_0236_07992.fts,"(705, 325, 748, 375)",15
nso_0236_08880.fts,"(701, 318, 750, 369)",15
nso_0236_09771.fts,"(701, 317, 752, 377)",22
nso_0236_10659.fts,"(698, 327, 753, 378)",14
nso_0236_11547.fts,"(700, 329, 748, 380)",17
nso_0236_12435.fts,"(703, 327, 751, 381)",20
nso_0236_13323.fts,"(705, 332, 753, 385)",23
nso_0236_14211.fts,"(701, 321, 748, 371)",15
nso_0236_15099.fts,"(700, 331, 754, 374)",18
nso_0236_15987.fts,"(706, 321, 749, 374)",21
nso_0236_16875.fts,"(699, 325, 755, 379)",0
nso_0236_17763.fts,"(701, 319, 750, 363)",15
nso_0237_00761.fts,"(698, 315, 755, 374)",14
nso_0237_01522.fts,"(702, 329, 753, 375)",16
nso_0237_02283.fts,"(707, 316, 749, 367)",19
nso_0237_03044.fts,"(703, 321, 755, 380)",22
nso_0237_03805.fts,"(704, 330, 750, 384)",18
nso_0237_04566.fts,"(705, 316, 754, 367)",21
nso_0237_05327.fts,"(702, 328, 753, 381)",13
nso_0237_06088.fts,"(705, 334, 751, 382)",15
nso_0237_06849.fts,"(705, 330, 753, 383)",17
nso_0237_07610.fts,"(702, 325, 748, 381)",20
nso_0237_08371.fts,"(704, 320, 754, 381)",23
nso_0237_09132.fts,"(705, 328, 752, 372)",17
nso_0237_09893.fts,"(705, 321, 763, 383)",20
nso_0237_10654.fts,"(706, 327, 756, 372)",13
nso_0237_11415.fts,"(705, 325, 752, 369)",16
nso_0237_12176.fts,"(709, 328, 749, 377)",19
nso_0237_12937.fts,"(706, 323, 756, 377)",21
nso_0237_13698.fts,"(704, 328, 752, 377)",13
nso_0237_14459.fts,"(705, 320, 752, 373)",15
nso_0237_15220.fts,"(703, 325, 750, 375)",18
nso_0238_00950.fts,"(698, 323, 750, 379)",22
nso_0238_01900.fts,"(705, 306, 751, 355)",16
nso_0238_02850.fts,"(701, 311, 750, 368)",20
nso_0238_03800.fts,"(708, 321, 752, 376)",13
nso_0238_04750.fts,"(703, 315, 750, 354)",16
nso_0238_05700.fts,"(706, 311, 754, 365)",23
nso_0238_06650.fts,"(701, 324, 753, 373)",16
nso_0238_07600.fts,"(705, 327, 749, 374)",19
nso_0238_08550.fts,"(704, 322, 754, 371)",13
nso_0238_09500.fts,"(703, 319, 749, 365)",16
nso_0238_10450.fts,"(705, 327, 754, 377)",19
nso_0238_11400.fts,"(704, 320, 753, 375)",22
nso_0238_12350.fts,"(705, 328, 748, 376)",16
nso_0238_13300.fts,"(703, 329, 755, 374)",15
nso_0238_14250.fts,"(698, 318, 756, 372)",23
nso_0238_15200.fts,"(702, 334, 749, 385)",13
nso_0238_16150.fts,"(702, 316, 751, 377)",22
nso_0238_17100.fts,"(707, 325, 753, 370)",19
nso_0238_18050.fts,"(704, 329, 749, 373)",17
nso_0239_00836.fts,"(709, 330, 751, 381)",21
nso_0239_01672.fts,"(702, 327, 748, 375)",18
nso_0239_02508.fts,"(700, 328, 755, 381)",16
nso_0239_03344.fts,"(704, 332, 746, 384)",16
nso_0239_04180.fts,"(704, 332, 756, 381)",13
nso_0239_05016.fts,"(704, 323, 752, 377)",23
nso_0239_05852.fts,"(700, 314, 747, 371)",20
nso_0239_06688.fts,"(703, 330, 751, 381)",17
nso_0239_07524.fts,"(702, 334, 749, 380)",14
nso_0239_08360.fts,"(709, 322, 748, 368)",22
nso_0239_09196.fts,"(703, 338, 750, 383)",15
nso_0239_10032.fts,"(702, 321, 752, 382)",22
nso_0239_10868.fts,"(700, 324, 750, 379)",19
nso_0239_11704.fts,"(701, 324, 751, 377)",16
nso_0239_12540.fts,"(702, 321, 750, 378)",23
nso_0239_13376.fts,"(698, 331, 745, 382)",14
nso_0239_14212.fts,"(701, 320, 748, 377)",22
nso_0239_15048.fts,"(702, 327, 746, 379)",18
nso_0239_15884.fts,"(697, 324, 749, 373)",16
nso_0239_16720.fts,"(703, 312, 747, 371)",23
nso_0240_00903.fts,"(700, 323, 749, 380)",20
nso_0240_01806.fts,"(702, 318, 747, 362)",18
nso_0240_02709.fts,"(703, 325, 751, 375)",17
nso_0240_03612.fts,"(701, 320, 745, 370)",14
nso_0240_04515.fts,"(703, 320, 745, 377)",22
nso_0240_05418.fts,"(701, 323, 745, 380)",20
nso_0240_06321.fts,"(699, 330, 748, 376)",18
nso_0240_07224.fts,"(702, 332, 746, 375)",16
nso_0240_08127.fts,"(702, 332, 748, 384)",14
nso_0240_09030.fts,"(701, 322, 748, 373)",23
nso_0240_09933.fts,"(704, 320, 751, 376)",20
nso_0240_10836.fts,"(703, 322, 746, 369)",16
nso_0240_11739.fts,"(705, 318, 749, 370)",23
nso_0240_12642.fts,"(700, 323, 747, 376)",20
nso_0240_13545.fts,"(704, 330, 744, 376)",19
nso_0240_14448.fts,"(702, 333, 747, 380)",17
nso_0240_15351.fts,"(698, 329, 745, 376)",15
nso_0240_16254.fts,"(698, 97, 750, 155)",23
nso_0240_17157.fts,"(703, 318, 747, 369)",21
nso_0240_18060.fts,,23
nso_0241_00933.fts,"(702, 331, 746, 380)",22
nso_0241_01867.fts,"(700, 332, 746, 379)",17
nso_0241_02800.fts,"(701, 331, 742, 380)",16
nso_0241_03733.fts,"(699, 321, 749, 369)",18
nso_0241_04666.fts,"(702, 327, 746, 376)",17
nso_0241_05599.fts,"(706, 330, 745, 377)",15
nso_0241_06532.fts,"(713, 333, 759, 377)",14
nso_0241_07465.fts,"(698, 325, 738, 371)",15
nso_0241_08398.fts,"(707, 304, 754, 358)",23
nso_0241_09331.fts,"(704, 323, 750, 379)",22
nso_0241_10264.fts,"(711, 329, 758, 374)",21
nso_0241_11197.fts,"(711, 333, 757, 378)",14
nso_0241_12130.fts,"(714, 330, 756, 385)",22
nso_0241_13063.fts,"(711, 327, 758, 381)",20
nso_0241_13996.fts,"(713, 329, 758, 376)",19
nso_0241_14929.fts,"(707, 334, 757, 378)",19
nso_0241_15862.fts,"(710, 333, 755, 384)",16
nso_0241_16795.fts,"(712, 339, 755, 384)",14
nso_0241_17728.fts,"(705, 325, 751, 374)",18
nso_0241_18661.fts,,18
nso_0242_00949.fts,"(698, 329, 750, 377)",15
nso_0242_01898.fts,"(705, 332, 751, 377)",16
nso_0242_02847.fts,"(702, 329, 750, 377)",15
nso_0242_03798.fts,"(705, 336, 753, 379)",14
nso_0242_04747.fts,"(700, 325, 748, 376)",23
nso_0242_05696.fts,"(709, 323, 750, 373)",22
nso_0242_06645.fts,"(703, 317, 747, 366)",19
nso_0242_07594.fts,"(702, 329, 752, 375)",18
nso_0242_08543.fts,"(702, 332, 746, 371)",18
nso_0242_09492.fts,,
nso_0242_10441.fts,"(702, 329, 747, 375)",21
nso_0242_11390.fts,"(705, 320, 746, 371)",20
nso_0242_12339.fts,"(703, 314, 755, 364)",19
nso_0242_13288.fts,"(703, 319, 750, 370)",18
nso_0242_14237.fts,"(704, 326, 751, 374)",17
nso_0242_15186.fts,"(706, 321, 752, 365)",16
nso_0242_16135.fts,"(705, 322, 748, 368)",16
nso_0242_17087.fts,"(700, 331, 745, 383)",15
nso_0242_18036.fts,"(698, 315, 749, 357)",15
nso_0242_18985.fts,,
nso_0243_00810.fts,"(707, 320, 745, 368)",15
nso_0243_01620.fts,"(706, 319, 748, 366)",21
nso_0243_02430.fts,"(704, 329, 751, 375)",19
nso_0243_03240.fts,"(703, 320, 750, 373)",17
nso_0243_04050.fts,"(698, 321, 744, 375)",14
nso_0243_04860.fts,"(706, 326, 748, 372)",16
nso_0243_05670.fts,"(706, 332, 752, 383)",14
nso_0243_06480.fts,"(706, 326, 749, 375)",16
nso_0243_07290.fts,"(703, 321, 752, 373)",15
nso_0243_08100.fts,"(702, 325, 749, 383)",22
nso_0243_08910.fts,,
nso_0243_09720.fts,,
nso_0243_10530.fts,"(705, 331, 758, 381)",21
nso_0243_11340.fts,"(701, 309, 755, 361)",17
nso_0243_12150.fts,"(705, 329, 752, 375)",16
nso_0243_12960.fts,"(703, 329, 748, 376)",14
nso_0243_13770.fts,"(705, 319, 752, 367)",21
nso_0243_14580.fts,"(704, 321, 751, 372)",19
nso_0243_15390.fts,"(705, 318, 748, 371)",22
nso_0243_16200.fts,"(701, 326, 754, 379)",16
nso_0244_00754.fts,"(707, 320, 752, 372)",19
nso_0244_01508.fts,"(704, 322, 746, 373)",21
nso_0244_02262.fts,"(701, 326, 748, 374)",14
nso_0244_03016.fts,"(699, 320, 744, 375)",17
nso_0244_03770.fts,"(702, 313, 751, 365)",19
nso_0244_04524.fts,"(704, 316, 750, 376)",22
nso_0244_05278.fts,"(695, 253, 743, 304)",15
nso_0244_06032.fts,"(696, 325, 742, 371)",17
nso_0244_06786.fts,"(701, 309, 749, 369)",20
nso_0244_07541.fts,"(707, 389, 753, 444)",22
nso_0244_08295.fts,"(701, 328, 748, 368)",15
nso_0244_09050.fts,"(706, 315, 751, 363)",18
nso_0244_09804.fts,"(702, 332, 750, 372)",20
nso_0244_10558.fts,"(702, 328, 748, 375)",15
nso_0244_11312.fts,"(704, 316, 754, 368)",18
nso_0244_12066.fts,"(704, 318, 747, 374)",20
nso_0244_12820.fts,"(705, 322, 748, 372)",23
nso_0244_13574.fts,"(703, 325, 750, 372)",16
nso_0244_14329.fts,"(703, 319, 754, 366)",19
nso_0244_15083.fts,"(706, 325, 745, 380)",14
nso_0245_00751.fts,"(703, 374, 753, 424)",16
nso_0245_01502.fts,"(704, 323, 753, 371)",9
nso_0245_02253.fts,"(705, 331, 748, 376)",15
nso_0245_03004.fts,"(707, 325, 752, 375)",17
nso_0245_03755.fts,"(703, 323, 748, 373)",14
nso_0245_04506.fts,"(706, 320, 748, 372)",7
nso_0245_05257.fts,"(699, 320, 753, 371)",19
nso_0245_06008.fts,"(701, 323, 747, 375)",22
nso_0245_06759.fts,"(698, 301, 752, 351)",5
nso_0245_07510.fts,"(701, 322, 753, 369)",18
nso_0245_08261.fts,"(701, 318, 750, 381)",20
nso_0245_09012.fts,"(703, 313, 750, 370)",23
nso_0245_09763.fts,"(706, 322, 750, 369)",16
nso_0245_10514.fts,"(709, 317, 752, 368)",19
nso_0245_11265.fts,"(705, 311, 753, 366)",21
nso_0245_12016.fts,"(702, 318, 752, 374)",14
nso_0245_12767.fts,"(702, 322, 752, 371)",16
nso_0245_13518.fts,"(703, 329, 750, 378)",19
nso_0245_14269.fts,"(702, 321, 750, 369)",21
nso_0245_15020.fts,"(703, 327, 751, 372)",14
nso_0246_00798.fts,"(698, 331, 749, 380)",18
nso_0246_01596.fts,"(702, 325, 746, 377)",16
nso_0246_02394.fts,"(704, 328, 753, 380)",18
nso_0246_03192.fts,"(706, 326, 749, 370)",21
nso_0246_03990.fts,"(701, 308, 748, 357)",14
nso_0246_04788.fts,"(702, 325, 744, 373)",18
nso_0246_05586.fts,"(702, 315, 745, 371)",0
nso_0246_06384.fts,"(700, 321, 747, 376)",23
nso_0246_07182.fts,"(705, 325, 750, 377)",6
nso_0246_07980.fts,"(704, 324, 746, 374)",19
nso_0246_08778.fts,"(700, 327, 751, 379)",21
nso_0246_09576.fts,"(702, 325, 748, 375)",18
nso_0246_10374.fts,"(705, 326, 749, 381)",16
nso_0246_11172.fts,"(703, 315, 754, 362)",18
nso_0246_11970.fts,"(700, 317, 752, 365)",7
nso_0246_12768.fts,"(699, 326, 754, 372)",15
nso_0246_13566.fts,"(703, 319, 755, 374)",22
nso_0246_14364.fts,"(704, 313, 752, 368)",22
nso_0246_15162.fts,"(698, 313, 755, 361)",21
nso_0246_15960.fts,"(712, 257, 756, 316)",20
nso_0247_00880.fts,"(713, 319, 757, 373)",16
nso_0247_01760.fts,"(711, 327, 759, 378)",14
nso_0247_02640.fts,"(711, 363, 759, 414)",19
nso_0247_03520.fts,"(712, 343, 759, 395)",17
nso_0247_04400.fts,"(714, 338, 755, 386)",14
nso_0247_05280.fts,"(710, 336, 760, 387)",21
nso_0247_06160.fts,"(710, 339, 754, 389)",19
nso_0247_07040.fts,"(710, 336, 762, 387)",17
nso_0247_07920.fts,"(712, 341, 760, 391)",18
nso_0247_08800.fts,"(711, 334, 759, 381)",21
nso_0247_09680.fts,"(712, 333, 756, 393)",20
nso_0247_10560.fts,"(705, 335, 746, 386)",20
nso_0247_11440.fts,"(710, 362, 758, 406)",14
nso_0247_12320.fts,"(718, 330, 761, 386)",22
nso_0247_13200.fts,"(711, 337, 760, 394)",20
nso_0247_14080.fts,"(711, 335, 757, 383)",18
nso_0247_14960.fts,"(700, 339, 754, 391)",18
nso_0247_15840.fts,"(703, 331, 756, 380)",17
nso_0247_16720.fts,"(705, 334, 753, 387)",16
nso_0247_17600.fts,,
nso_0248_00916.fts,"(703, 331, 752, 386)",22
nso_0248_01832.fts,"(702, 331, 755, 383)",20
nso_0248_02748.fts,"(706, 326, 752, 382)",20
nso_0248_03664.fts,"(708, 333, 750, 381)",19
nso_0248_04580.fts,"(708, 335, 755, 387)",22
nso_0248_05496.fts,"(707, 320, 752, 373)",20
nso_0248_06412.fts,"(705, 339, 749, 392)",18
nso_0248_07328.fts,"(707, 337, 750, 392)",17
nso_0248_08244.fts,"(720, 337, 762, 381)",16
nso_0248_09160.fts,"(716, 338, 764, 387)",17
nso_0248_10076.fts,"(715, 333, 761, 381)",17
nso_0248_10992.fts,"(718, 336, 765, 388)",19
nso_0248_11908.fts,"(717, 327, 763, 381)",17
nso_0248_12824.fts,"(715, 327, 764, 378)",15
nso_0248_13740.fts,"(718, 326, 763, 383)",23
nso_0248_14656.fts,"(720, 338, 763, 388)",16
nso_0248_15572.fts,"(714, 309, 761, 362)",14
nso_0248_16488.fts,"(716, 322, 763, 381)",23
nso_0248_17404.fts,"(719, 332, 761, 381)",21
nso_0248_18320.fts,"(715, 327, 762, 381)",23
nso_0249_00869.fts,"(716, 331, 756, 383)",21
nso_0249_01738.fts,"(717, 336, 760, 383)",18
nso_0249_02607.fts,"(716, 329, 759, 379)",18
nso_0249_03476.fts,"(713, 330, 757, 381)",16
nso_0249_04345.fts,"(706, 343, 759, 381)",0
nso_0249_05214.fts,"(705, 327, 750, 379)",21
nso_0249_06083.fts,"(701, 333, 748, 384)",19
nso_0249_06952.fts,"(694, 337, 740, 385)",17
nso_0249_07821.fts,"(707, 331, 750, 374)",14
nso_0249_08690.fts,"(692, 338, 740, 387)",16
nso_0249_09559.fts,"(703, 333, 753, 377)",15
nso_0249_10428.fts,"(706, 331, 748, 385)",23
nso_0249_11297.fts,"(705, 334, 751, 393)",20
nso_0249_12166.fts,"(706, 337, 755, 384)",15
nso_0249_13035.fts,"(705, 332, 752, 383)",22
nso_0249_13904.fts,"(702, 328, 754, 385)",19
nso_0249_14773.fts,"(708, 330, 753, 375)",15
nso_0249_15642.fts,"(706, 335, 752, 394)",23
nso_0249_16511.fts,"(705, 324, 753, 376)",19
nso_0249_17380.fts,"(706, 322, 751, 377)",23
nso_0250_01087.fts,"(705, 335, 750, 387)",23
nso_0250_02174.fts,"(708, 337, 752, 384)",23
nso_0250_03261.fts,"(703, 317, 753, 370)",14
nso_0250_04348.fts,"(700, 336, 748, 387)",13
nso_0250_05435.fts,"(708, 315, 754, 362)",14
nso_0250_06522.fts,"(706, 319, 752, 372)",14
nso_0250_07609.fts,"(706, 328, 756, 379)",15
nso_0250_08696.fts,"(702, 327, 756, 377)",17
nso_0250_09783.fts,"(701, 328, 749, 378)",15
nso_0250_10870.fts,"(701, 319, 754, 371)",15
nso_0250_11957.fts,"(696, 336, 742, 384)",17
nso_0250_13044.fts,"(701, 339, 746, 392)",19
nso_0250_14131.fts,"(697, 332, 752, 379)",18
nso_0250_15218.fts,"(703, 330, 756, 383)",17
nso_0250_16305.fts,"(705, 325, 756, 380)",17
nso_0250_17392.fts,"(708, 338, 751, 381)",15
nso_0250_18479.fts,"(707, 326, 758, 380)",17
nso_0250_19566.fts,"(706, 323, 755, 372)",16
nso_0250_20653.fts,"(704, 321, 753, 371)",13
nso_0250_21740.fts,"(708, 321, 759, 375)",23
nso_0251_00979.fts,"(711, 334, 753, 388)",22
nso_0251_01958.fts,"(705, 332, 749, 382)",21
nso_0251_02937.fts,"(706, 334, 755, 381)",18
nso_0251_03916.fts,"(707, 331, 760, 382)",18
nso_0251_04895.fts,"(705, 328, 756, 383)",16
nso_0251_05874.fts,"(692, 330, 746, 379)",14
nso_0251_06853.fts,"(704, 335, 750, 396)",23
nso_0251_07832.fts,"(700, 330, 750, 382)",20
nso_0251_08811.fts,"(704, 330, 753, 382)",19
nso_0251_09790.fts,"(707, 334, 760, 384)",17
nso_0251_10769.fts,"(716, 325, 765, 374)",17
nso_0251_11748.fts,"(705, 320, 766, 364)",14
nso_0251_12727.fts,"(704, 326, 760, 384)",23
nso_0251_13706.fts,"(700, 322, 748, 368)",13
nso_0251_14685.fts,"(693, 326, 737, 373)",13
nso_0251_15664.fts,"(705, 320, 756, 373)",23
nso_0251_16643.fts,"(703, 331, 753, 382)",21
nso_0251_17622.fts,"(709, 325, 753, 376)",19
nso_0251_18601.fts,"(708, 330, 755, 379)",18
nso_0251_19580.fts,"(708, 320, 751, 374)",22
nso_0252_00818.fts,"(690, 310, 736, 358)",12
nso_0252_01636.fts,"(708, 326, 755, 389)",20
nso_0252_02454.fts,"(688, 321, 737, 373)",15
nso_0252_03272.fts,"(701, 330, 749, 384)",23
nso_0252_04090.fts,"(701, 140, 759, 193)",18
nso_0252_04908.fts,"(705, 325, 750, 378)",18
nso_0252_05726.fts,"(680, 299, 726, 354)",13
nso_0252_06544.fts,"(697, 308, 742, 363)",20
nso_0252_07362.fts,"(685, 300, 733, 349)",17
nso_0252_08180.fts,"(686, 305, 725, 350)",14
nso_0252_08998.fts,"(697, 306, 751, 357)",21
nso_0252_09816.fts,"(707, 309, 750, 359)",19
nso_0252_10634.fts,"(704, 310, 751, 361)",15
nso_0252_11452.fts,"(705, 309, 746, 357)",22
nso_0252_12270.fts,"(699, 304, 748, 360)",19
nso_0252_13088.fts,"(705, 306, 749, 352)",15
nso_0252_13906.fts,"(704, 309, 752, 366)",22
nso_0252_14724.fts,"(701, 309, 750, 358)",18
nso_0252_15542.fts,"(695, 318, 749, 362)",15
nso_0252_16360.fts,,
nso_0253_00879.fts,"(702, 311, 750, 364)",13
nso_0253_01758.fts,"(694, 325, 754, 372)",16
nso_0253_02637.fts,"(705, 316, 753, 371)",14
nso_0253_03516.fts,"(703, 323, 750, 377)",23
nso_0253_04395.fts,"(715, 321, 762, 378)",20
nso_0253_05274.fts,"(705, 326, 754, 377)",17
nso_0253_06153.fts,"(684, 310, 734, 362)",13
nso_0253_07032.fts,"(699, 305, 750, 350)",13
nso_0253_07911.fts,"(703, 311, 749, 358)",13
nso_0253_08790.fts,"(703, 325, 753, 377)",16
nso_0253_09669.fts,"(710, 342, 757, 390)",15
nso_0253_10548.fts,"(717, 356, 764, 408)",16
nso_0253_11427.fts,"(719, 350, 763, 398)",14
nso_0253_12306.fts,"(722, 342, 767, 391)",14
nso_0253_13185.fts,"(720, 331, 766, 383)",17
nso_0253_14064.fts,"(724, 336, 765, 379)",21
nso_0253_14943.fts,"(725, 337, 769, 399)",20
nso_0253_15822.fts,"(705, 325, 755, 384)",22
nso_0253_16701.fts,"(709, 329, 757, 383)",17
nso_0253_17580.fts,"(709, 326, 757, 374)",18
nso_0254_00700.fts,,
nso_0254_01400.fts,,
nso_0254_02100.fts,,
nso_0254_02800.fts,"(713, 340, 764, 390)",15
nso_0254_03500.fts,"(715, 472, 762, 527)",19
nso_0254_04200.fts,"(717, 319, 760, 377)",20
nso_0254_04900.fts,"(716, 323, 757, 374)",
nso_0254_05600.fts,"(715, 335, 762, 382)",19
nso_0254_06300.fts,"(716, 332, 761, 379)",15
nso_0254_07000.fts,"(713, 336, 760, 383)",15
nso_0254_07700.fts,"(711, 338, 760, 389)",16
nso_0254_08400.fts,"(715, 322, 761, 373)",
nso_0254_09100.fts,"(717, 323, 759, 383)",22
nso_0254_09800.fts,"(716, 334, 761, 381)",18
nso_0254_10500.fts,"(718, 334, 761, 380)",18
nso_0254_11200.fts,"(718, 333, 762, 376)",15
nso_0254_11900.fts,"(719, 332, 763, 380)",13
nso_0254_12600.fts,"(718, 137, 765, 184)",18
nso_0254_13300.fts,"(716, 337, 762, 386)",13
nso_0254_14000.fts,"(717, 333, 762, 385)",18
nso_0255_01025.fts,"(717, 347, 759, 395)",16
nso_0255_02050.fts,"(714, 348, 761, 392)",15
nso_0255_03075.fts,"(714, 337, 761, 391)",
nso_0255_04100.fts,"(713, 345, 756, 390)",13
nso_0255_05125.fts,"(714, 336, 758, 393)",23
nso_0255_06150.fts,"(713, 338, 762, 387)",21
nso_0255_07175.fts,"(711, 350, 756, 398)",13
nso_0255_08200.fts,"(717, 348, 760, 400)",23
nso_0255_09225.fts,"(714, 336, 759, 386)",13
nso_0255_10250.fts,"(716, 335, 759, 384)",15
nso_0255_11275.fts,"(712, 336, 758, 381)",14
nso_0255_12300.fts,"(713, 350, 756, 393)",16
nso_0255_13325.fts,"(712, 345, 755, 402)",23
nso_0255_14350.fts,"(708, 349, 757, 402)",13
nso_0255_15376.fts,"(711, 353, 757, 401)",13
nso_0255_16401.fts,"(709, 348, 757, 405)",22
nso_0255_17426.fts,"(708, 340, 752, 397)",20
nso_0255_18451.fts,"(712, 344, 756, 398)",20
nso_0255_19476.fts,"(710, 343, 759, 393)",19
nso_0255_20501.fts,"(711, 343, 754, 395)",22
nso_0256_01054.fts,"(715, 352, 756, 401)",15
nso_0256_02108.fts,"(714, 350, 757, 404)",14
nso_0256_03162.fts,"(712, 351, 758, 405)",22
nso_0256_04216.fts,"(710, 345, 756, 392)",15
nso_0256_05270.fts,"(707, 342, 759, 402)",14
nso_0256_06324.fts,"(708, 345, 755, 398)",20
nso_0256_07378.fts,"(707, 350, 751, 399)",14
nso_0256_08432.fts,"(706, 347, 757, 393)",17
nso_0256_09486.fts,"(709, 346, 754, 400)",19
nso_0256_10540.fts,"(705, 343, 754, 388)",19
nso_0256_11594.fts,"(711, 352, 754, 406)",19
nso_0256_12648.fts,"(710, 347, 756, 389)",18
nso_0256_13702.fts,"(710, 343, 756, 389)",17
nso_0256_14756.fts,"(717, 347, 758, 400)",16
nso_0256_15810.fts,"(711, 349, 754, 398)",18
nso_0256_16864.fts,"(708, 348, 754, 396)",17
nso_0256_17918.fts,"(709, 343, 754, 396)",14
nso_0256_18972.fts,"(708, 346, 754, 401)",22
nso_0256_20026.fts,"(711, 331, 753, 386)",22
nso_0256_21080.fts,"(709, 333, 754, 384)",18
nso_0257_01063.fts,"(703, 346, 751, 401)",20
nso_0257_02126.fts,"(706, 329, 754, 379)",22
nso_0257_03189.fts,"(707, 334, 756, 384)",21
nso_0257_04252.fts,"(702, 335, 756, 383)",21
nso_0257_05315.fts,"(708, 336, 753, 390)",20
nso_0257_06378.fts,"(702, 342, 753, 392)",19
nso_0257_07441.fts,"(708, 338, 756, 388)",15
nso_0257_08504.fts,"(702, 335, 752, 381)",14
nso_0257_09567.fts,"(705, 337, 752, 385)",19
nso_0257_10630.fts,"(702, 331, 751, 384)",16
nso_0257_11693.fts,"(703, 330, 749, 385)",21
nso_0257_12756.fts,"(703, 328, 752, 380)",21
nso_0257_13819.fts,"(704, 329, 750, 386)",21
nso_0257_14883.fts,"(706, 332, 748, 386)",21
nso_0257_15946.fts,"(704, 330, 754, 379)",19
nso_0257_17009.fts,"(706, 331, 753, 385)",14
nso_0257_18072.fts,"(703, 343, 755, 397)",15
nso_0257_19135.fts,"(704, 346, 751, 400)",16
nso_0257_20198.fts,"(703, 324, 758, 381)",15
nso_0257_21261.fts,,
nso_0258_01084.fts,"(697, 327, 751, 381)",17
nso_0258_02168.fts,"(703, 335, 752, 384)",17
nso_0258_03252.fts,"(707, 336, 756, 381)",18
nso_0258_04336.fts,"(705, 335, 752, 393)",22
nso_0258_05422.fts,"(704, 331, 750, 378)",16
nso_0258_06506.fts,"(698, 333, 757, 390)",17
nso_0258_07590.fts,"(704, 329, 755, 387)",23
nso_0258_08674.fts,"(703, 335, 753, 381)",19
nso_0258_09758.fts,"(704, 322, 752, 380)",20
nso_0258_10842.fts,"(700, 326, 750, 380)",20
nso_0258_11926.fts,"(701, 327, 744, 379)",20
nso_0258_13010.fts,"(692, 323, 748, 382)",21
nso_0258_14094.fts,"(708, 335, 756, 389)",22
nso_0258_15178.fts,"(695, 331, 738, 377)",14
nso_0258_16262.fts,"(705, 328, 756, 384)",22
nso_0258_17346.fts,"(709, 326, 753, 378)",22
nso_0258_18430.fts,"(706, 330, 748, 379)",16
nso_0258_19514.fts,"(706, 332, 752, 377)",18
nso_0258_20598.fts,"(702, 340, 749, 394)",23
nso_0258_21682.fts,,
nso_0259_01076.fts,"(702, 324, 754, 378)",22
nso_0259_02152.fts,"(704, 331, 748, 382)",23
nso_0259_03228.fts,"(704, 316, 748, 367)",23
nso_0259_04304.fts,"(705, 326, 750, 373)",15
nso_0259_05380.fts,"(697, 321, 746, 376)",
nso_0259_06456.fts,"(705, 326, 747, 378)",22
nso_0259_07532.fts,"(700, 332, 749, 383)",20
nso_0259_08608.fts,"(702, 330, 748, 379)",
nso_0259_09684.fts,"(704, 325, 759, 370)",
nso_0259_10760.fts,"(700, 333, 749, 384)",19
nso_0259_11836.fts,"(700, 329, 748, 376)",19
nso_0259_12912.fts,"(704, 325, 750, 372)",21
nso_0259_13988.fts,"(700, 323, 747, 370)",15
nso_0259_15064.fts,"(701, 316, 757, 373)",15
nso_0259_16140.fts,"(697, 332, 753, 377)",16
nso_0259_17216.fts,"(699, 321, 748, 369)",
nso_0259_18292.fts,"(701, 320, 754, 368)",16
nso_0259_19368.fts,"(698, 313, 757, 361)",19
nso_0259_20444.fts,"(700, 337, 750, 392)",23
nso_0259_21520.fts,"(696, 318, 741, 365)",15
nso_0260_00972.fts,"(703, 325, 745, 365)",15
nso_0260_01942.fts,"(699, 323, 748, 367)",14
nso_0260_02912.fts,"(698, 316, 754, 373)",23
nso_0260_03883.fts,"(690, 323, 738, 373)",
nso_0260_04853.fts,"(694, 153, 740, 200)",18
nso_0260_05823.fts,"(705, 315, 746, 359)",
nso_0260_06793.fts,"(700, 310, 749, 356)",8
nso_0260_07763.fts,"(699, 318, 745, 370)",17
nso_0260_08733.fts,"(700, 310, 748, 363)",22
nso_0260_09703.fts,"(703, 316, 749, 371)",22
nso_0260_10673.fts,"(703, 315, 750, 364)",1
nso_0260_11643.fts,"(697, 321, 748, 369)",21
nso_0260_12613.fts,"(700, 316, 755, 372)",
nso_0260_13583.fts,"(701, 315, 748, 367)",19
nso_0260_14553.fts,"(697, 321, 744, 372)",17
nso_0260_15523.fts,"(699, 324, 748, 374)",16
nso_0260_16493.fts,"(699, 321, 751, 367)",17
nso_0260_17463.fts,"(703, 319, 749, 367)",6
nso_0260_18433.fts,"(700, 316, 749, 364)",16
nso_0260_19403.fts,"(701, 316, 747, 367)",17
nso_0261_01028.fts,"(702, 318, 749, 369)",18
nso_0261_02053.fts,"(701, 310, 749, 365)",20
nso_0261_03078.fts,"(704, 321, 748, 371)",19
nso_0261_04104.fts,"(704, 327, 748, 374)",16
nso_0261_05129.fts,"(696, 323, 751, 370)",16
nso_0261_06154.fts,"(700, 334, 746, 381)",6
nso_0261_07179.fts,"(701, 317, 749, 367)",21
nso_0261_08204.fts,"(705, 317, 750, 368)",20
nso_0261_09232.fts,"(700, 301, 748, 355)",0
nso_0261_10257.fts,"(702, 320, 744, 375)",0
nso_0261_11282.fts,"(702, 320, 755, 364)",9
nso_0261_12307.fts,"(700, 318, 746, 368)",9
nso_0261_13332.fts,"(701, 318, 753, 362)",18
nso_0261_14357.fts,"(706, 313, 748, 365)",19
nso_0261_15382.fts,"(701, 307, 753, 364)",19
nso_0261_16407.fts,"(703, 313, 752, 359)",19
nso_0261_17432.fts,"(701, 314, 753, 370)",20
nso_0261_18457.fts,"(705, 305, 757, 357)",2
nso_0261_19482.fts,"(700, 373, 754, 419)",21
nso_0261_20507.fts,"(704, 312, 751, 367)",21
nso_0262_01092.fts,"(712, 330, 753, 379)",14
nso_0262_02183.fts,"(709, 316, 754, 366)",13
nso_0262_03274.fts,"(709, 322, 751, 372)",21
nso_0262_04365.fts,"(708, 318, 755, 369)",20
nso_0262_05456.fts,"(704, 328, 752, 379)",23
nso_0262_06547.fts,"(711, 320, 756, 381)",22
nso_0262_07638.fts,"(709, 321, 757, 373)",0
nso_0262_08729.fts,"(704, 320, 751, 371)",-
nso_0262_09820.fts,"(711, 326, 756, 381)",20
nso_0262_10911.fts,"(708, 322, 752, 378)",20
nso_0262_12002.fts,"(704, 317, 757, 369)",19
nso_0262_13093.fts,"(708, 330, 755, 376)",19
nso_0262_14184.fts,"(707, 331, 749, 375)",18
nso_0262_15275.fts,"(719, 327, 764, 377)",19
nso_0262_16366.fts,"(707, 328, 746, 375)",18
nso_0262_17457.fts,"(706, 332, 755, 376)",14
nso_0262_18548.fts,"(710, 327, 761, 375)",21
nso_0262_19639.fts,"(708, 336, 761, 383)",1
nso_0262_20730.fts,,0
nso_0262_21821.fts,,3
nso_0263_01029.fts,"(705, 338, 753, 381)",19
nso_0263_02058.fts,"(709, 345, 758, 394)",8
nso_0263_03087.fts,"(709, 340, 754, 386)",18
nso_0263_04117.fts,"(707, 335, 757, 389)",0
nso_0263_05146.fts,"(704, 340, 756, 391)",8
nso_0263_06175.fts,"(706, 342, 754, 387)",18
nso_0263_07204.fts,"(718, 327, 764, 380)",20
nso_0263_08233.fts,"(710, 332, 756, 384)",0
nso_0263_09262.fts,"(710, 326, 756, 376)",8
nso_0263_10291.fts,"(706, 320, 757, 372)",6
nso_0263_11320.fts,"(706, 312, 753, 359)",13
nso_0263_12349.fts,"(711, 325, 755, 380)",3
nso_0263_13378.fts,"(713, 346, 762, 394)",19
nso_0263_14407.fts,"(709, 346, 755, 395)",20
nso_0263_15436.fts,"(709, 349, 754, 398)",14
nso_0263_16465.fts,"(708, 341, 757, 388)",17
nso_0263_17494.fts,"(708, 342, 758, 398)",20
nso_0263_18523.fts,"(707, 333, 756, 378)",14
nso_0263_19552.fts,"(712, 339, 756, 381)",14
nso_0263_20581.fts,"(709, 347, 754, 391)",16
nso_0264_00807.fts,"(709, 350, 759, 403)",17
nso_0264_01614.fts,"(708, 354, 760, 393)",12
nso_0264_02421.fts,"(712, 351, 761, 406)",23
nso_0264_03228.fts,"(715, 353, 759, 406)",22
nso_0264_04035.fts,"(710, 348, 759, 405)",22
nso_0264_04842.fts,"(712, 371, 760, 418)",15
nso_0264_05649.fts,"(707, 336, 759, 388)",12
nso_0264_06456.fts,"(706, 390, 760, 444)",12
nso_0264_07263.fts,"(706, 338, 758, 394)",23
nso_0264_08070.fts,"(712, 345, 758, 393)",23
nso_0264_08877.fts,"(711, 339, 760, 392)",12
nso_0264_09684.fts,"(712, 341, 767, 400)",23
nso_0264_10491.fts,"(702, 328, 753, 385)",13
nso_0264_11298.fts,"(710, 346, 758, 397)",21
nso_0264_12105.fts,"(711, 355, 759, 402)",21
nso_0264_12912.fts,"(710, 346, 759, 393)",13
nso_0264_13719.fts,"(708, 355, 761, 409)",12
nso_0264_14526.fts,"(712, 345, 762, 406)",23
nso_0264_15333.fts,"(710, 338, 759, 391)",12
nso_0264_16140.fts,,
nso_0265_00915.fts,"(703, 341, 755, 396)",13
nso_0265_01830.fts,"(700, 352, 746, 400)",15
nso_0265_02745.fts,"(710, 350, 758, 402)",16
nso_0265_03660.fts,"(714, 352, 762, 404)",17
nso_0265_04575.fts,"(710, 350, 755, 406)",20
nso_0265_05490.fts,"(715, 333, 764, 389)",23
nso_0265_06405.fts,"(711, 357, 759, 405)",16
nso_0265_07320.fts,"(712, 352, 756, 398)",17
nso_0265_08235.fts,"(708, 346, 754, 400)",20
nso_0265_09150.fts,"(712, 352, 758, 407)",22
nso_0265_10065.fts,"(696, 340, 751, 388)",15
nso_0265_10982.fts,"(713, 351, 761, 398)",16
nso_0265_11897.fts,"(713, 347, 762, 398)",13
nso_0265_12812.fts,"(704, 347, 752, 396)",23
nso_0265_13727.fts,"(706, 334, 758, 383)",14
nso_0265_14642.fts,"(702, 341, 752, 395)",17
nso_0265_15557.fts,"(710, 348, 755, 396)",18
nso_0265_16473.fts,"(702, 366, 757, 412)",18
nso_0265_17388.fts,"(709, 362, 759, 414)",17
nso_0265_18303.fts,"(706, 357, 749, 411)",18
nso_0267_00877.fts,"(701, 362, 760, 414)",16
nso_0267_01754.fts,"(705, 367, 760, 414)",16
nso_0267_02631.fts,"(699, 344, 754, 400)",20
nso_0267_03508.fts,"(699, 352, 748, 410)",22
nso_0267_04385.fts,"(709, 353, 759, 401)",15
nso_0267_05262.fts,"(704, 341, 762, 387)",18
nso_0267_06139.fts,"(710, 335, 759, 395)",22
nso_0267_07016.fts,"(709, 343, 758, 398)",22
nso_0267_07893.fts,"(713, 347, 758, 402)",22
nso_0267_08770.fts,"(714, 354, 758, 403)",14
nso_0267_09647.fts,"(702, 348, 758, 406)",19
nso_0267_10524.fts,"(707, 351, 757, 397)",21
nso_0267_11401.fts,"(709, 388, 759, 440)",17
nso_0267_12278.fts,"(709, 389, 759, 441)",16
nso_0267_13155.fts,"(709, 355, 759, 405)",16
nso_0267_14032.fts,"(702, 352, 753, 406)",20
nso_0267_14909.fts,"(713, 360, 756, 411)",21
nso_0267_15786.fts,"(708, 346, 759, 391)",13
nso_0267_16663.fts,"(702, 348, 750, 403)",20
nso_0267_17540.fts,,
nso_0268_00834.fts,"(706, 355, 763, 402)",12
nso_0268_01668.fts,"(712, 353, 758, 400)",13
nso_0268_02502.fts,"(707, 382, 760, 429)",17
nso_0268_03336.fts,"(707, 345, 757, 392)",16
nso_0268_04170.fts,"(707, 347, 759, 399)",16
nso_0268_05004.fts,"(715, 340, 758, 394)",18
nso_0268_05838.fts,"(701, 343, 753, 396)",22
nso_0268_06672.fts,"(710, 333, 760, 387)",22
nso_0268_07506.fts,"(709, 345, 762, 400)",23
nso_0268_08340.fts,"(713, 349, 759, 405)",22
nso_0268_09174.fts,"(703, 347, 761, 399)",13
nso_0268_10008.fts,"(711, 347, 758, 391)",14
nso_0268_10842.fts,"(703, 346, 753, 387)",13
nso_0268_11676.fts,"(707, 344, 758, 393)",14
nso_0268_12510.fts,"(708, 345, 764, 395)",14
nso_0268_13344.fts,"(703, 335, 763, 393)",14
nso_0268_14178.fts,"(709, 347, 765, 400)",15
nso_0268_15012.fts,"(712, 339, 760, 386)",15
nso_0268_15846.fts,"(712, 349, 759, 388)",16
nso_0268_16680.fts,,
nso_0269_00921.fts,"(710, 355, 760, 407)",19
nso_0269_01842.fts,"(713, 348, 756, 394)",14
nso_0269_02763.fts,"(712, 345, 759, 395)",17
nso_0269_03684.fts,"(707, 345, 758, 396)",19
nso_0269_04605.fts,"(713, 342, 755, 391)",21
nso_0269_05526.fts,"(715, 344, 756, 403)",22
nso_0269_06447.fts,"(707, 342, 753, 396)",13
nso_0269_07368.fts,"(710, 342, 758, 394)",15
nso_0269_08289.fts,"(703, 346, 760, 399)",17
nso_0269_09210.fts,"(707, 343, 760, 392)",18
nso_0269_10131.fts,"(710, 343, 756, 397)",20
nso_0269_11052.fts,"(709, 328, 759, 383)",23
nso_0269_11973.fts,"(709, 349, 758, 395)",19
nso_0269_12894.fts,"(709, 349, 758, 394)",21
nso_0269_13815.fts,"(712, 328, 759, 382)",22
nso_0269_14736.fts,"(707, 334, 757, 381)",18
nso_0269_15657.fts,"(702, 348, 749, 395)",17
nso_0269_16578.fts,"(708, 339, 759, 387)",18
nso_0269_17499.fts,"(710, 326, 758, 383)",23
nso_0269_18420.fts,"(703, 330, 752, 379)",16
nso_0270_01056.fts,"(707, 343, 754, 398)",20
nso_0270_02112.fts,"(706, 346, 757, 395)",14
nso_0270_03168.fts,"(707, 329, 752, 385)",20
nso_0270_04224.fts,"(705, 342, 750, 394)",14
nso_0270_05280.fts,"(702, 335, 754, 384)",19
nso_0270_06336.fts,"(704, 349, 751, 397)",14
nso_0270_07392.fts,"(702, 337, 761, 396)",14
nso_0270_08448.fts,"(705, 348, 752, 392)",18
nso_0270_09504.fts,"(708, 344, 758, 397)",22
nso_0270_10560.fts,"(704, 337, 751, 385)",17
nso_0270_11616.fts,"(704, 346, 750, 399)",21
nso_0270_12674.fts,"(716, 347, 759, 397)",16
nso_0270_13732.fts,"(701, 343, 751, 391)",19
nso_0270_14790.fts,"(696, 344, 740, 391)",15
nso_0270_15846.fts,"(703, 342, 749, 396)",19
nso_0270_16905.fts,"(702, 330, 750, 379)",16
nso_0270_17964.fts,"(701, 344, 748, 396)",21
nso_0270_19020.fts,"(702, 344, 748, 391)",16
nso_0270_20079.fts,"(707, 332, 757, 381)",18
nso_0270_21138.fts,,
nso_0271_00962.fts,"(705, 347, 756, 393)",18
nso_0271_01924.fts,"(704, 351, 753, 400)",21
nso_0271_02886.fts,"(703, 349, 748, 401)",14
nso_0271_03848.fts,"(701, 336, 750, 380)",18
nso_0271_04810.fts,"(703, 341, 751, 398)",22
nso_0271_05772.fts,"(704, 346, 751, 396)",15
nso_0271_06734.fts,"(707, 346, 753, 391)",18
nso_0271_07696.fts,"(708, 348, 752, 396)",15
nso_0271_08658.fts,"(700, 345, 749, 392)",18
nso_0271_09620.fts,"(704, 331, 751, 385)",22
nso_0271_10582.fts,"(705, 348, 748, 405)",23
nso_0271_11544.fts,"(705, 343, 753, 390)",18
nso_0271_12506.fts,"(703, 346, 753, 400)",22
nso_0271_13468.fts,"(703, 353, 754, 399)",18
nso_0271_14430.fts,"(706, 345, 754, 398)",22
nso_0271_15392.fts,"(705, 348, 752, 395)",17
nso_0271_16354.fts,"(705, 347, 750, 394)",15
nso_0271_17316.fts,"(702, 347, 753, 387)",19
nso_0271_18278.fts,"(700, 333, 753, 378)",18
nso_0272_00704.fts,,
nso_0272_01408.fts,,
nso_0272_02112.fts,,
nso_0272_02816.fts,,
nso_0272_03520.fts,,
nso_0272_04224.fts,,
nso_0272_04928.fts,,
nso_0272_05632.fts,,
nso_0272_06336.fts,,
nso_0272_07040.fts,,
nso_0272_07744.fts,"(709, 337, 754, 400)",22
nso_0272_08448.fts,"(702, 342, 756, 396)",22
nso_0272_09152.fts,"(707, 320, 748, 375)",23
nso_0272_09856.fts,"(700, 344, 751, 386)",21
nso_0272_10560.fts,"(706, 339, 749, 394)",22
nso_0272_11264.fts,"(703, 351, 748, 397)",18
nso_0272_11968.fts,"(704, 345, 749, 389)",19
nso_0272_12672.fts,"(705, 332, 760, 388)",19
nso_0272_13376.fts,"(705, 344, 752, 394)",19
nso_0272_14080.fts,,
nso_0273_01034.fts,"(702, 344, 753, 396)",22
nso_0273_02068.fts,"(702, 352, 749, 401)",17
nso_0273_03102.fts,"(707, 342, 752, 394)",20
nso_0273_04136.fts,"(704, 350, 752, 397)",15
nso_0273_05170.fts,"(703, 344, 752, 398)",20
nso_0273_06204.fts,"(702, 331, 750, 380)",19
nso_0273_07238.fts,"(700, 325, 743, 376)",23
nso_0273_08272.fts,"(701, 324, 748, 378)",22
nso_0273_09306.fts,"(699, 326, 744, 373)",19
nso_0273_10340.fts,"(700, 327, 748, 375)",15
nso_0273_11374.fts,"(700, 313, 747, 377)",20
nso_0273_12408.fts,"(691, 435, 743, 486)",15
nso_0273_13442.fts,"(698, 321, 744, 365)",19
nso_0273_14476.fts,"(690, 319, 735, 370)",15
nso_0273_15510.fts,"(698, 90, 747, 134)",0
nso_0273_16544.fts,"(692, 328, 741, 372)",18
nso_0273_17578.fts,"(699, 316, 746, 370)",23
nso_0273_18612.fts,"(701, 314, 748, 365)",15
nso_0273_19646.fts,"(700, 318, 746, 374)",20
nso_0273_20680.fts,"(702, 323, 757, 363)",0
nso_0274_01019.fts,"(700, 307, 748, 364)",20
nso_0274_02038.fts,"(698, 318, 746, 375)",23
nso_0274_03057.fts,"(696, 324, 748, 372)",17
nso_0274_04076.fts,"(700, 322, 749, 380)",20
nso_0274_05095.fts,"(697, 320, 744, 371)",18
nso_0274_06114.fts,"(696, 312, 749, 373)",20
nso_0274_07133.fts,"(692, 325, 739, 374)",14
nso_0274_08152.fts,"(686, 320, 735, 372)",18
nso_0274_09171.fts,"(697, 322, 750, 372)",15
nso_0274_10190.fts,"(700, 316, 751, 369)",19
nso_0274_11209.fts,"(699, 317, 748, 373)",23
nso_0274_12228.fts,"(699, 326, 749, 375)",15
nso_0274_13247.fts,"(696, 326, 746, 370)",16
nso_0274_14266.fts,"(700, 325, 748, 375)",19
nso_0274_15285.fts,"(701, 324, 745, 371)",18
nso_0274_16304.fts,"(699, 320, 750, 368)",17
nso_0274_17323.fts,"(702, 321, 745, 365)",17
nso_0274_18342.fts,"(702, 325, 746, 371)",16
nso_0274_19361.fts,"(699, 324, 751, 380)",20
nso_0274_20380.fts,,
nso_0275_01078.fts,"(696, 325, 746, 376)",16
nso_0275_02156.fts,"(695, 323, 745, 376)",19
nso_0275_03234.fts,"(698, 316, 749, 361)",13
nso_0275_04312.fts,"(702, 325, 751, 373)",16
nso_0275_05390.fts,"(703, 323, 750, 372)",21
nso_0275_06468.fts,"(699, 313, 747, 364)",14
nso_0275_07546.fts,"(704, 322, 750, 369)",16
nso_0275_08624.fts,"(703, 315, 752, 375)",22
nso_0275_09702.fts,"(702, 325, 751, 381)",22
nso_0275_10780.fts,"(702, 312, 751, 355)",15
nso_0275_11858.fts,"(701, 318, 749, 364)",14
nso_0275_12936.fts,"(705, 321, 755, 368)",17
nso_0275_14014.fts,"(699, 322, 752, 368)",14
nso_0275_15092.fts,"(704, 321, 755, 373)",17
nso_0275_16170.fts,"(706, 323, 752, 372)",21
nso_0275_17248.fts,"(701, 319, 754, 366)",13
nso_0275_18326.fts,"(706, 324, 751, 367)",16
nso_0275_19404.fts,"(701, 321, 752, 365)",18
nso_0275_20482.fts,"(704, 144, 755, 188)",21
nso_0275_21560.fts,,
nso_0445_00679.fts,"(74, 356, 120, 403)",
nso_0445_01070.fts,"(695, 259, 760, 317)",22
nso_0445_01358.fts,,
nso_0445_02037.fts,"(81, 349, 127, 405)",
nso_0445_02140.fts,"(683, 257, 745, 314)",14
nso_0445_02716.fts,"(79, 355, 132, 411)",14
nso_0445_03210.fts,"(709, 268, 765, 324)",20
nso_0445_03395.fts,"(87, 360, 138, 428)",20
nso_0445_04074.fts,"(90, 349, 133, 402)",20
nso_0445_04280.fts,"(705, 257, 766, 310)",12
nso_0445_04753.fts,"(82, 357, 130, 416)",12
nso_0445_05350.fts,"(707, 232, 766, 288)",16
nso_0445_05432.fts,"(78, 349, 128, 400)",14
nso_0445_06111.fts,"(81, 351, 127, 408)",18
nso_0445_06420.fts,"(704, 257, 763, 312)",17
nso_0445_06790.fts,"(85, 354, 130, 407)",20
nso_0445_07469.fts,"(651, 159, 699, 216)",18
nso_0445_07490.fts,"(714, 247, 764, 303)",17
nso_0445_08148.fts,"(82, 359, 134, 416)",21
nso_0445_08560.fts,"(693, 252, 750, 311)",19
nso_0445_08827.fts,"(76, 351, 124, 404)",14
nso_0445_09506.fts,"(80, 356, 129, 414)",17
nso_0445_09630.fts,"(717, 248, 767, 303)",21
nso_0445_10185.fts,"(88, 353, 132, 403)",19
nso_0445_10700.fts,"(711, 248, 766, 302)",16
nso_0445_10864.fts,"(87, 359, 130, 422)",20
nso_0445_11543.fts,"(77, 358, 124, 411)",14
nso_0445_11770.fts,,
nso_0445_12222.fts,"(73, 358, 121, 401)",15
nso_0445_12840.fts,"(690, 250, 758, 306)",15
nso_0445_12901.fts,"(86, 360, 125, 404)",17
nso_0445_13580.fts,,
nso_0445_13910.fts,"(697, 249, 756, 305)",15
nso_0445_14980.fts,"(695, 243, 755, 299)",17
nso_0445_16050.fts,"(708, 226, 768, 279)",16
nso_0445_17120.fts,"(709, 215, 769, 274)",15
nso_0445_18190.fts,"(705, 226, 765, 282)",18
nso_0445_19260.fts,"(712, 275, 767, 331)",21
nso_0445_20330.fts,"(708, 294, 768, 347)",14
nso_0445_21400.fts,"(708, 250, 765, 303)",14
nso_0446_01041.fts,"(707, 251, 766, 306)",14
nso_0446_02082.fts,"(707, 256, 765, 312)",13
nso_0446_03123.fts,"(707, 261, 767, 311)",16
nso_0446_04164.fts,"(707, 239, 765, 293)",20
nso_0446_05205.fts,"(707, 189, 765, 242)",17
nso_0446_06246.fts,"(703, 252, 765, 300)",21
nso_0446_07287.fts,"(708, 208, 768, 263)",21
nso_0446_08328.fts,"(702, 230, 765, 283)",18
nso_0446_09379.fts,"(705, 240, 764, 295)",15
nso_0446_10431.fts,"(704, 236, 764, 291)",20
nso_0446_11472.fts,"(703, 215, 765, 270)",18
nso_0446_12513.fts,"(714, 236, 765, 292)",22
nso_0446_13554.fts,"(712, 183, 768, 236)",14
nso_0446_14595.fts,"(718, 234, 765, 293)",20
nso_0446_15636.fts,"(728, 355, 771, 407)",14
nso_0446_16677.fts,"(715, 246, 768, 303)",19
nso_0446_17718.fts,"(711, 242, 764, 295)",15
nso_0446_18759.fts,"(709, 258, 768, 314)",18
nso_0446_19800.fts,"(707, 254, 767, 309)",16
nso_0446_20841.fts,"(711, 247, 763, 299)",21
nso_0447_01049.fts,"(705, 437, 764, 496)",23
nso_0447_02098.fts,"(715, 285, 765, 343)",19
nso_0447_03147.fts,"(702, 244, 760, 299)",20
nso_0447_04196.fts,"(703, 260, 759, 314)",16
nso_0447_05245.fts,"(704, 261, 762, 312)",22
nso_0447_06294.fts,"(704, 260, 761, 316)",18
nso_0447_07343.fts,"(706, 260, 765, 315)",21
nso_0447_08392.fts,"(701, 236, 762, 290)",16
nso_0447_09441.fts,"(705, 247, 765, 304)",22
nso_0447_10490.fts,"(703, 263, 764, 318)",20
nso_0447_11539.fts,"(705, 254, 766, 312)",21
nso_0447_12588.fts,"(702, 252, 764, 312)",17
nso_0447_13637.fts,"(701, 255, 764, 310)",22
nso_0447_14686.fts,"(705, 264, 763, 309)",19
nso_0447_15735.fts,"(703, 251, 763, 303)",15
nso_0447_16784.fts,"(700, 254, 762, 309)",15
nso_0447_17833.fts,"(705, 251, 766, 306)",15
nso_0447_18882.fts,"(705, 261, 767, 314)",22
nso_0447_19931.fts,"(704, 237, 763, 294)",23
nso_0447_20980.fts,,
nso_0448_01184.fts,"(726, 349, 770, 399)",20
nso_0448_02368.fts,"(702, 262, 762, 313)",15
nso_0448_03552.fts,"(708, 265, 766, 321)",20
nso_0448_04736.fts,"(706, 231, 763, 288)",17
nso_0448_05920.fts,"(698, 252, 767, 312)",22
nso_0448_07104.fts,"(701, 246, 763, 305)",20
nso_0448_08288.fts,"(704, 233, 765, 289)",19
nso_0448_09472.fts,"(704, 259, 766, 306)",20
nso_0448_10656.fts,"(705, 250, 765, 303)",16
nso_0448_11840.fts,"(705, 236, 765, 291)",14
nso_0448_13024.fts,"(707, 251, 766, 304)",16
nso_0448_14208.fts,"(709, 248, 765, 307)",23
nso_0448_15392.fts,"(707, 250, 770, 306)",16
nso_0448_16576.fts,"(706, 229, 766, 287)",0
nso_0448_17760.fts,"(706, 249, 765, 304)",17
nso_0448_18944.fts,"(705, 230, 766, 286)",15
nso_0448_20128.fts,"(701, 242, 761, 298)",16
nso_0448_21312.fts,"(700, 239, 764, 298)",21
nso_0448_22496.fts,"(700, 248, 764, 299)",19
nso_0448_23720.fts,"(709, 328, 765, 383)",20
nso_0449_01188.fts,"(703, 250, 767, 299)",15
nso_0449_02376.fts,"(721, 340, 767, 397)",19
nso_0449_03564.fts,"(719, 262, 767, 320)",13
nso_0449_04752.fts,"(714, 357, 765, 418)",13
nso_0449_05940.fts,"(722, 323, 771, 381)",20
nso_0449_07128.fts,"(703, 252, 759, 301)",14
nso_0449_08316.fts,"(718, 331, 767, 387)",20
nso_0449_09504.fts,"(726, 328, 774, 385)",17
nso_0449_10692.fts,"(712, 339, 762, 391)",16
nso_0449_11880.fts,"(713, 348, 765, 401)",16
nso_0449_13068.fts,"(708, 354, 770, 406)",16
nso_0449_14256.fts,"(710, 347, 768, 403)",16
nso_0449_15444.fts,"(700, 257, 759, 313)",13
nso_0449_16632.fts,"(701, 236, 760, 296)",21
nso_0449_17820.fts,"(693, 246, 751, 299)",22
nso_0449_19008.fts,"(696, 247, 756, 300)",15
nso_0449_20196.fts,"(713, 312, 766, 371)",20
nso_0449_21384.fts,"(711, 304, 763, 360)",22
nso_0449_22572.fts,"(717, 322, 768, 376)",17
nso_0449_23760.fts,"(713, 351, 768, 407)",16
nso_0450_01182.fts,"(707, 324, 764, 377)",20
nso_0450_02364.fts,"(700, 240, 758, 300)",14
nso_0450_03546.fts,"(702, 285, 764, 339)",21
nso_0450_04728.fts,"(716, 351, 768, 405)",15
nso_0450_05910.fts,"(702, 295, 761, 346)",21
nso_0450_07092.fts,"(702, 263, 762, 318)",22
nso_0450_08274.fts,"(703, 335, 767, 386)",18
nso_0450_09456.fts,"(713, 315, 766, 367)",16
nso_0450_10638.fts,"(718, 335, 766, 387)",19
nso_0450_11820.fts,"(725, 330, 769, 385)",15
nso_0450_13002.fts,"(728, 321, 766, 369)",16
nso_0450_14184.fts,"(727, 347, 772, 402)",13
nso_0450_15366.fts,"(728, 312, 768, 367)",16
nso_0450_16548.fts,"(710, 229, 760, 280)",13
nso_0450_17730.fts,"(696, 229, 759, 286)",21
nso_0450_18912.fts,"(704, 116, 765, 172)",14
nso_0450_20094.fts,"(708, 392, 764, 446)",20
nso_0450_21276.fts,"(714, 319, 764, 374)",17
nso_0450_22458.fts,"(711, 304, 768, 358)",18
nso_0450_23640.fts,"(703, 255, 764, 306)",21
nso_0451_01179.fts,"(708, 300, 766, 364)",18
nso_0451_02358.fts,"(715, 328, 766, 382)",15
nso_0451_03537.fts,"(701, 265, 762, 319)",22
nso_0451_04716.fts,"(708, 267, 767, 322)",20
nso_0451_05895.fts,"(726, 301, 771, 354)",18
nso_0451_07074.fts,"(728, 307, 773, 360)",18
nso_0451_08253.fts,"(711, 306, 767, 359)",18
nso_0451_09432.fts,"(693, 298, 755, 356)",16
nso_0451_10611.fts,"(691, 309, 753, 367)",23
nso_0451_11790.fts,"(696, 306, 758, 357)",18
nso_0451_12969.fts,"(704, 278, 763, 328)",19
nso_0451_14148.fts,"(702, 269, 757, 325)",23
nso_0451_15327.fts,"(701, 266, 755, 317)",22
nso_0451_16506.fts,"(704, 270, 759, 319)",19
nso_0451_17685.fts,"(699, 275, 755, 330)",21
nso_0451_18864.fts,"(699, 278, 752, 329)",22
nso_0451_20043.fts,"(718, 297, 767, 351)",22
nso_0451_21222.fts,,
nso_0451_22401.fts,"(719, 313, 770, 366)",21
nso_0451_23580.fts,"(723, 310, 769, 362)",18
nso_0452_01177.fts,"(715, 316, 765, 369)",15
nso_0452_02354.fts,"(715, 317, 764, 371)",21
nso_0452_03531.fts,"(720, 308, 767, 361)",18
nso_0452_04708.fts,"(715, 314, 767, 369)",23
nso_0452_05885.fts,"(718, 313, 767, 370)",23
nso_0452_07062.fts,"(723, 311, 768, 362)",16
nso_0452_08239.fts,"(725, 315, 771, 366)",17
nso_0452_09416.fts,"(723, 313, 771, 369)",18
nso_0452_10593.fts,"(722, 325, 768, 379)",17
nso_0452_11770.fts,"(723, 332, 773, 385)",17
nso_0452_12947.fts,"(726, 327, 766, 379)",17
nso_0452_14124.fts,"(724, 333, 771, 382)",17
nso_0452_15301.fts,"(722, 339, 771, 392)",21
nso_0452_16478.fts,"(719, 314, 768, 371)",20
nso_0452_17655.fts,"(706, 319, 761, 369)",15
nso_0452_18832.fts,"(704, 313, 766, 367)",19
nso_0452_20009.fts,"(707, 310, 760, 355)",19
nso_0452_21186.fts,"(709, 320, 760, 375)",20
nso_0452_22363.fts,"(707, 322, 765, 375)",15
nso_0453_01086.fts,"(81, 358, 127, 401)",15
nso_0453_01170.fts,"(711, 309, 762, 367)",17
nso_0453_02172.fts,"(77, 354, 120, 395)",15
nso_0453_02340.fts,"(699, 320, 760, 376)",18
nso_0453_03258.fts,,
nso_0453_03510.fts,"(694, 319, 750, 373)",22
nso_0453_04344.fts,"(75, 334, 117, 381)",14
nso_0453_04680.fts,"(693, 326, 753, 381)",18
nso_0453_05430.fts,"(89, 354, 134, 410)",21
nso_0453_05850.fts,"(716, 326, 766, 386)",19
nso_0453_06516.fts,"(85, 348, 131, 402)",14
nso_0453_07020.fts,"(693, 325, 746, 381)",18
nso_0453_07602.fts,"(85, 349, 131, 403)",19
nso_0453_08190.fts,"(713, 320, 760, 373)",18
nso_0453_08688.fts,"(67, 356, 121, 409)",15
nso_0453_09360.fts,"(726, 318, 766, 377)",21
nso_0453_09774.fts,,
nso_0453_10530.fts,"(718, 322, 768, 379)",23
nso_0453_10860.fts,"(80, 358, 130, 411)",18
nso_0453_11700.fts,"(724, 321, 768, 376)",22
nso_0453_11946.fts,"(83, 350, 127, 401)",19
nso_0453_12870.fts,"(727, 325, 768, 372)",19
nso_0453_13032.fts,"(77, 352, 128, 408)",18
nso_0453_14040.fts,"(738, 297, 775, 347)",16
nso_0453_14118.fts,"(86, 354, 129, 412)",20
nso_0453_15204.fts,"(85, 357, 124, 416)",20
nso_0453_15210.fts,"(709, 299, 764, 349)",19
nso_0453_16290.fts,"(85, 355, 125, 405)",21
nso_0453_16380.fts,"(706, 288, 757, 343)",16
nso_0453_17376.fts,"(85, 355, 126, 405)",20
nso_0453_17550.fts,"(707, 299, 758, 352)",19
nso_0453_18462.fts,"(82, 319, 122, 374)",16
nso_0453_18720.fts,"(700, 299, 752, 349)",18
nso_0453_19548.fts,"(85, 351, 127, 404)",16
nso_0453_19890.fts,"(699, 268, 751, 324)",12
nso_0453_20634.fts,"(77, 349, 129, 412)",18
nso_0453_21060.fts,"(719, 296, 765, 348)",23
nso_0453_21720.fts,,
nso_0453_22230.fts,"(727, 305, 767, 362)",17
nso_0453_23400.fts,"(705, 301, 764, 360)",22
nso_0454_01139.fts,"(709, 312, 766, 365)",18
nso_0454_02278.fts,"(710, 300, 760, 355)",14
nso_0454_03417.fts,"(696, 304, 753, 356)",21
nso_0454_04556.fts,"(700, 235, 749, 291)",18
nso_0454_05695.fts,"(692, 324, 753, 376)",13
nso_0454_06834.fts,"(694, 377, 751, 429)",14
nso_0454_07973.fts,"(700, 323, 749, 376)",19
nso_0454_09112.fts,"(695, 321, 757, 382)",23
nso_0454_10251.fts,"(694, 324, 752, 378)",13
nso_0454_11390.fts,"(688, 318, 754, 377)",19
nso_0454_12529.fts,"(698, 331, 750, 379)",20
nso_0454_13668.fts,"(694, 320, 746, 378)",23
nso_0454_14807.fts,"(694, 322, 750, 376)",14
nso_0454_15946.fts,"(695, 111, 748, 154)",15
nso_0454_17085.fts,"(695, 320, 749, 368)",16
nso_0454_18224.fts,"(690, 323, 751, 377)",15
nso_0454_19363.fts,"(694, 316, 747, 369)",17
nso_0454_20502.fts,"(690, 319, 745, 373)",15
nso_0454_21641.fts,"(695, 320, 753, 375)",14
nso_0454_22780.fts,"(702, 316, 751, 371)",16
nso_0455_01194.fts,"(696, 322, 755, 371)",15
nso_0455_02388.fts,"(696, 308, 752, 370)",22
nso_0455_03582.fts,"(696, 317, 749, 370)",19
nso_0455_04776.fts,"(691, 316, 755, 369)",17
nso_0455_05970.fts,"(684, 317, 745, 376)",16
nso_0455_07164.fts,"(691, 320, 746, 375)",22
nso_0455_08358.fts,"(691, 320, 737, 375)",15
nso_0455_09552.fts,"(691, 320, 737, 374)",18
nso_0455_10746.fts,"(704, 323, 760, 374)",15
nso_0455_11940.fts,"(711, 314, 761, 368)",21
nso_0455_13134.fts,"(715, 323, 761, 375)",18
nso_0455_14328.fts,"(712, 323, 759, 371)",19
nso_0455_15522.fts,"(712, 314, 770, 367)",15
nso_0455_16716.fts,"(709, 317, 764, 374)",22
nso_0455_17910.fts,"(705, 319, 760, 371)",18
nso_0455_19104.fts,"(705, 302, 763, 350)",19
nso_0455_20298.fts,"(707, 317, 767, 371)",22
nso_0455_21492.fts,"(702, 320, 758, 377)",15
nso_0455_22686.fts,"(705, 313, 768, 363)",21
nso_0455_23880.fts,,
nso_0456_01184.fts,"(705, 326, 756, 383)",22
nso_0456_02368.fts,"(707, 331, 763, 380)",18
nso_0456_03552.fts,"(713, 319, 766, 367)",18
nso_0456_04736.fts,"(709, 306, 768, 363)",15
nso_0456_05920.fts,"(703, 315, 760, 373)",14
nso_0456_07104.fts,"(708, 306, 767, 352)",15
nso_0456_08288.fts,"(714, 312, 766, 361)",17
nso_0456_09472.fts,"(711, 321, 769, 369)",15
nso_0456_10656.fts,"(711, 315, 764, 368)",23
nso_0456_11840.fts,"(719, 320, 764, 371)",14
nso_0456_13024.fts,"(719, 311, 764, 364)",20
nso_0456_14208.fts,"(714, 313, 762, 363)",22
nso_0456_15392.fts,"(721, 312, 768, 364)",20
nso_0456_16576.fts,"(711, 309, 762, 360)",18
nso_0456_17760.fts,"(712, 306, 766, 366)",16
nso_0456_18944.fts,"(712, 314, 763, 371)",14
nso_0456_20128.fts,"(712, 314, 764, 364)",14
nso_0456_21312.fts,"(717, 311, 765, 365)",15
nso_0456_22496.fts,"(716, 312, 765, 366)",20
nso_0456_23680.fts,"(713, 311, 765, 370)",20
nso_8083_00395.fts,"(689, 312, 741, 364)",16
nso_8083_00790.fts,"(684, 317, 748, 375)",15
nso_8083_01185.fts,"(684, 319, 744, 373)",16
nso_8083_01580.fts,"(687, 322, 741, 370)",13
nso_8083_01975.fts,"(691, 319, 743, 370)",16
nso_8083_02370.fts,"(680, 322, 745, 370)",18
nso_8083_02765.fts,"(678, 328, 737, 374)",15
nso_8083_03160.fts,"(682, 316, 740, 369)",13
nso_8083_03555.fts,"(679, 285, 742, 335)",22
nso_8083_03950.fts,"(677, 319, 742, 377)",13
nso_8083_04345.fts,"(677, 209, 739, 266)",17
nso_8083_04740.fts,"(678, 312, 738, 369)",17
nso_8083_05135.fts,"(678, 319, 736, 371)",13
nso_8083_05530.fts,"(681, 315, 739, 367)",15
nso_8083_05925.fts,"(681, 316, 739, 370)",23
nso_8083_06320.fts,"(673, 311, 731, 362)",20
nso_8083_06715.fts,"(679, 316, 737, 367)",17
nso_8083_07110.fts,"(679, 314, 742, 366)",14
nso_8083_07505.fts,"(678, 314, 742, 366)",17
nso_8083_07900.fts,"(674, 245, 740, 300)",22
nso_8086_00395.fts,"(689, 312, 746, 364)",22
nso_8086_00790.fts,"(684, 310, 749, 366)",20
nso_8086_01185.fts,"(691, 312, 745, 364)",19
nso_8086_01580.fts,"(684, 309, 748, 362)",18
nso_8086_01975.fts,"(691, 310, 739, 364)",18
nso_8086_02370.fts,"(688, 304, 751, 359)",17
nso_8086_02765.fts,"(692, 310, 744, 358)",19
nso_8086_03160.fts,"(692, 309, 755, 359)",14
nso_8086_03555.fts,"(691, 313, 751, 366)",16
nso_8086_03950.fts,"(690, 312, 754, 364)",17
nso_8086_04345.fts,"(690, 314, 749, 365)",16
nso_8086_04740.fts,"(690, 306, 752, 355)",18
nso_8086_05135.fts,"(696, 312, 740, 364)",17
nso_8086_05530.fts,"(688, 312, 740, 372)",17
nso_8086_05925.fts,"(699, 311, 745, 359)",16
nso_8086_06320.fts,"(695, 310, 756, 365)",16
nso_8086_06715.fts,"(697, 317, 751, 365)",15
nso_8086_07110.fts,"(694, 307, 748, 365)",14
nso_8086_07505.fts,"(703, 328, 752, 375)",16
nso_8086_07900.fts,"(703, 345, 768, 397)",16
nso_8087_00400.fts,"(700, 322, 759, 373)",18
nso_8087_00800.fts,"(701, 317, 763, 373)",18
nso_8087_01200.fts,"(696, 331, 762, 378)",19
nso_8087_01600.fts,"(698, 326, 756, 380)",19
nso_8087_02000.fts,"(695, 326, 755, 378)",22
nso_8087_02400.fts,"(700, 324, 756, 376)",22
nso_8087_02800.fts,"(701, 321, 757, 374)",22
nso_8087_03200.fts,"(698, 263, 757, 312)",23
nso_8087_03600.fts,"(702, 309, 747, 353)",18
nso_8087_04000.fts,"(696, 304, 751, 355)",17
nso_8087_04400.fts,"(695, 310, 749, 359)",17
nso_8087_04800.fts,"(693, 306, 752, 360)",17
nso_8087_05200.fts,"(691, 298, 751, 355)",22
nso_8087_05600.fts,"(694, 305, 753, 359)",17
nso_8087_06000.fts,"(694, 303, 746, 358)",17
nso_8087_06400.fts,"(695, 305, 748, 358)",18
nso_8087_06800.fts,"(692, 306, 750, 356)",19
nso_8087_07200.fts,"(688, 300, 747, 352)",20
nso_8087_07600.fts,"(693, 309, 759, 363)",23
nso_8087_08025.fts,"(694, 298, 748, 351)",23
nso_8090_00402.fts,"(707, 321, 765, 376)",19
nso_8090_00804.fts,,
nso_8090_01206.fts,,
nso_8090_01608.fts,,
nso_8090_02010.fts,,
nso_8090_02412.fts,,
nso_8090_02814.fts,,
nso_8090_03216.fts,,
nso_8090_03618.fts,,
nso_8090_04020.fts,"(700, 325, 753, 381)",19
nso_8090_04422.fts,"(699, 305, 760, 361)",20
nso_8090_04824.fts,"(699, 309, 765, 362)",20
nso_8090_05226.fts,"(706, 322, 760, 377)",20
nso_8090_05628.fts,"(703, 297, 761, 357)",19
nso_8090_06030.fts,"(701, 301, 763, 356)",18
nso_8090_06432.fts,"(697, 323, 764, 379)",17
nso_8090_06834.fts,"(700, 328, 760, 379)",15
nso_8090_07236.fts,"(705, 323, 759, 376)",16
nso_8090_07638.fts,"(698, 321, 753, 370)",16
nso_8090_08040.fts,"(714, 330, 761, 376)",16
nso_8091_00401.fts,"(702, 328, 763, 384)",23
nso_8091_00802.fts,"(698, 317, 761, 373)",22
nso_8091_01203.fts,"(704, 326, 761, 378)",15
nso_8091_01604.fts,"(703, 328, 765, 381)",15
nso_8091_02005.fts,"(701, 307, 762, 363)",23
nso_8091_02406.fts,"(699, 305, 762, 361)",23
nso_8091_02807.fts,"(707, 323, 757, 373)",0
nso_8091_03208.fts,"(700, 331, 766, 384)",0
nso_8091_03609.fts,"(706, 322, 756, 380)",20
nso_8091_04010.fts,"(704, 355, 766, 410)",14
nso_8091_04411.fts,"(705, 323, 762, 380)",14
nso_8091_04812.fts,"(703, 327, 766, 378)",14
nso_8091_05213.fts,"(701, 328, 760, 381)",14
nso_8091_05614.fts,"(699, 325, 762, 378)",14
nso_8091_06015.fts,"(703, 325, 758, 378)",14
nso_8091_06416.fts,"(700, 333, 765, 383)",14
nso_8091_06817.fts,"(703, 318, 764, 372)",14
nso_8091_07218.fts,"(705, 318, 765, 373)",14
nso_8091_07619.fts,"(704, 324, 759, 381)",14
nso_8091_08020.fts,"(698, 319, 759, 373)",14
nso_8092_00345.fts,"(705, 314, 764, 367)",18
nso_8092_00690.fts,"(699, 326, 756, 378)",23
nso_8092_01035.fts,"(701, 313, 757, 371)",22
nso_8092_01380.fts,"(696, 318, 756, 375)",22
nso_8092_01725.fts,"(700, 321, 756, 376)",22
nso_8092_02070.fts,"(693, 315, 759, 377)",22
nso_8092_02415.fts,"(697, 319, 758, 374)",22
nso_8092_02760.fts,"(697, 322, 755, 374)",22
nso_8092_03105.fts,"(698, 315, 753, 364)",22
nso_8092_03450.fts,"(698, 323, 759, 376)",22
nso_8092_03795.fts,"(696, 319, 753, 376)",22
nso_8092_04140.fts,"(698, 312, 754, 365)",22
nso_8092_04485.fts,"(698, 314, 756, 366)",22
nso_8092_04830.fts,"(699, 312, 756, 368)",22
nso_8092_05175.fts,"(702, 313, 762, 364)",22
nso_8092_05520.fts,"(700, 314, 762, 363)",23
nso_8092_05865.fts,"(699, 312, 758, 365)",23
nso_8092_06210.fts,"(699, 315, 760, 373)",23
nso_8092_06555.fts,"(700, 311, 756, 367)",23
nso_8092_06900.fts,"(703, 313, 762, 368)",23
nso_8093_00344.fts,"(701, 328, 753, 383)",15
nso_8093_00688.fts,"(698, 328, 762, 378)",16
nso_8093_01032.fts,"(696, 329, 755, 382)",17
nso_8093_01376.fts,"(701, 325, 758, 378)",17
nso_8093_01720.fts,"(703, 326, 757, 380)",17
nso_8093_02064.fts,"(702, 320, 755, 371)",16
nso_8093_02408.fts,"(700, 316, 760, 373)",17
nso_8093_02752.fts,"(698, 320, 758, 376)",20
nso_8093_03096.fts,"(696, 324, 755, 385)",21
nso_8093_03440.fts,"(697, 323, 754, 374)",21
nso_8093_03784.fts,"(700, 323, 753, 374)",21
nso_8093_04128.fts,"(694, 327, 754, 382)",23
nso_8093_04472.fts,"(697, 326, 762, 377)",19
nso_8093_04816.fts,"(698, 322, 753, 376)",23
nso_8093_05160.fts,"(696, 326, 757, 379)",20
nso_8093_05504.fts,"(702, 323, 759, 379)",22
nso_8093_05848.fts,"(699, 313, 758, 370)",15
nso_8093_06192.fts,"(700, 319, 758, 378)",18
nso_8093_06536.fts,"(697, 322, 759, 375)",19
nso_8093_06880.fts,"(691, 329, 750, 380)",16
nso_8094_00393.fts,"(687, 298, 753, 348)",19
nso_8094_00786.fts,"(677, 293, 741, 348)",15
nso_8094_01179.fts,"(679, 294, 744, 355)",16
nso_8094_01572.fts,"(679, 294, 744, 354)",15
nso_8094_01965.fts,"(711, 288, 763, 341)",20
nso_8094_02358.fts,"(700, 288, 760, 347)",21
nso_8094_02751.fts,"(676, 289, 735, 341)",19
nso_8094_03144.fts,"(680, 293, 739, 349)",20
nso_8094_03537.fts,"(692, 286, 758, 338)",20
nso_8094_03930.fts,"(695, 288, 753, 349)",20
nso_8094_04323.fts,"(680, 295, 738, 347)",17
nso_8094_04716.fts,"(679, 288, 740, 344)",18
nso_8094_05109.fts,"(683, 295, 740, 344)",19
nso_8094_05502.fts,"(669, 286, 730, 341)",20
nso_8094_05895.fts,"(673, 287, 739, 346)",14
nso_8094_06288.fts,"(700, 286, 754, 347)",15
nso_8094_06681.fts,"(695, 312, 753, 367)",18
nso_8094_07074.fts,"(699, 294, 756, 343)",21
nso_8094_07467.fts,"(671, 291, 729, 344)",20
nso_8094_07860.fts,"(665, 289, 723, 347)",21
nso_8095_00396.fts,"(666, 291, 728, 352)",17
nso_8095_00797.fts,"(671, 296, 730, 347)",17
nso_8095_01193.fts,"(669, 290, 731, 347)",20
nso_8095_01589.fts,"(693, 291, 751, 346)",20
nso_8095_01985.fts,"(683, 286, 739, 343)",22
nso_8095_02381.fts,"(693, 296, 751, 347)",22
nso_8095_02777.fts,"(700, 294, 749, 344)",23
nso_8095_03173.fts,"(677, 291, 739, 348)",13
nso_8095_03569.fts,"(675, 297, 744, 352)",12
nso_8095_03965.fts,"(680, 303, 738, 357)",13
nso_8095_04361.fts,"(701, 304, 758, 359)",14
nso_8095_04757.fts,"(677, 305, 732, 359)",13
nso_8095_05153.fts,"(686, 300, 741, 351)",13
nso_8095_05549.fts,"(672, 301, 732, 355)",13
nso_8095_05945.fts,"(681, 299, 740, 357)",14
nso_8095_06341.fts,"(681, 307, 739, 358)",14
nso_8095_06737.fts,"(684, 287, 743, 341)",16
nso_8095_07133.fts,"(688, 367, 749, 426)",16
nso_8095_07529.fts,"(689, 314, 745, 363)",14
nso_8095_07925.fts,"(690, 310, 748, 363)",16
nso_8096_00401.fts,"(688, 307, 747, 363)",22
nso_8096_00802.fts,"(686, 310, 746, 356)",13
nso_8096_01203.fts,"(720, 195, 741, 285)",22
nso_8096_01604.fts,"(692, 313, 743, 369)",14
nso_8096_02005.fts,"(686, 394, 747, 451)",21
nso_8096_02406.fts,"(692, 315, 750, 368)",21
nso_8096_02807.fts,"(688, 308, 749, 366)",23
nso_8096_03208.fts,"(695, 313, 755, 366)",18
nso_8096_03609.fts,"(691, 310, 744, 361)",13
nso_8096_04010.fts,"(690, 189, 754, 248)",23
nso_8096_04411.fts,"(687, 305, 753, 362)",16
nso_8096_04812.fts,"(693, 308, 749, 355)",15
nso_8096_05213.fts,"(689, 195, 747, 254)",17
nso_8096_05614.fts,"(696, 298, 746, 350)",14
nso_8096_06015.fts,"(692, 308, 745, 362)",15
nso_8096_06416.fts,"(687, 340, 748, 390)",22
nso_8096_06817.fts,"(686, 293, 746, 353)",17
nso_8096_07218.fts,"(681, 301, 748, 358)",18
nso_8096_07619.fts,"(688, 308, 740, 359)",13
nso_8096_08020.fts,,
nso_8098_00397.fts,"(688, 308, 740, 358)",21
nso_8098_00794.fts,"(689, 300, 747, 356)",20
nso_8098_01191.fts,"(681, 306, 754, 360)",20
nso_8098_01588.fts,"(693, 504, 748, 552)",20
nso_8098_01985.fts,"(686, 297, 750, 354)",19
nso_8098_02382.fts,"(691, 296, 745, 353)",20
nso_8098_02779.fts,"(685, 299, 741, 358)",22
nso_8098_03176.fts,"(687, 304, 745, 357)",18
nso_8098_03573.fts,"(692, 300, 743, 351)",22
nso_8098_03970.fts,"(687, 305, 751, 359)",14
nso_8098_04367.fts,"(686, 330, 754, 388)",18
nso_8098_04764.fts,"(686, 299, 744, 345)",14
nso_8098_05161.fts,"(686, 321, 743, 371)",14
nso_8098_05558.fts,"(688, 318, 749, 365)",16
nso_8098_05955.fts,"(677, 307, 745, 364)",20
nso_8098_06352.fts,"(682, 322, 746, 376)",15
nso_8098_06749.fts,"(685, 311, 746, 371)",20
nso_8098_07146.fts,"(681, 314, 738, 367)",21
nso_8098_07543.fts,,
nso_8098_07940.fts,,
nso_8099_00397.fts,"(686, 317, 745, 375)",20
nso_8099_00794.fts,"(686, 313, 740, 369)",22
nso_8099_01191.fts,"(682, 310, 740, 363)",17
nso_8099_01588.fts,"(681, 306, 739, 361)",21
nso_8099_01985.fts,"(685, 308, 742, 363)",15
nso_8099_02382.fts,"(684, 309, 739, 364)",20
nso_8099_02779.fts,"(686, 310, 748, 361)",23
nso_8099_03176.fts,"(684, 303, 751, 359)",15
nso_8099_03573.fts,"(687, 314, 747, 365)",18
nso_8099_03970.fts,"(691, 315, 748, 365)",21
nso_8099_04367.fts,"(688, 313, 749, 363)",8
nso_8099_04764.fts,"(685, 310, 749, 367)",21
nso_8099_05161.fts,"(675, 271, 727, 312)",14
nso_8099_05558.fts,"(668, 267, 727, 320)",15
nso_8099_05955.fts,"(679, 270, 734, 318)",18
nso_8099_06352.fts,"(671, 265, 731, 319)",17
nso_8099_06749.fts,"(670, 257, 730, 314)",20
nso_8099_07146.fts,"(676, 259, 731, 311)",17
nso_8099_07543.fts,"(672, 257, 733, 317)",20
nso_8099_07940.fts,"(676, 250, 729, 306)",13
nso_8100_00397.fts,"(682, 268, 736, 323)",21
nso_8100_00794.fts,"(680, 268, 737, 317)",15
nso_8100_01191.fts,"(678, 136, 707, 249)",17
nso_8100_01588.fts,"(681, 266, 740, 319)",21
nso_8100_01985.fts,"(679, 264, 738, 320)",17
nso_8100_02382.fts,,
nso_8100_02779.fts,"(678, 266, 736, 319)",16
nso_8100_03176.fts,"(686, 315, 749, 374)",19
nso_8100_03573.fts,,
nso_8100_03970.fts,,
nso_8100_04367.fts,"(672, 263, 736, 319)",19
nso_8100_04764.fts,"(679, 266, 732, 321)",20
nso_8100_05161.fts,"(673, 264, 729, 321)",22
nso_8100_05558.fts,"(702, 144, 734, 236)",16
nso_8100_05955.fts,"(673, 260, 732, 313)",17
nso_8100_06352.fts,"(674, 264, 727, 313)",20
nso_8100_06749.fts,"(675, 262, 729, 316)",14
nso_8100_07146.fts,"(671, 271, 738, 329)",17
nso_8100_07543.fts,"(676, 260, 730, 314)",20
nso_8100_07940.fts,,
nso_8101_00396.fts,"(687, 313, 751, 371)",17
nso_8101_00792.fts,"(685, 322, 751, 375)",17
nso_8101_01188.fts,"(685, 261, 750, 316)",22
nso_8101_01584.fts,"(684, 316, 739, 370)",18
nso_8101_01980.fts,"(687, 306, 744, 364)",21
nso_8101_02376.fts,"(681, 327, 746, 375)",15
nso_8101_02772.fts,"(681, 317, 745, 369)",20
nso_8101_03168.fts,"(679, 301, 736, 349)",18
nso_8101_03564.fts,"(684, 330, 734, 383)",0
nso_8101_03960.fts,,
nso_8101_04356.fts,,
nso_8101_04752.fts,,
nso_8101_05148.fts,"(631, 305, 671, 360)",
nso_8101_05544.fts,"(631, 305, 671, 361)",
nso_8101_05940.fts,"(620, 320, 673, 397)",
nso_8101_06336.fts,"(612, 269, 635, 326)",
nso_8101_06732.fts,"(575, 271, 627, 321)",21
nso_8101_07128.fts,"(573, 312, 642, 366)",14
nso_8101_07524.fts,"(576, 329, 644, 385)",16
nso_8101_07920.fts,,
nso_8102_00396.fts,"(579, 327, 633, 376)",16
nso_8102_00792.fts,"(579, 332, 638, 383)",14
nso_8102_01188.fts,"(582, 327, 638, 379)",18
nso_8102_01584.fts,"(582, 324, 637, 372)",19
nso_8102_01980.fts,"(580, 329, 639, 379)",13
nso_8102_02376.fts,"(578, 331, 624, 381)",16
nso_8102_02772.fts,"(580, 333, 638, 376)",18
nso_8102_03168.fts,"(577, 326, 636, 387)",21
nso_8102_03564.fts,"(579, 329, 635, 381)",23
nso_8102_03960.fts,"(576, 334, 629, 382)",15
nso_8102_04356.fts,"(571, 323, 637, 378)",23
nso_8102_04752.fts,"(579, 328, 637, 376)",14
nso_8102_05148.fts,"(574, 326, 642, 374)",17
nso_8102_05544.fts,"(578, 329, 634, 385)",21
nso_8102_05940.fts,"(580, 329, 637, 383)",18
nso_8102_06336.fts,"(575, 326, 631, 376)",0
nso_8102_06732.fts,"(579, 341, 639, 398)",15
nso_8102_07128.fts,"(578, 350, 633, 393)",19
nso_8102_07524.fts,"(584, 336, 645, 390)",22
nso_8102_07920.fts,"(580, 288, 635, 334)",17
nso_8104_00401.fts,"(578, 342, 642, 390)",14
nso_8104_00802.fts,"(575, 401, 643, 456)",20
nso_8104_01203.fts,"(583, 336, 640, 383)",13
nso_8104_01604.fts,"(586, 334, 632, 385)",15
nso_8104_02005.fts,"(579, 329, 640, 386)",17
nso_8104_02406.fts,"(576, 331, 634, 382)",18
nso_8104_02807.fts,"(571, 342, 628, 393)",20
nso_8104_03208.fts,"(567, 338, 627, 388)",17
nso_8104_03609.fts,"(570, 332, 635, 390)",19
nso_8104_04010.fts,"(577, 333, 626, 384)",23
nso_8104_04411.fts,"(577, 329, 641, 379)",14
nso_8104_04812.fts,"(574, 335, 637, 387)",16
nso_8104_05213.fts,"(577, 329, 635, 386)",18
nso_8104_05614.fts,"(578, 334, 638, 385)",19
nso_8104_06015.fts,"(583, 335, 634, 385)",20
nso_8104_06416.fts,"(578, 337, 643, 393)",22
nso_8104_06817.fts,,
nso_8104_07218.fts,"(576, 346, 634, 394)",19
nso_8104_07619.fts,"(577, 334, 633, 388)",13
nso_8104_08020.fts,,
nso_8105_00399.fts,"(581, 293, 635, 356)",12
nso_8105_00798.fts,"(570, 334, 637, 383)",16
nso_8105_01197.fts,"(579, 305, 626, 357)",18
nso_8105_01596.fts,"(583, 330, 634, 378)",14
nso_8105_01995.fts,"(579, 331, 636, 382)",22
nso_8105_02394.fts,"(573, 332, 633, 393)",12
nso_8105_02793.fts,"(573, 325, 633, 383)",14
nso_8105_03192.fts,"(574, 331, 631, 382)",16
nso_8105_03591.fts,"(576, 328, 639, 377)",18
nso_8105_03990.fts,"(575, 328, 635, 383)",20
nso_8105_04389.fts,"(572, 326, 632, 380)",22
nso_8105_04788.fts,"(572, 322, 632, 376)",19
nso_8105_05187.fts,"(578, 337, 635, 389)",21
nso_8105_05586.fts,"(574, 330, 633, 379)",17
nso_8105_05985.fts,"(576, 332, 637, 377)",21
nso_8105_06384.fts,"(569, 327, 635, 384)",23
nso_8105_06783.fts,"(578, 335, 632, 384)",21
nso_8105_07182.fts,"(572, 307, 626, 360)",23
nso_8105_07581.fts,"(570, 313, 629, 366)",20
nso_8105_07980.fts,,
nso_8111_00119.fts,"(577, 337, 636, 389)",18
nso_8111_00238.fts,"(577, 335, 638, 385)",22
nso_8111_00357.fts,"(577, 408, 642, 464)",20
nso_8111_00476.fts,"(579, 328, 646, 379)",15
nso_8111_00595.fts,"(578, 310, 639, 369)",23
nso_8111_00714.fts,"(582, 335, 630, 379)",17
nso_8111_00833.fts,"(596, 339, 648, 384)",21
nso_8111_00952.fts,"(581, 331, 639, 382)",14
nso_8111_01071.fts,"(587, 325, 649, 382)",18
nso_8111_01190.fts,"(592, 338, 640, 385)",22
nso_8111_01309.fts,"(579, 336, 639, 388)",15
nso_8111_01428.fts,"(590, 331, 643, 386)",19
nso_8111_01547.fts,"(578, 318, 638, 374)",23
nso_8111_01666.fts,"(585, 342, 637, 383)",17
nso_8111_01785.fts,"(589, 336, 646, 384)",21
nso_8111_01904.fts,"(586, 345, 639, 392)",14
nso_8111_02023.fts,"(586, 340, 643, 386)",18
nso_8111_02142.fts,"(586, 337, 642, 391)",22
nso_8111_02261.fts,"(584, 343, 642, 393)",16
