ID,minute,minute_lable
nso_0233_00786.fts,"(699, 374, 752, 441)",53
nso_0233_01572.fts,"(701, 383, 750, 444)",21
nso_0233_02359.fts,"(702, 384, 755, 458)",56
nso_0233_03145.fts,"(700, 382, 752, 452)",29
nso_0233_03931.fts,"(694, 384, 753, 451)",07
nso_0233_04723.fts,"(697, 376, 754, 453)",00
nso_0233_05509.fts,"(698, 374, 750, 441)",48
nso_0233_06295.fts,"(698, 376, 753, 444)",23
nso_0233_07081.fts,"(699, 434, 753, 498)",35
nso_0233_07867.fts,"(703, 376, 751, 443)",35
nso_0233_08653.fts,"(701, 381, 751, 451)",20
nso_0233_09439.fts,"(699, 385, 753, 451)",29
nso_0233_10225.fts,"(698, 387, 753, 456)",06
nso_0233_11011.fts,"(701, 377, 748, 451)",46
nso_0233_11797.fts,"(694, 376, 753, 450)",22
nso_0233_12583.fts,"(699, 375, 752, 445)",54
nso_0233_13369.fts,"(698, 385, 752, 454)",32
nso_0233_14155.fts,"(697, 378, 750, 448)",04
nso_0233_14941.fts,"(702, 376, 744, 448)",46
nso_0233_15727.fts,"(702, 375, 750, 443)",13
nso_0234_00760.fts,"(700, 384, 751, 454)",49
nso_0234_01520.fts,"(704, 382, 752, 449)",21
nso_0234_02280.fts,"(704, 379, 748, 444)",31
nso_0234_03040.fts,"(697, 383, 751, 458)",12
nso_0234_03800.fts,"(703, 385, 746, 448)",41
nso_0234_04560.fts,"(700, 382, 748, 456)",08
nso_0234_05320.fts,"(702, 384, 746, 450)",40
nso_0234_06080.fts,"(703, 375, 752, 446)",59
nso_0234_06840.fts,"(696, 383, 751, 456)",26
nso_0234_07600.fts,"(699, 376, 752, 451)",03
nso_0234_08360.fts,"(700, 385, 752, 448)",35
nso_0234_09120.fts,"(697, 389, 750, 455)",08
nso_0234_09880.fts,"(700, 385, 747, 458)",27
nso_0234_10640.fts,"(700, 386, 751, 454)",02
nso_0234_11400.fts,"(698, 383, 759, 457)",23
nso_0234_12160.fts,"(705, 387, 749, 460)",42
nso_0234_12920.fts,"(698, 384, 749, 453)",09
nso_0234_13680.fts,"(704, 386, 755, 454)",50
nso_0234_14440.fts,"(695, 383, 756, 455)",36
nso_0234_15200.fts,,
nso_0235_00773.fts,"(699, 397, 752, 466)",12
nso_0235_01546.fts,"(699, 389, 748, 458)",34
nso_0235_02319.fts,"(701, 393, 754, 458)",21
nso_0235_03092.fts,"(694, 381, 758, 458)",54
nso_0235_03865.fts,"(699, 386, 756, 459)",32
nso_0235_04638.fts,"(703, 392, 755, 467)",02
nso_0235_05411.fts,"(706, 388, 751, 460)",46
nso_0235_06184.fts,"(698, 391, 756, 458)",13
nso_0235_06957.fts,"(707, 392, 754, 457)",52
nso_0235_07730.fts,"(702, 384, 754, 457)",25
nso_0235_08503.fts,"(701, 382, 755, 451)",00
nso_0235_09276.fts,"(697, 386, 753, 459)",35
nso_0235_10049.fts,"(698, 383, 749, 453)",01
nso_0235_10822.fts,"(702, 372, 756, 448)",53
nso_0235_11595.fts,"(696, 386, 752, 454)",25
nso_0235_12368.fts,"(697, 379, 751, 452)",29
nso_0235_13141.fts,"(700, 387, 749, 460)",03
nso_0235_13914.fts,"(697, 379, 754, 447)",51
nso_0235_14687.fts,"(697, 380, 749, 451)",31
nso_0235_15460.fts,"(699, 380, 757, 447)",22
nso_0236_00888.fts,"(698, 389, 750, 459)",02
nso_0236_01776.fts,"(698, 387, 755, 464)",35
nso_0236_02664.fts,,35
nso_0236_03552.fts,"(706, 389, 751, 458)",40
nso_0236_04440.fts,"(702, 393, 757, 459)",14
nso_0236_05328.fts,"(702, 386, 753, 450)",12
nso_0236_06216.fts,"(704, 390, 757, 456)",07
nso_0236_07104.fts,"(697, 389, 754, 465)",15
nso_0236_07992.fts,"(698, 386, 752, 459)",39
nso_0236_08880.fts,"(698, 378, 750, 451)",25
nso_0236_09771.fts,"(698, 385, 755, 451)",21
nso_0236_10659.fts,"(696, 388, 751, 457)",51
nso_0236_11547.fts,"(699, 392, 755, 460)",54
nso_0236_12435.fts,"(705, 388, 754, 462)",42
nso_0236_13323.fts,"(699, 392, 753, 464)",38
nso_0236_14211.fts,"(702, 384, 751, 452)",27
nso_0236_15099.fts,"(698, 387, 753, 457)",26
nso_0236_15987.fts,"(702, 379, 751, 451)",28
nso_0236_16875.fts,"(701, 385, 752, 452)",28
nso_0236_17763.fts,"(703, 380, 750, 441)",57
nso_0237_00761.fts,"(697, 379, 756, 446)",26
nso_0237_01522.fts,"(699, 386, 753, 456)",58
nso_0237_02283.fts,"(700, 381, 755, 450)",32
nso_0237_03044.fts,"(702, 390, 757, 453)",13
nso_0237_03805.fts,"(704, 398, 750, 466)",18
nso_0237_04566.fts,"(702, 382, 751, 448)",36
nso_0237_05327.fts,"(698, 391, 754, 462)",20
nso_0237_06088.fts,"(701, 399, 753, 463)",16
nso_0237_06849.fts,"(703, 392, 752, 461)",49
nso_0237_07610.fts,"(698, 393, 756, 461)",12
nso_0237_08371.fts,"(707, 387, 758, 455)",41
nso_0237_09132.fts,"(702, 390, 757, 455)",38
nso_0237_09893.fts,"(703, 387, 759, 452)",31
nso_0237_10654.fts,"(699, 390, 755, 457)",25
nso_0237_11415.fts,"(696, 384, 753, 455)",54
nso_0237_12176.fts,"(703, 396, 756, 463)",26
nso_0237_12937.fts,"(703, 390, 753, 458)",58
nso_0237_13698.fts,"(701, 391, 751, 457)",19
nso_0237_14459.fts,"(702, 385, 757, 456)",56
nso_0237_15220.fts,"(705, 388, 759, 458)",27
nso_0238_00950.fts,"(702, 391, 756, 452)",02
nso_0238_01900.fts,"(699, 376, 754, 438)",16
nso_0238_02850.fts,"(703, 373, 752, 445)",25
nso_0238_03800.fts,"(706, 389, 755, 454)",30
nso_0238_04750.fts,"(700, 369, 754, 438)",56
nso_0238_05700.fts,"(702, 378, 755, 444)",36
nso_0238_06650.fts,"(704, 388, 756, 454)",00
nso_0238_07600.fts,"(699, 389, 749, 454)",08
nso_0238_08550.fts,"(698, 389, 753, 454)",34
nso_0238_09500.fts,"(702, 390, 752, 453)",14
nso_0238_10450.fts,"(709, 392, 747, 455)",10
nso_0238_11400.fts,"(702, 394, 754, 455)",15
nso_0238_12350.fts,"(701, 395, 748, 461)",10
nso_0238_13300.fts,"(695, 388, 755, 451)",31
nso_0238_14250.fts,"(700, 382, 756, 453)",56
nso_0238_15200.fts,"(702, 399, 760, 469)",50
nso_0238_16150.fts,"(699, 392, 757, 455)",16
nso_0238_17100.fts,"(696, 387, 760, 456)",23
nso_0238_18050.fts,"(700, 386, 754, 453)",04
nso_0239_00836.fts,"(702, 393, 750, 461)",55
nso_0239_01672.fts,"(700, 389, 752, 456)",30
nso_0239_02508.fts,"(697, 391, 757, 452)",32
nso_0239_03344.fts,"(700, 392, 757, 458)",02
nso_0239_04180.fts,"(704, 393, 751, 456)",40
nso_0239_05016.fts,"(707, 388, 755, 445)",51
nso_0239_05852.fts,"(700, 384, 750, 448)",14
nso_0239_06688.fts,"(702, 390, 755, 463)",30
nso_0239_07524.fts,"(700, 396, 749, 462)",25
nso_0239_08360.fts,"(705, 388, 756, 452)",03
nso_0239_09196.fts,"(699, 396, 748, 461)",06
nso_0239_10032.fts,"(704, 387, 752, 455)",40
nso_0239_10868.fts,"(699, 387, 753, 460)",26
nso_0239_11704.fts,"(698, 390, 752, 457)",13
nso_0239_12540.fts,"(698, 382, 754, 453)",42
nso_0239_13376.fts,"(697, 395, 748, 459)",27
nso_0239_14212.fts,"(698, 389, 751, 453)",03
nso_0239_15048.fts,"(697, 386, 749, 456)",54
nso_0239_15884.fts,"(699, 392, 744, 455)",16
nso_0239_16720.fts,"(701, 377, 756, 449)",50
nso_0240_00903.fts,"(694, 387, 753, 455)",56
nso_0240_01806.fts,"(702, 378, 743, 451)",55
nso_0240_02709.fts,"(702, 388, 750, 448)",01
nso_0240_03612.fts,"(695, 382, 750, 456)",55
nso_0240_04515.fts,"(702, 383, 747, 455)",46
nso_0240_05418.fts,"(699, 386, 745, 459)",47
nso_0240_06321.fts,"(697, 392, 747, 455)",50
nso_0240_07224.fts,"(701, 389, 746, 460)",40
nso_0240_08127.fts,"(701, 394, 746, 467)",40
nso_0240_09030.fts,"(702, 386, 748, 451)",00
nso_0240_09933.fts,"(699, 386, 753, 459)",35
nso_0240_10836.fts,"(701, 382, 748, 452)",29
nso_0240_11739.fts,"(702, 390, 746, 453)",19
nso_0240_12642.fts,"(701, 382, 747, 454)",45
nso_0240_13545.fts,"(697, 398, 748, 459)",15
nso_0240_14448.fts,"(699, 398, 745, 461)",15
nso_0240_15351.fts,"(698, 392, 745, 459)",27
nso_0240_16254.fts,"(703, 166, 746, 231)",37
nso_0240_17157.fts,"(701, 380, 751, 450)",42
nso_0240_18060.fts,,34
nso_0241_00933.fts,"(700, 391, 747, 458)",30
nso_0241_01867.fts,"(702, 395, 748, 459)",00
nso_0241_02800.fts,"(700, 399, 747, 462)",16
nso_0241_03733.fts,"(698, 383, 748, 453)",25
nso_0241_04666.fts,"(702, 390, 749, 458)",30
nso_0241_05599.fts,"(703, 390, 744, 460)",56
nso_0241_06532.fts,"(712, 392, 763, 459)",33
nso_0241_07465.fts,"(693, 385, 741, 453)",25
nso_0241_08398.fts,"(705, 369, 748, 438)",50
nso_0241_09331.fts,"(704, 395, 748, 456)",10
nso_0241_10264.fts,"(706, 391, 761, 456)",38
nso_0241_11197.fts,"(707, 394, 760, 470)",59
nso_0241_12130.fts,"(710, 394, 759, 465)",34
nso_0241_13063.fts,"(710, 395, 760, 461)",52
nso_0241_13996.fts,"(708, 397, 759, 463)",15
nso_0241_14929.fts,"(706, 392, 757, 462)",05
nso_0241_15862.fts,"(709, 398, 753, 465)",25
nso_0241_16795.fts,"(713, 399, 758, 467)",45
nso_0241_17728.fts,"(705, 386, 752, 461)",42
nso_0241_18661.fts,,42
nso_0242_00949.fts,"(699, 393, 750, 463)",30
nso_0242_01898.fts,"(703, 392, 755, 460)",20
nso_0242_02847.fts,"(700, 392, 755, 458)",20
nso_0242_03798.fts,"(697, 393, 752, 468)",22
nso_0242_04747.fts,"(700, 389, 747, 456)",08
nso_0242_05696.fts,"(702, 392, 758, 462)",12
nso_0242_06645.fts,"(698, 377, 746, 448)",35
nso_0242_07594.fts,"(698, 391, 753, 462)",59
nso_0242_08543.fts,"(700, 393, 748, 461)",59
nso_0242_09492.fts,,
nso_0242_10441.fts,"(698, 388, 743, 455)",24
nso_0242_11390.fts,"(703, 383, 752, 450)",05
nso_0242_12339.fts,"(700, 385, 753, 449)",10
nso_0242_13288.fts,"(699, 378, 746, 451)",34
nso_0242_14237.fts,"(698, 389, 746, 456)",35
nso_0242_15186.fts,"(703, 383, 746, 454)",45
nso_0242_16135.fts,"(700, 379, 744, 449)",30
nso_0242_17087.fts,"(695, 395, 748, 463)",55
nso_0242_18036.fts,"(700, 376, 746, 443)",00
nso_0242_18985.fts,,
nso_0243_00810.fts,"(701, 382, 748, 446)",25
nso_0243_01620.fts,"(701, 383, 743, 449)",10
nso_0243_02430.fts,"(702, 388, 745, 457)",45
nso_0243_03240.fts,"(704, 391, 749, 450)",11
nso_0243_04050.fts,"(696, 386, 742, 455)",40
nso_0243_04860.fts,"(706, 389, 750, 456)",33
nso_0243_05670.fts,"(701, 394, 752, 461)",56
nso_0243_06480.fts,"(705, 388, 742, 461)",40
nso_0243_07290.fts,"(703, 386, 747, 457)",00
nso_0243_08100.fts,"(700, 392, 743, 460)",30
nso_0243_08910.fts,,
nso_0243_09720.fts,,
nso_0243_10530.fts,"(699, 394, 749, 466)",59
nso_0243_11340.fts,"(698, 378, 743, 452)",27
nso_0243_12150.fts,"(702, 390, 746, 457)",05
nso_0243_12960.fts,"(701, 392, 749, 460)",46
nso_0243_13770.fts,"(706, 386, 748, 456)",15
nso_0243_14580.fts,"(699, 383, 747, 448)",50
nso_0243_15390.fts,"(695, 380, 746, 453)",32
nso_0243_16200.fts,"(698, 388, 747, 457)",24
nso_0244_00754.fts,"(702, 393, 751, 458)",16
nso_0244_01508.fts,"(699, 385, 745, 451)",47
nso_0244_02262.fts,"(700, 390, 747, 454)",40
nso_0244_03016.fts,"(696, 391, 741, 448)",18
nso_0244_03770.fts,"(701, 373, 750, 450)",48
nso_0244_04524.fts,"(703, 387, 747, 458)",28
nso_0244_05278.fts,"(693, 317, 741, 387)",20
nso_0244_06032.fts,"(694, 386, 736, 449)",51
nso_0244_06786.fts,"(698, 384, 741, 449)",22
nso_0244_07541.fts,"(703, 454, 746, 524)",54
nso_0244_08295.fts,"(698, 387, 745, 454)",52
nso_0244_09050.fts,"(702, 383, 749, 448)",17
nso_0244_09804.fts,"(699, 386, 747, 459)",52
nso_0244_10558.fts,"(699, 390, 746, 455)",01
nso_0244_11312.fts,"(696, 384, 750, 455)",03
nso_0244_12066.fts,"(700, 384, 745, 454)",32
nso_0244_12820.fts,"(702, 386, 749, 452)",04
nso_0244_13574.fts,"(697, 387, 744, 462)",33
nso_0244_14329.fts,"(699, 392, 745, 453)",13
nso_0244_15083.fts,"(702, 392, 748, 456)",38
nso_0245_00751.fts,"(702, 438, 743, 504)",35
nso_0245_01502.fts,"(702, 382, 746, 450)",12
nso_0245_02253.fts,"(699, 398, 741, 464)",16
nso_0245_03004.fts,"(705, 389, 750, 458)",47
nso_0245_03755.fts,"(698, 387, 744, 455)",38
nso_0245_04506.fts,"(700, 390, 752, 451)",11
nso_0245_05257.fts,"(696, 387, 752, 453)",54
nso_0245_06008.fts,"(703, 388, 747, 452)",51
nso_0245_06759.fts,"(697, 363, 750, 434)",36
nso_0245_07510.fts,"(698, 384, 749, 450)",02
nso_0245_08261.fts,"(700, 389, 748, 459)",39
nso_0245_09012.fts,"(700, 381, 746, 447)",09
nso_0245_09763.fts,"(705, 384, 745, 455)",33
nso_0245_10514.fts,"(703, 378, 748, 453)",06
nso_0245_11265.fts,"(702, 377, 753, 451)",37
nso_0245_12016.fts,"(700, 387, 756, 456)",24
nso_0245_12767.fts,"(699, 385, 747, 454)",58
nso_0245_13518.fts,"(698, 390, 746, 461)",28
nso_0245_14269.fts,"(703, 378, 746, 449)",58
nso_0245_15020.fts,"(700, 381, 750, 453)",50
nso_0246_00798.fts,"(699, 392, 747, 460)",08
nso_0246_01596.fts,"(703, 397, 743, 457)",17
nso_0246_02394.fts,"(697, 389, 752, 463)",56
nso_0246_03192.fts,"(704, 387, 745, 454)",35
nso_0246_03990.fts,"(697, 368, 745, 440)",34
nso_0246_04788.fts,"(699, 385, 748, 456)",04
nso_0246_05586.fts,"(701, 380, 750, 455)",37
nso_0246_06384.fts,"(697, 384, 751, 456)",36
nso_0246_07182.fts,"(701, 388, 746, 458)",-
nso_0246_07980.fts,"(701, 384, 744, 456)",34
nso_0246_08778.fts,"(699, 387, 747, 458)",23
nso_0246_09576.fts,"(698, 391, 749, 460)",55
nso_0246_10374.fts,"(706, 390, 743, 460)",46
nso_0246_11172.fts,"(703, 381, 750, 449)",20
nso_0246_11970.fts,"(705, 378, 751, 445)",02
nso_0246_12768.fts,"(698, 385, 747, 462)",05
nso_0246_13566.fts,"(699, 383, 753, 460)",35
nso_0246_14364.fts,"(701, 378, 751, 452)",05
nso_0246_15162.fts,"(694, 383, 748, 452)",12
nso_0246_15960.fts,"(709, 323, 762, 396)",40
nso_0247_00880.fts,"(708, 384, 750, 452)",40
nso_0247_01760.fts,"(707, 392, 760, 459)",10
nso_0247_02640.fts,"(710, 426, 754, 490)",27
nso_0247_03520.fts,"(711, 415, 760, 474)",14
nso_0247_04400.fts,"(710, 401, 760, 472)",42
nso_0247_05280.fts,"(710, 397, 757, 470)",05
nso_0247_06160.fts,"(707, 398, 753, 476)",04
nso_0247_07040.fts,"(709, 405, 761, 470)",05
nso_0247_07920.fts,"(712, 410, 756, 473)",11
nso_0247_08800.fts,"(710, 399, 759, 472)",50
nso_0247_09680.fts,"(709, 403, 760, 474)",20
nso_0247_10560.fts,"(703, 402, 748, 466)",10
nso_0247_11440.fts,"(710, 421, 750, 492)",05
nso_0247_12320.fts,"(711, 393, 758, 462)",30
nso_0247_13200.fts,"(707, 403, 753, 469)",36
nso_0247_14080.fts,"(710, 400, 758, 460)",10
nso_0247_14960.fts,"(699, 405, 753, 477)",19
nso_0247_15840.fts,"(698, 395, 747, 466)",08
nso_0247_16720.fts,"(701, 400, 750, 471)",47
nso_0247_17600.fts,,
nso_0248_00916.fts,"(700, 404, 748, 465)",11
nso_0248_01832.fts,"(700, 394, 749, 467)",49
nso_0248_02748.fts,"(702, 390, 750, 468)",47
nso_0248_03664.fts,"(700, 391, 750, 466)",35
nso_0248_04580.fts,"(704, 402, 749, 468)",47
nso_0248_05496.fts,"(703, 386, 750, 465)",50
nso_0248_06412.fts,"(701, 406, 743, 475)",43
nso_0248_07328.fts,"(700, 402, 745, 475)",45
nso_0248_08244.fts,"(716, 397, 760, 469)",30
nso_0248_09160.fts,"(711, 402, 759, 472)",52
nso_0248_10076.fts,"(711, 396, 760, 468)",24
nso_0248_10992.fts,"(714, 399, 758, 466)",38
nso_0248_11908.fts,"(711, 391, 764, 464)",30
nso_0248_12824.fts,"(712, 389, 759, 468)",05
nso_0248_13740.fts,"(712, 391, 760, 469)",36
nso_0248_14656.fts,"(714, 402, 759, 472)",24
nso_0248_15572.fts,"(709, 372, 761, 449)",33
nso_0248_16488.fts,"(717, 389, 758, 459)",50
nso_0248_17404.fts,"(719, 394, 759, 469)",47
nso_0248_18320.fts,"(715, 392, 758, 462)",45
nso_0249_00869.fts,"(711, 395, 760, 469)",20
nso_0249_01738.fts,"(713, 399, 755, 468)",25
nso_0249_02607.fts,"(713, 395, 757, 462)",10
nso_0249_03476.fts,"(712, 393, 753, 467)",05
nso_0249_04345.fts,"(709, 398, 752, 472)",00
nso_0249_05214.fts,"(703, 393, 745, 464)",35
nso_0249_06083.fts,"(699, 397, 743, 463)",30
nso_0249_06952.fts,"(690, 400, 741, 470)",00
nso_0249_07821.fts,"(699, 390, 750, 460)",30
nso_0249_08690.fts,"(695, 399, 741, 468)",07
nso_0249_09559.fts,"(700, 396, 749, 471)",35
nso_0249_10428.fts,"(701, 392, 748, 471)",07
nso_0249_11297.fts,"(701, 406, 749, 470)",16
nso_0249_12166.fts,"(698, 396, 753, 469)",50
nso_0249_13035.fts,"(702, 400, 745, 469)",33
nso_0249_13904.fts,"(700, 396, 748, 465)",45
nso_0249_14773.fts,"(704, 392, 753, 468)",35
nso_0249_15642.fts,"(702, 402, 749, 470)",32
nso_0249_16511.fts,"(706, 384, 750, 456)",00
nso_0249_17380.fts,"(700, 388, 748, 463)",25
nso_0250_01087.fts,"(701, 401, 745, 473)",19
nso_0250_02174.fts,"(704, 405, 754, 469)",10
nso_0250_03261.fts,"(700, 379, 744, 452)",25
nso_0250_04348.fts,"(695, 404, 746, 469)",12
nso_0250_05435.fts,"(701, 377, 750, 452)",35
nso_0250_06522.fts,"(700, 390, 753, 456)",11
nso_0250_07609.fts,"(703, 391, 754, 463)",58
nso_0250_08696.fts,"(699, 388, 748, 461)",30
nso_0250_09783.fts,"(698, 395, 751, 463)",04
nso_0250_10870.fts,"(703, 389, 750, 455)",20
nso_0250_11957.fts,"(695, 401, 744, 465)",19
nso_0250_13044.fts,"(698, 400, 743, 472)",55
nso_0250_14131.fts,"(695, 396, 747, 468)",40
nso_0250_15218.fts,"(696, 396, 749, 467)",54
nso_0250_16305.fts,"(704, 397, 749, 465)",15
nso_0250_17392.fts,"(701, 397, 747, 470)",40
nso_0250_18479.fts,"(701, 387, 754, 459)",20
nso_0250_19566.fts,"(703, 386, 755, 458)",49
nso_0250_20653.fts,"(703, 382, 752, 450)",31
nso_0250_21740.fts,"(702, 388, 751, 456)",36
nso_0251_00979.fts,"(705, 396, 755, 469)",54
nso_0251_01958.fts,"(699, 399, 756, 466)",10
nso_0251_02937.fts,"(701, 398, 746, 467)",45
nso_0251_03916.fts,"(703, 404, 750, 462)",11
nso_0251_04895.fts,"(698, 399, 752, 480)",10
nso_0251_05874.fts,"(688, 393, 743, 461)",05
nso_0251_06853.fts,"(703, 402, 753, 468)",05
nso_0251_07832.fts,"(698, 392, 745, 460)",50
nso_0251_08811.fts,"(704, 389, 748, 468)",30
nso_0251_09790.fts,"(703, 391, 748, 468)",27
nso_0251_10769.fts,"(719, 390, 762, 461)",03
nso_0251_11748.fts,"(713, 378, 761, 452)",42
nso_0251_12727.fts,"(706, 396, 756, 461)",40
nso_0251_13706.fts,"(698, 385, 746, 456)",54
nso_0251_14685.fts,"(688, 390, 738, 461)",00
nso_0251_15664.fts,"(702, 386, 744, 459)",46
nso_0251_16643.fts,"(704, 394, 753, 461)",40
nso_0251_17622.fts,"(706, 391, 748, 461)",17
nso_0251_18601.fts,"(703, 388, 749, 463)",05
nso_0251_19580.fts,"(704, 381, 752, 456)",24
nso_0252_00818.fts,"(691, 370, 745, 446)",49
nso_0252_01636.fts,"(705, 396, 754, 464)",50
nso_0252_02454.fts,"(685, 389, 732, 455)",59
nso_0252_03272.fts,"(702, 399, 750, 469)",05
nso_0252_04090.fts,"(699, 209, 749, 273)",54
nso_0252_04908.fts,"(704, 393, 749, 457)",15
nso_0252_05726.fts,"(672, 370, 723, 436)",17
nso_0252_06544.fts,"(691, 377, 738, 440)",44
nso_0252_07362.fts,"(685, 361, 732, 434)",05
nso_0252_08180.fts,"(676, 367, 727, 438)",35
nso_0252_08998.fts,"(696, 367, 744, 439)",55
nso_0252_09816.fts,"(704, 374, 752, 449)",56
nso_0252_10634.fts,"(701, 373, 751, 448)",30
nso_0252_11452.fts,"(700, 375, 740, 444)",54
nso_0252_12270.fts,"(699, 382, 740, 444)",17
nso_0252_13088.fts,"(694, 372, 739, 441)",25
nso_0252_13906.fts,"(703, 372, 743, 448)",50
nso_0252_14724.fts,"(696, 372, 746, 442)",46
nso_0252_15542.fts,"(693, 377, 743, 449)",00
nso_0252_16360.fts,,
nso_0253_00879.fts,"(698, 380, 749, 450)",13
nso_0253_01758.fts,"(697, 385, 753, 456)",40
nso_0253_02637.fts,"(699, 387, 748, 449)",16
nso_0253_03516.fts,"(700, 388, 753, 459)",54
nso_0253_04395.fts,"(714, 389, 759, 457)",33
nso_0253_05274.fts,"(703, 388, 748, 456)",00
nso_0253_06153.fts,"(680, 376, 730, 444)",09
nso_0253_07032.fts,"(697, 371, 744, 437)",15
nso_0253_07911.fts,"(701, 376, 746, 440)",25
nso_0253_08790.fts,"(701, 389, 741, 455)",05
nso_0253_09669.fts,"(702, 402, 749, 476)",34
nso_0253_10548.fts,"(708, 416, 756, 481)",51
nso_0253_11427.fts,"(715, 414, 760, 483)",39
nso_0253_12306.fts,"(715, 405, 761, 475)",38
nso_0253_13185.fts,"(716, 402, 760, 465)",10
nso_0253_14064.fts,"(711, 392, 758, 463)",25
nso_0253_14943.fts,"(720, 400, 764, 476)",25
nso_0253_15822.fts,"(701, 394, 753, 463)",44
nso_0253_16701.fts,"(706, 392, 755, 464)",54
nso_0253_17580.fts,"(705, 384, 754, 455)",34
nso_0254_00700.fts,,
nso_0254_01400.fts,,
nso_0254_02100.fts,,
nso_0254_02800.fts,"(710, 401, 757, 466)",28
nso_0254_03500.fts,"(709, 542, 759, 601)",18
nso_0254_04200.fts,"(709, 384, 755, 456)",35
nso_0254_04900.fts,"(711, 385, 757, 458)",
nso_0254_05600.fts,"(708, 394, 760, 467)",52
nso_0254_06300.fts,"(708, 393, 759, 469)",24
nso_0254_07000.fts,"(711, 399, 757, 469)",40
nso_0254_07700.fts,"(711, 402, 755, 473)",25
nso_0254_08400.fts,"(715, 390, 757, 459)",
nso_0254_09100.fts,"(710, 398, 754, 459)",13
nso_0254_09800.fts,"(712, 396, 759, 465)",02
nso_0254_10500.fts,"(713, 400, 756, 457)",11
nso_0254_11200.fts,"(710, 393, 759, 466)",55
nso_0254_11900.fts,"(712, 394, 759, 464)",22
nso_0254_12600.fts,"(714, 199, 756, 270)",05
nso_0254_13300.fts,"(713, 400, 759, 467)",05
nso_0254_14000.fts,"(713, 401, 757, 473)",44
nso_0255_01025.fts,"(711, 409, 757, 474)",01
nso_0255_02050.fts,"(711, 415, 755, 473)",11
nso_0255_03075.fts,"(712, 404, 757, 474)",
nso_0255_04100.fts,"(713, 409, 753, 477)",43
nso_0255_05125.fts,"(713, 406, 756, 476)",05
nso_0255_06150.fts,"(713, 404, 761, 471)",11
nso_0255_07175.fts,"(709, 408, 754, 484)",22
nso_0255_08200.fts,"(713, 412, 759, 480)",04
nso_0255_09225.fts,"(715, 399, 756, 467)",40
nso_0255_10250.fts,"(710, 397, 757, 467)",35
nso_0255_11275.fts,"(708, 398, 753, 469)",54
nso_0255_12300.fts,"(701, 408, 751, 478)",23
nso_0255_13325.fts,"(708, 416, 748, 481)",27
nso_0255_14350.fts,"(707, 421, 756, 489)",10
nso_0255_15376.fts,"(707, 413, 752, 486)",04
nso_0255_16401.fts,"(708, 413, 753, 481)",26
nso_0255_17426.fts,"(706, 408, 751, 475)",45
nso_0255_18451.fts,"(706, 409, 749, 477)",03
nso_0255_19476.fts,"(709, 407, 756, 478)",27
nso_0255_20501.fts,"(708, 407, 752, 474)",45
nso_0256_01054.fts,"(705, 423, 751, 480)",16
nso_0256_02108.fts,"(710, 418, 748, 484)",46
nso_0256_03162.fts,"(708, 418, 754, 488)",00
nso_0256_04216.fts,"(708, 405, 749, 477)",20
nso_0256_05270.fts,"(705, 410, 749, 481)",55
nso_0256_06324.fts,"(706, 413, 748, 484)",45
nso_0256_07378.fts,"(705, 412, 752, 476)",37
nso_0256_08432.fts,"(702, 406, 746, 477)",20
nso_0256_09486.fts,"(707, 411, 749, 483)",43
nso_0256_10540.fts,"(707, 410, 751, 475)",10
nso_0256_11594.fts,"(703, 416, 748, 482)",02
nso_0256_12648.fts,"(706, 410, 753, 480)",05
nso_0256_13702.fts,"(708, 405, 749, 473)",45
nso_0256_14756.fts,"(707, 414, 754, 481)",47
nso_0256_15810.fts,"(706, 413, 750, 482)",42
nso_0256_16864.fts,"(701, 409, 751, 474)",54
nso_0256_17918.fts,"(706, 407, 747, 473)",48
nso_0256_18972.fts,"(706, 411, 748, 480)",43
nso_0256_20026.fts,"(709, 397, 746, 470)",44
nso_0256_21080.fts,"(706, 398, 757, 467)",25
nso_0257_01063.fts,"(699, 413, 748, 481)",02
nso_0257_02126.fts,"(701, 394, 754, 466)",15
nso_0257_03189.fts,"(706, 398, 752, 467)",42
nso_0257_04252.fts,"(701, 397, 749, 464)",20
nso_0257_05315.fts,"(702, 401, 753, 471)",25
nso_0257_06378.fts,"(700, 404, 750, 476)",04
nso_0257_07441.fts,"(702, 401, 750, 471)",00
nso_0257_08504.fts,"(699, 398, 746, 462)",51
nso_0257_09567.fts,"(705, 399, 748, 465)",56
nso_0257_10630.fts,"(698, 406, 749, 464)",18
nso_0257_11693.fts,"(703, 393, 745, 476)",45
nso_0257_12756.fts,"(704, 390, 754, 464)",40
nso_0257_13819.fts,"(701, 400, 747, 468)",15
nso_0257_14883.fts,"(700, 397, 753, 473)",09
nso_0257_15946.fts,"(703, 386, 752, 464)",30
nso_0257_17009.fts,"(701, 396, 752, 471)",37
nso_0257_18072.fts,"(696, 412, 748, 480)",10
nso_0257_19135.fts,"(700, 416, 745, 481)",15
nso_0257_20198.fts,"(701, 385, 753, 466)",50
nso_0257_21261.fts,,
nso_0258_01084.fts,"(693, 397, 748, 470)",10
nso_0258_02168.fts,"(701, 397, 746, 467)",40
nso_0258_03252.fts,"(701, 398, 751, 473)",33
nso_0258_04336.fts,"(704, 405, 745, 475)",26
nso_0258_05422.fts,"(709, 394, 751, 469)",45
nso_0258_06506.fts,"(699, 397, 755, 473)",00
nso_0258_07590.fts,"(706, 399, 749, 466)",05
nso_0258_08674.fts,"(698, 392, 749, 465)",50
nso_0258_09758.fts,"(706, 389, 746, 462)",05
nso_0258_10842.fts,"(701, 392, 745, 458)",21
nso_0258_11926.fts,"(695, 394, 745, 461)",20
nso_0258_13010.fts,"(700, 391, 744, 467)",00
nso_0258_14094.fts,"(704, 401, 748, 475)",49
nso_0258_15178.fts,"(689, 392, 737, 463)",34
nso_0258_16262.fts,"(700, 396, 746, 465)",09
nso_0258_17346.fts,"(701, 392, 747, 458)",25
nso_0258_18430.fts,"(701, 393, 746, 464)",55
nso_0258_19514.fts,"(703, 397, 749, 463)",00
nso_0258_20598.fts,"(700, 409, 747, 475)",01
nso_0258_21682.fts,,
nso_0259_01076.fts,"(704, 392, 748, 458)",03
nso_0259_02152.fts,"(701, 395, 752, 463)",07
nso_0259_03228.fts,"(700, 378, 748, 453)",40
nso_0259_04304.fts,"(705, 391, 750, 461)",00
nso_0259_05380.fts,"(702, 393, 751, 453)",
nso_0259_06456.fts,"(700, 393, 749, 458)",48
nso_0259_07532.fts,"(698, 397, 748, 469)",34
nso_0259_08608.fts,"(700, 394, 744, 461)",
nso_0259_09684.fts,"(701, 387, 754, 457)",
nso_0259_10760.fts,"(700, 396, 749, 466)",17
nso_0259_11836.fts,"(695, 387, 748, 461)",55
nso_0259_12912.fts,"(701, 388, 752, 456)",50
nso_0259_13988.fts,"(698, 384, 744, 454)",20
nso_0259_15064.fts,"(695, 383, 755, 457)",55
nso_0259_16140.fts,"(696, 392, 752, 466)",36
nso_0259_17216.fts,"(697, 386, 751, 458)",
nso_0259_18292.fts,"(698, 380, 746, 456)",05
nso_0259_19368.fts,"(697, 376, 751, 446)",22
nso_0259_20444.fts,"(700, 404, 744, 472)",54
nso_0259_21520.fts,"(698, 383, 744, 451)",17
nso_0260_00972.fts,"(695, 389, 740, 452)",17
nso_0260_01942.fts,"(695, 381, 745, 455)",34
nso_0260_02912.fts,"(702, 384, 750, 460)",23
nso_0260_03883.fts,"(687, 383, 738, 457)",
nso_0260_04853.fts,"(693, 221, 745, 281)",54
nso_0260_05823.fts,"(701, 379, 748, 454)",
nso_0260_06793.fts,"(695, 380, 752, 441)",-
nso_0260_07763.fts,"(698, 382, 748, 453)",13
nso_0260_08733.fts,"(696, 371, 746, 446)",26
nso_0260_09703.fts,"(701, 386, 750, 451)",15
nso_0260_10673.fts,"(701, 375, 749, 448)",-
nso_0260_11643.fts,"(697, 383, 746, 459)",03
nso_0260_12613.fts,"(700, 376, 751, 458)",
nso_0260_13583.fts,"(695, 379, 752, 448)",32
nso_0260_14553.fts,"(699, 387, 749, 456)",19
nso_0260_15523.fts,"(697, 385, 751, 457)",50
nso_0260_16493.fts,"(697, 382, 744, 451)",25
nso_0260_17463.fts,"(700, 383, 746, 456)",04
nso_0260_18433.fts,"(700, 381, 743, 449)",44
nso_0260_19403.fts,"(694, 380, 747, 452)",59
nso_0261_01028.fts,"(701, 384, 748, 454)",35
nso_0261_02053.fts,"(702, 376, 751, 443)",08
nso_0261_03078.fts,"(706, 387, 748, 455)",05
nso_0261_04104.fts,"(697, 388, 752, 463)",30
nso_0261_05129.fts,"(700, 383, 751, 450)",52
nso_0261_06154.fts,"(702, 395, 746, 462)",-
nso_0261_07179.fts,"(702, 376, 751, 450)",35
nso_0261_08204.fts,"(697, 381, 746, 453)",53
nso_0261_09232.fts,"(697, 365, 747, 436)",05
nso_0261_10257.fts,"(697, 388, 747, 462)",-
nso_0261_11282.fts,"(697, 379, 752, 454)",-
nso_0261_12307.fts,"(696, 383, 750, 454)",-
nso_0261_13332.fts,"(697, 373, 748, 450)",40
nso_0261_14357.fts,"(697, 381, 752, 454)",55
nso_0261_15382.fts,"(701, 377, 754, 442)",05
nso_0261_16407.fts,"(701, 375, 755, 443)",28
nso_0261_17432.fts,"(701, 379, 752, 446)",35
nso_0261_18457.fts,"(707, 372, 753, 444)",02
nso_0261_19482.fts,"(704, 437, 755, 499)",11
nso_0261_20507.fts,"(706, 377, 755, 445)",00
nso_0262_01092.fts,"(709, 392, 753, 467)",03
nso_0262_02183.fts,"(703, 380, 755, 454)",55
nso_0262_03274.fts,"(705, 390, 755, 456)",19
nso_0262_04365.fts,"(705, 383, 752, 451)",59
nso_0262_05456.fts,"(702, 396, 755, 463)",10
nso_0262_06547.fts,"(709, 389, 756, 458)",37
nso_0262_07638.fts,"(705, 390, 755, 462)",-
nso_0262_08729.fts,"(706, 387, 755, 455)",-
nso_0262_09820.fts,"(712, 396, 755, 459)",18
nso_0262_10911.fts,"(707, 395, 753, 461)",09
nso_0262_12002.fts,"(704, 385, 754, 451)",23
nso_0262_13093.fts,"(705, 391, 756, 462)",06
nso_0262_14184.fts,"(704, 392, 758, 462)",43
nso_0262_15275.fts,"(711, 386, 764, 455)",07
nso_0262_16366.fts,"(704, 383, 753, 459)",48
nso_0262_17457.fts,"(700, 396, 752, 466)",32
nso_0262_18548.fts,"(705, 383, 757, 459)",39
nso_0262_19639.fts,"(705, 392, 758, 469)",-
nso_0262_20730.fts,"(709, 400, 759, 477)",-
nso_0262_21821.fts,"(716, 334, 763, 380)",03
nso_0263_01029.fts,"(706, 400, 756, 471)",05
nso_0263_02058.fts,"(709, 403, 756, 476)",-
nso_0263_03087.fts,"(708, 409, 753, 470)",17
nso_0263_04117.fts,"(708, 401, 756, 472)",-
nso_0263_05146.fts,"(703, 405, 751, 478)",-
nso_0263_06175.fts,"(702, 405, 755, 473)",02
nso_0263_07204.fts,"(715, 391, 763, 459)",56
nso_0263_08233.fts,"(707, 400, 758, 462)",15
nso_0263_09262.fts,"(706, 396, 756, 463)",-
nso_0263_10291.fts,"(707, 385, 756, 460)",09
nso_0263_11320.fts,"(710, 376, 756, 437)",40
nso_0263_12349.fts,"(710, 398, 757, 468)",04
nso_0263_13378.fts,"(710, 410, 757, 481)",45
nso_0263_14407.fts,"(704, 406, 753, 481)",29
nso_0263_15436.fts,"(705, 414, 754, 478)",53
nso_0263_16465.fts,"(703, 399, 756, 472)",57
nso_0263_17494.fts,"(707, 416, 756, 480)",14
nso_0263_18523.fts,"(709, 394, 757, 462)",08
nso_0263_19552.fts,"(704, 401, 756, 469)",21
nso_0263_20581.fts,"(709, 407, 752, 477)",59
nso_0264_00807.fts,"(703, 410, 751, 485)",04
nso_0264_01614.fts,"(701, 412, 752, 482)",56
nso_0264_02421.fts,"(707, 427, 756, 497)",19
nso_0264_03228.fts,"(708, 420, 753, 485)",41
nso_0264_04035.fts,"(703, 420, 757, 483)",19
nso_0264_04842.fts,"(707, 435, 752, 505)",29
nso_0264_05649.fts,"(702, 402, 757, 473)",56
nso_0264_06456.fts,"(709, 457, 757, 525)",37
nso_0264_07263.fts,"(708, 404, 753, 474)",40
nso_0264_08070.fts,"(707, 406, 752, 474)",07
nso_0264_08877.fts,"(706, 401, 758, 476)",50
nso_0264_09684.fts,"(707, 411, 759, 477)",56
nso_0264_10491.fts,"(692, 398, 745, 461)",18
nso_0264_11298.fts,"(707, 408, 755, 475)",36
nso_0264_12105.fts,"(705, 423, 755, 488)",14
nso_0264_12912.fts,"(708, 407, 755, 474)",21
nso_0264_13719.fts,"(704, 421, 757, 492)",23
nso_0264_14526.fts,"(708, 412, 759, 485)",25
nso_0264_15333.fts,"(711, 401, 756, 468)",29
nso_0264_16140.fts,,
nso_0265_00915.fts,"(695, 408, 747, 479)",57
nso_0265_01830.fts,"(695, 415, 743, 485)",04
nso_0265_02745.fts,"(701, 419, 749, 482)",15
nso_0265_03660.fts,"(708, 416, 755, 492)",23
nso_0265_04575.fts,"(704, 415, 755, 490)",34
nso_0265_05490.fts,"(705, 401, 757, 467)",35
nso_0265_06405.fts,"(702, 415, 752, 486)",46
nso_0265_07320.fts,"(708, 422, 757, 485)",13
nso_0265_08235.fts,"(703, 416, 757, 488)",17
nso_0265_09150.fts,"(705, 411, 755, 480)",56
nso_0265_10065.fts,"(691, 404, 750, 482)",15
nso_0265_10982.fts,"(707, 415, 748, 490)",45
nso_0265_11897.fts,"(705, 415, 758, 488)",12
nso_0265_12812.fts,"(704, 418, 755, 482)",10
nso_0265_13727.fts,"(704, 397, 751, 471)",27
nso_0265_14642.fts,"(702, 407, 747, 474)",55
nso_0265_15557.fts,"(705, 410, 751, 485)",30
nso_0265_16473.fts,"(700, 427, 751, 493)",20
nso_0265_17388.fts,"(702, 427, 747, 490)",17
nso_0265_18303.fts,"(707, 421, 754, 492)",07
nso_0267_00877.fts,"(700, 423, 756, 490)",31
nso_0267_01754.fts,"(697, 426, 750, 488)",51
nso_0267_02631.fts,"(698, 410, 756, 479)",30
nso_0267_03508.fts,"(706, 425, 749, 490)",14
nso_0267_04385.fts,"(700, 414, 750, 485)",29
nso_0267_05262.fts,"(704, 405, 760, 473)",42
nso_0267_06139.fts,"(701, 409, 752, 471)",15
nso_0267_07016.fts,"(702, 413, 752, 476)",37
nso_0267_07893.fts,"(708, 412, 754, 481)",55
nso_0267_08770.fts,"(703, 415, 752, 483)",58
nso_0267_09647.fts,"(696, 415, 753, 485)",30
nso_0267_10524.fts,"(705, 415, 751, 484)",28
nso_0267_11401.fts,"(702, 456, 751, 526)",15
nso_0267_12278.fts,"(701, 346, 757, 393)",29
nso_0267_13155.fts,"(703, 419, 755, 486)",26
nso_0267_14032.fts,"(703, 416, 754, 489)",39
nso_0267_14909.fts,"(705, 421, 759, 492)",42
nso_0267_15786.fts,"(703, 409, 752, 479)",31
nso_0267_16663.fts,"(701, 412, 756, 487)",08
nso_0267_17540.fts,,
nso_0268_00834.fts,"(696, 414, 751, 483)",59
nso_0268_01668.fts,"(703, 415, 754, 483)",29
nso_0268_02502.fts,"(701, 444, 749, 519)",27
nso_0268_03336.fts,"(700, 409, 749, 475)",42
nso_0268_04170.fts,"(702, 405, 751, 477)",32
nso_0268_05004.fts,"(708, 408, 752, 477)",43
nso_0268_05838.fts,"(699, 407, 752, 483)",32
nso_0268_06672.fts,"(701, 398, 753, 467)",45
nso_0268_07506.fts,"(707, 412, 749, 481)",09
nso_0268_08340.fts,"(703, 419, 752, 482)",58
nso_0268_09174.fts,"(703, 412, 746, 479)",28
nso_0268_10008.fts,"(704, 413, 753, 478)",12
nso_0268_10842.fts,"(697, 409, 754, 480)",34
nso_0268_11676.fts,"(704, 411, 756, 481)",23
nso_0268_12510.fts,"(703, 409, 756, 480)",47
nso_0268_13344.fts,"(703, 402, 756, 473)",57
nso_0268_14178.fts,"(702, 416, 755, 479)",11
nso_0268_15012.fts,"(704, 402, 759, 465)",30
nso_0268_15846.fts,"(705, 409, 755, 474)",03
nso_0268_16680.fts,,
nso_0269_00921.fts,"(703, 415, 753, 476)",21
nso_0269_01842.fts,"(701, 412, 758, 489)",04
nso_0269_02763.fts,"(709, 402, 752, 483)",46
nso_0269_03684.fts,"(702, 410, 754, 483)",07
nso_0269_04605.fts,"(701, 412, 750, 476)",11
nso_0269_05526.fts,"(700, 410, 750, 479)",59
nso_0269_06447.fts,"(695, 407, 750, 485)",58
nso_0269_07368.fts,"(695, 406, 750, 484)",28
nso_0269_08289.fts,"(702, 413, 752, 474)",13
nso_0269_09210.fts,"(701, 403, 756, 486)",58
nso_0269_10131.fts,"(701, 414, 752, 472)",12
nso_0269_11052.fts,"(703, 394, 759, 466)",05
nso_0269_11973.fts,"(701, 411, 755, 479)",32
nso_0269_12894.fts,"(698, 337, 755, 393)",15
nso_0269_13815.fts,"(700, 393, 753, 459)",55
nso_0269_14736.fts,"(704, 392, 754, 465)",45
nso_0269_15657.fts,"(696, 417, 749, 477)",11
nso_0269_16578.fts,"(702, 404, 751, 479)",40
nso_0269_17499.fts,"(704, 390, 751, 456)",35
nso_0269_18420.fts,"(702, 391, 752, 461)",15
nso_0270_01056.fts,"(698, 407, 752, 479)",27
nso_0270_02112.fts,"(704, 408, 757, 481)",39
nso_0270_03168.fts,"(699, 395, 755, 472)",50
nso_0270_04224.fts,"(701, 408, 750, 480)",59
nso_0270_05280.fts,"(702, 396, 750, 468)",05
nso_0270_06336.fts,"(701, 412, 752, 488)",05
nso_0270_07392.fts,"(703, 405, 753, 484)",59
nso_0270_08448.fts,"(702, 408, 750, 481)",45
nso_0270_09504.fts,"(704, 410, 750, 482)",54
nso_0270_10560.fts,"(700, 396, 750, 464)",20
nso_0270_11616.fts,"(702, 413, 752, 479)",24
nso_0270_12674.fts,"(711, 412, 757, 477)",02
nso_0270_13732.fts,"(698, 404, 754, 477)",56
nso_0270_14790.fts,"(695, 407, 742, 476)",27
nso_0270_15846.fts,"(700, 410, 751, 475)",17
nso_0270_16905.fts,"(699, 392, 751, 460)",50
nso_0270_17964.fts,"(699, 413, 749, 477)",13
nso_0270_19020.fts,"(698, 413, 745, 478)",13
nso_0270_20079.fts,"(704, 392, 750, 462)",35
nso_0270_21138.fts,,
nso_0271_00962.fts,"(702, 410, 748, 476)",37
nso_0271_01924.fts,"(703, 413, 752, 479)",41
nso_0271_02886.fts,"(700, 414, 748, 481)",59
nso_0271_03848.fts,"(699, 397, 748, 470)",30
nso_0271_04810.fts,"(705, 411, 750, 480)",08
nso_0271_05772.fts,"(702, 408, 751, 475)",45
nso_0271_06734.fts,"(701, 409, 751, 479)",48
nso_0271_07696.fts,"(703, 406, 752, 481)",47
nso_0271_08658.fts,"(696, 408, 749, 478)",57
nso_0271_09620.fts,"(706, 398, 751, 466)",45
nso_0271_10582.fts,"(704, 414, 748, 478)",01
nso_0271_11544.fts,"(703, 408, 752, 476)",43
nso_0271_12506.fts,"(701, 411, 751, 479)",59
nso_0271_13468.fts,"(702, 419, 752, 484)",23
nso_0271_14430.fts,"(702, 407, 753, 478)",45
nso_0271_15392.fts,"(703, 415, 748, 474)",11
nso_0271_16354.fts,"(701, 411, 752, 485)",36
nso_0271_17316.fts,"(701, 408, 753, 478)",30
nso_0271_18278.fts,"(703, 393, 750, 463)",05
nso_0272_00704.fts,,
nso_0272_01408.fts,,
nso_0272_02112.fts,,
nso_0272_02816.fts,,
nso_0272_03520.fts,,
nso_0272_04224.fts,,
nso_0272_04928.fts,,
nso_0272_05632.fts,,
nso_0272_06336.fts,,
nso_0272_07040.fts,,
nso_0272_07744.fts,"(703, 404, 748, 475)",25
nso_0272_08448.fts,"(703, 414, 745, 477)",12
nso_0272_09152.fts,"(702, 385, 745, 453)",42
nso_0272_09856.fts,"(702, 409, 752, 472)",10
nso_0272_10560.fts,"(701, 406, 753, 479)",03
nso_0272_11264.fts,"(698, 410, 752, 478)",09
nso_0272_11968.fts,"(705, 405, 748, 475)",20
nso_0272_12672.fts,"(704, 401, 752, 466)",15
nso_0272_13376.fts,"(700, 407, 752, 481)",03
nso_0272_14080.fts,,
nso_0273_01034.fts,"(704, 410, 749, 475)",37
nso_0273_02068.fts,"(704, 412, 747, 487)",08
nso_0273_03102.fts,"(701, 407, 752, 477)",45
nso_0273_04136.fts,"(698, 413, 749, 485)",53
nso_0273_05170.fts,"(703, 412, 755, 479)",27
nso_0273_06204.fts,"(701, 400, 748, 464)",15
nso_0273_07238.fts,"(697, 393, 744, 457)",22
nso_0273_08272.fts,"(699, 390, 743, 457)",49
nso_0273_09306.fts,"(698, 389, 744, 457)",08
nso_0273_10340.fts,"(699, 397, 746, 461)",10
nso_0273_11374.fts,"(699, 386, 746, 452)",57
nso_0273_12408.fts,"(694, 498, 740, 568)",45
nso_0273_13442.fts,"(695, 390, 740, 454)",15
nso_0273_14476.fts,"(686, 383, 736, 451)",07
nso_0273_15510.fts,"(696, 152, 744, 219)",33
nso_0273_16544.fts,"(685, 385, 741, 459)",23
nso_0273_17578.fts,"(696, 383, 752, 451)",45
nso_0273_18612.fts,"(698, 377, 750, 447)",20
nso_0273_19646.fts,"(694, 387, 748, 456)",49
nso_0273_20680.fts,"(700, 376, 755, 449)",00
nso_0274_01019.fts,"(697, 381, 747, 446)",10
nso_0274_02038.fts,"(697, 380, 744, 451)",42
nso_0274_03057.fts,"(695, 387, 741, 462)",29
nso_0274_04076.fts,"(695, 391, 741, 460)",59
nso_0274_05095.fts,"(696, 388, 744, 454)",54
nso_0274_06114.fts,"(695, 381, 748, 449)",25
nso_0274_07133.fts,"(691, 389, 733, 461)",44
nso_0274_08152.fts,"(683, 382, 727, 449)",25
nso_0274_09171.fts,"(693, 388, 744, 458)",53
nso_0274_10190.fts,"(698, 381, 744, 452)",46
nso_0274_11209.fts,"(698, 390, 747, 451)",10
nso_0274_12228.fts,"(697, 389, 747, 467)",45
nso_0274_13247.fts,"(693, 390, 743, 456)",47
nso_0274_14266.fts,"(698, 390, 743, 462)",05
nso_0274_15285.fts,"(699, 388, 747, 459)",14
nso_0274_16304.fts,"(697, 383, 748, 454)",22
nso_0274_17323.fts,"(700, 381, 743, 451)",05
nso_0274_18342.fts,"(698, 385, 743, 455)",54
nso_0274_19361.fts,"(699, 391, 746, 460)",56
nso_0274_20380.fts,,
nso_0275_01078.fts,"(697, 395, 745, 466)",15
nso_0275_02156.fts,"(699, 388, 746, 455)",47
nso_0275_03234.fts,"(692, 379, 744, 450)",05
nso_0275_04312.fts,"(697, 386, 742, 457)",38
nso_0275_05390.fts,"(701, 387, 750, 456)",04
nso_0275_06468.fts,"(692, 375, 742, 440)",31
nso_0275_07546.fts,"(701, 383, 744, 453)",44
nso_0275_08624.fts,"(695, 380, 746, 455)",55
nso_0275_09702.fts,"(700, 392, 744, 461)",42
nso_0275_10780.fts,"(697, 378, 749, 443)",15
nso_0275_11858.fts,"(700, 386, 744, 449)",11
nso_0275_12936.fts,"(696, 383, 750, 450)",33
nso_0275_14014.fts,"(698, 384, 746, 452)",05
nso_0275_15092.fts,"(698, 383, 749, 459)",36
nso_0275_16170.fts,"(698, 387, 748, 456)",02
nso_0275_17248.fts,"(702, 384, 748, 451)",10
nso_0275_18326.fts,"(695, 383, 747, 455)",42
nso_0275_19404.fts,"(698, 387, 745, 451)",17
nso_0275_20482.fts,"(699, 210, 744, 277)",15
nso_0275_21560.fts,,
nso_0445_00679.fts,"(79, 248, 122, 318)",
nso_0445_01070.fts,"(699, 318, 757, 400)",02
nso_0445_01358.fts,,
nso_0445_02037.fts,"(81, 239, 132, 312)",
nso_0445_02140.fts,"(682, 326, 743, 395)",56
nso_0445_02716.fts,"(86, 249, 131, 313)",56
nso_0445_03210.fts,"(709, 334, 764, 410)",56
nso_0445_03395.fts,"(90, 254, 138, 330)",56
nso_0445_04074.fts,"(91, 247, 131, 304)",56
nso_0445_04280.fts,"(706, 324, 759, 398)",56
nso_0445_04753.fts,"(81, 249, 134, 319)",56
nso_0445_05350.fts,"(701, 300, 760, 375)",15
nso_0445_05432.fts,"(81, 240, 138, 306)",15
nso_0445_06111.fts,"(82, 242, 128, 313)",15
nso_0445_06420.fts,"(701, 324, 761, 396)",54
nso_0445_06790.fts,"(90, 246, 133, 320)",54
nso_0445_07469.fts,"(651, 251, 694, 327)",38
nso_0445_07490.fts,"(709, 317, 768, 392)",44
nso_0445_08148.fts,"(89, 248, 133, 321)",36
nso_0445_08560.fts,"(687, 319, 744, 391)",00
nso_0445_08827.fts,"(79, 248, 123, 315)",21
nso_0445_09506.fts,"(83, 250, 128, 316)",59
nso_0445_09630.fts,"(712, 314, 768, 392)",44
nso_0445_10185.fts,"(90, 253, 132, 312)",31
nso_0445_10700.fts,"(710, 312, 766, 388)",12
nso_0445_10864.fts,"(86, 221, 131, 346)",45
nso_0445_11543.fts,"(76, 247, 116, 321)",56
nso_0445_11770.fts,,
nso_0445_12222.fts,"(79, 248, 121, 317)",37
nso_0445_12840.fts,"(694, 314, 754, 389)",54
nso_0445_12901.fts,"(87, 239, 128, 319)",25
nso_0445_13580.fts,,
nso_0445_13910.fts,"(692, 317, 755, 390)",28
nso_0445_14980.fts,"(694, 312, 757, 383)",00
nso_0445_16050.fts,"(703, 289, 761, 363)",32
nso_0445_17120.fts,"(704, 287, 763, 361)",04
nso_0445_18190.fts,"(703, 294, 762, 368)",24
nso_0445_19260.fts,"(706, 338, 763, 414)",54
nso_0445_20330.fts,"(707, 360, 762, 436)",08
nso_0445_21400.fts,"(704, 318, 762, 390)",20
nso_0446_01041.fts,"(707, 321, 765, 389)",46
nso_0446_02082.fts,"(704, 321, 761, 398)",54
nso_0446_03123.fts,"(705, 324, 762, 394)",00
nso_0446_04164.fts,"(706, 306, 762, 375)",12
nso_0446_05205.fts,"(706, 255, 763, 327)",48
nso_0446_06246.fts,"(703, 308, 764, 379)",00
nso_0446_07287.fts,"(705, 276, 764, 350)",15
nso_0446_08328.fts,"(704, 295, 764, 367)",38
nso_0446_09379.fts,"(702, 306, 759, 377)",56
nso_0446_10431.fts,"(700, 301, 762, 374)",16
nso_0446_11472.fts,"(705, 282, 760, 353)",50
nso_0446_12513.fts,"(711, 303, 766, 376)",10
nso_0446_13554.fts,"(715, 250, 769, 319)",03
nso_0446_14595.fts,"(711, 303, 765, 376)",28
nso_0446_15636.fts,"(728, 420, 770, 493)",26
nso_0446_16677.fts,"(713, 314, 769, 391)",25
nso_0446_17718.fts,"(709, 307, 768, 384)",13
nso_0446_18759.fts,"(709, 326, 766, 398)",56
nso_0446_19800.fts,"(707, 320, 764, 392)",18
nso_0446_20841.fts,"(711, 314, 763, 382)",21
nso_0447_01049.fts,"(704, 502, 762, 576)",35
nso_0447_02098.fts,"(715, 356, 766, 430)",44
nso_0447_03147.fts,"(697, 309, 761, 382)",10
nso_0447_04196.fts,"(697, 330, 757, 401)",52
nso_0447_05245.fts,"(702, 324, 764, 396)",20
nso_0447_06294.fts,"(703, 326, 762, 399)",24
nso_0447_07343.fts,"(701, 327, 760, 398)",12
nso_0447_08392.fts,"(705, 305, 761, 374)",55
nso_0447_09441.fts,"(706, 317, 763, 389)",26
nso_0447_10490.fts,"(703, 329, 762, 400)",02
nso_0447_11539.fts,"(704, 322, 764, 396)",08
nso_0447_12588.fts,"(702, 323, 761, 395)",10
nso_0447_13637.fts,"(701, 319, 758, 394)",42
nso_0447_14686.fts,"(705, 322, 763, 391)",12
nso_0447_15735.fts,"(699, 317, 759, 391)",16
nso_0447_16784.fts,"(701, 321, 758, 392)",08
nso_0447_17833.fts,"(701, 315, 758, 388)",18
nso_0447_18882.fts,"(702, 326, 760, 400)",22
nso_0447_19931.fts,"(701, 302, 762, 378)",00
nso_0447_20980.fts,,
nso_0448_01184.fts,"(724, 414, 770, 484)",56
nso_0448_02368.fts,"(704, 327, 758, 400)",04
nso_0448_03552.fts,"(708, 331, 762, 403)",20
nso_0448_04736.fts,"(700, 299, 762, 374)",10
nso_0448_05920.fts,"(704, 319, 758, 394)",26
nso_0448_07104.fts,"(700, 314, 760, 390)",10
nso_0448_08288.fts,"(705, 300, 762, 370)",35
nso_0448_09472.fts,"(703, 317, 761, 391)",34
nso_0448_10656.fts,"(706, 317, 762, 390)",46
nso_0448_11840.fts,"(705, 302, 763, 376)",10
nso_0448_13024.fts,"(705, 318, 762, 391)",36
nso_0448_14208.fts,"(704, 318, 763, 392)",04
nso_0448_15392.fts,"(708, 315, 762, 387)",06
nso_0448_16576.fts,"(708, 299, 763, 366)",00
nso_0448_17760.fts,"(706, 316, 760, 386)",08
nso_0448_18944.fts,"(702, 293, 759, 369)",35
nso_0448_20128.fts,"(699, 311, 761, 385)",22
nso_0448_21312.fts,"(700, 308, 758, 381)",02
nso_0448_22496.fts,"(701, 311, 757, 383)",06
nso_0448_23720.fts,"(713, 397, 766, 467)",55
nso_0449_01188.fts,"(702, 315, 757, 385)",45
nso_0449_02376.fts,"(720, 408, 766, 480)",54
nso_0449_03564.fts,"(716, 332, 765, 409)",32
nso_0449_04752.fts,"(713, 427, 767, 500)",06
nso_0449_05940.fts,"(722, 390, 768, 464)",30
nso_0449_07128.fts,"(704, 307, 757, 385)",40
nso_0449_08316.fts,"(720, 399, 770, 477)",52
nso_0449_09504.fts,"(729, 387, 771, 465)",00
nso_0449_10692.fts,"(710, 402, 766, 474)",48
nso_0449_11880.fts,"(711, 415, 767, 485)",12
nso_0449_13068.fts,"(710, 422, 765, 491)",00
nso_0449_14256.fts,"(709, 419, 766, 487)",56
nso_0449_15444.fts,"(697, 326, 755, 395)",00
nso_0449_16632.fts,"(698, 304, 754, 376)",00
nso_0449_17820.fts,"(692, 309, 750, 383)",36
nso_0449_19008.fts,"(696, 315, 755, 384)",52
nso_0449_20196.fts,"(710, 376, 766, 451)",05
nso_0449_21384.fts,"(713, 371, 764, 445)",58
nso_0449_22572.fts,"(716, 387, 768, 460)",55
nso_0449_23760.fts,"(715, 418, 766, 491)",15
nso_0450_01182.fts,"(710, 390, 762, 464)",32
nso_0450_02364.fts,"(693, 306, 754, 381)",22
nso_0450_03546.fts,"(702, 354, 760, 422)",30
nso_0450_04728.fts,"(716, 418, 769, 490)",14
nso_0450_05910.fts,"(703, 356, 757, 426)",50
nso_0450_07092.fts,"(702, 326, 761, 397)",35
nso_0450_08274.fts,"(707, 402, 766, 472)",26
nso_0450_09456.fts,"(716, 380, 764, 449)",20
nso_0450_10638.fts,"(722, 395, 768, 467)",02
nso_0450_11820.fts,"(727, 397, 768, 466)",40
nso_0450_13002.fts,"(728, 386, 770, 457)",25
nso_0450_14184.fts,"(730, 413, 771, 483)",46
nso_0450_15366.fts,"(724, 378, 768, 457)",58
nso_0450_16548.fts,"(705, 294, 759, 366)",10
nso_0450_17730.fts,"(700, 298, 755, 371)",26
nso_0450_18912.fts,"(706, 184, 764, 259)",04
nso_0450_20094.fts,"(710, 455, 767, 523)",10
nso_0450_21276.fts,"(718, 390, 766, 458)",14
nso_0450_22458.fts,"(713, 372, 764, 444)",00
nso_0450_23640.fts,"(706, 324, 762, 393)",04
nso_0451_01179.fts,"(715, 376, 765, 446)",19
nso_0451_02358.fts,"(717, 396, 765, 464)",29
nso_0451_03537.fts,"(701, 331, 758, 407)",09
nso_0451_04716.fts,"(709, 331, 762, 406)",25
nso_0451_05895.fts,"(728, 367, 772, 434)",28
nso_0451_07074.fts,"(728, 372, 768, 442)",16
nso_0451_08253.fts,"(710, 369, 765, 440)",34
nso_0451_09432.fts,"(693, 369, 749, 439)",25
nso_0451_10611.fts,"(690, 377, 749, 447)",13
nso_0451_11790.fts,"(698, 369, 757, 445)",14
nso_0451_12969.fts,"(704, 344, 759, 415)",44
nso_0451_14148.fts,"(700, 336, 756, 405)",16
nso_0451_15327.fts,"(702, 332, 755, 404)",34
nso_0451_16506.fts,"(701, 332, 757, 411)",44
nso_0451_17685.fts,"(700, 343, 751, 409)",20
nso_0451_18864.fts,"(701, 339, 753, 414)",32
nso_0451_20043.fts,"(719, 363, 766, 433)",44
nso_0451_21222.fts,,
nso_0451_22401.fts,"(718, 380, 765, 451)",24
nso_0451_23580.fts,"(723, 372, 766, 442)",50
nso_0452_01177.fts,"(717, 380, 764, 452)",16
nso_0452_02354.fts,"(717, 380, 765, 448)",46
nso_0452_03531.fts,"(721, 376, 769, 445)",04
nso_0452_04708.fts,"(715, 378, 766, 450)",28
nso_0452_05885.fts,"(715, 379, 766, 450)",24
nso_0452_07062.fts,"(724, 379, 768, 445)",36
nso_0452_08239.fts,"(723, 380, 769, 451)",36
nso_0452_09416.fts,"(726, 376, 768, 449)",40
nso_0452_10593.fts,"(723, 393, 766, 465)",46
nso_0452_11770.fts,"(723, 400, 773, 468)",58
nso_0452_12947.fts,"(725, 396, 767, 468)",48
nso_0452_14124.fts,"(725, 397, 770, 468)",04
nso_0452_15301.fts,"(722, 406, 770, 481)",00
nso_0452_16478.fts,"(717, 378, 765, 448)",58
nso_0452_17655.fts,"(706, 382, 761, 452)",58
nso_0452_18832.fts,"(705, 378, 762, 447)",00
nso_0452_20009.fts,"(707, 372, 762, 440)",48
nso_0452_21186.fts,"(710, 392, 760, 460)",22
nso_0452_22363.fts,"(710, 385, 765, 457)",38
nso_0453_01086.fts,"(81, 240, 124, 309)",35
nso_0453_01170.fts,"(716, 371, 761, 442)",26
nso_0453_02172.fts,"(78, 240, 126, 317)",26
nso_0453_02340.fts,"(697, 389, 757, 457)",40
nso_0453_03258.fts,,
nso_0453_03510.fts,"(692, 385, 742, 451)",00
nso_0453_04344.fts,"(77, 223, 117, 285)",40
nso_0453_04680.fts,"(697, 394, 753, 460)",22
nso_0453_05430.fts,"(90, 239, 134, 311)",17
nso_0453_05850.fts,"(717, 395, 766, 466)",50
nso_0453_06516.fts,"(77, 235, 130, 318)",58
nso_0453_07020.fts,"(695, 389, 753, 462)",44
nso_0453_07602.fts,"(89, 232, 132, 312)",50
nso_0453_08190.fts,"(710, 386, 764, 453)",56
nso_0453_08688.fts,"(77, 244, 125, 320)",42
nso_0453_09360.fts,"(718, 384, 768, 462)",52
nso_0453_09774.fts,,
nso_0453_10530.fts,"(718, 388, 768, 457)",00
nso_0453_10860.fts,"(86, 246, 130, 320)",28
nso_0453_11700.fts,"(723, 387, 766, 458)",08
nso_0453_11946.fts,"(83, 242, 125, 310)",13
nso_0453_12870.fts,"(723, 384, 768, 455)",18
nso_0453_13032.fts,"(84, 241, 127, 317)",22
nso_0453_14040.fts,"(733, 360, 773, 434)",38
nso_0453_14118.fts,"(88, 245, 130, 307)",14
nso_0453_15204.fts,"(86, 248, 129, 320)",37
nso_0453_15210.fts,"(714, 358, 761, 431)",40
nso_0453_16290.fts,"(81, 240, 125, 316)",09
nso_0453_16380.fts,"(702, 360, 754, 430)",02
nso_0453_17376.fts,"(79, 242, 135, 320)",08
nso_0453_17550.fts,"(704, 361, 757, 433)",26
nso_0453_18462.fts,"(83, 210, 124, 281)",06
nso_0453_18720.fts,"(699, 363, 750, 433)",06
nso_0453_19548.fts,"(83, 244, 127, 319)",56
nso_0453_19890.fts,"(701, 335, 756, 405)",56
nso_0453_20634.fts,"(83, 240, 129, 315)",07
nso_0453_21060.fts,"(717, 360, 767, 430)",04
nso_0453_21720.fts,,
nso_0453_22230.fts,"(725, 372, 767, 443)",58
nso_0453_23400.fts,"(707, 375, 760, 443)",10
nso_0454_01139.fts,"(707, 375, 755, 445)",50
nso_0454_02278.fts,"(712, 367, 759, 443)",24
nso_0454_03417.fts,"(698, 372, 754, 444)",58
nso_0454_04556.fts,"(699, 298, 755, 375)",16
nso_0454_05695.fts,"(697, 390, 751, 460)",44
nso_0454_06834.fts,"(691, 443, 755, 511)",06
nso_0454_07973.fts,"(700, 388, 756, 461)",14
nso_0454_09112.fts,"(696, 391, 753, 461)",09
nso_0454_10251.fts,"(694, 393, 749, 463)",20
nso_0454_11390.fts,"(696, 389, 751, 462)",50
nso_0454_12529.fts,"(698, 392, 748, 466)",02
nso_0454_13668.fts,"(695, 387, 753, 455)",46
nso_0454_14807.fts,"(694, 392, 748, 464)",22
nso_0454_15946.fts,"(696, 168, 753, 241)",25
nso_0454_17085.fts,"(694, 385, 752, 454)",38
nso_0454_18224.fts,"(689, 386, 751, 456)",14
nso_0454_19363.fts,"(691, 381, 745, 453)",04
nso_0454_20502.fts,"(690, 382, 748, 450)",00
nso_0454_21641.fts,"(694, 389, 746, 455)",46
nso_0454_22780.fts,"(702, 380, 750, 449)",46
nso_0455_01194.fts,"(697, 384, 749, 455)",16
nso_0455_02388.fts,"(697, 383, 746, 446)",00
nso_0455_03582.fts,"(692, 383, 744, 453)",28
nso_0455_04776.fts,"(690, 379, 749, 449)",35
nso_0455_05970.fts,"(683, 385, 744, 457)",00
nso_0455_07164.fts,"(690, 387, 748, 457)",00
nso_0455_08358.fts,"(685, 385, 743, 460)",18
nso_0455_09552.fts,"(710, 378, 757, 455)",34
nso_0455_10746.fts,"(711, 388, 760, 460)",52
nso_0455_11940.fts,"(714, 378, 764, 451)",52
nso_0455_13134.fts,"(706, 386, 760, 460)",34
nso_0455_14328.fts,"(713, 389, 759, 458)",02
nso_0455_15522.fts,"(709, 386, 764, 454)",05
nso_0455_16716.fts,"(703, 385, 764, 455)",42
nso_0455_17910.fts,"(710, 386, 762, 455)",48
nso_0455_19104.fts,"(707, 361, 758, 433)",18
nso_0455_20298.fts,"(705, 383, 764, 454)",15
nso_0455_21492.fts,"(705, 386, 756, 458)",26
nso_0455_22686.fts,"(701, 375, 760, 445)",50
nso_0455_23880.fts,,
nso_0456_01184.fts,"(700, 385, 753, 455)",02
nso_0456_02368.fts,"(704, 385, 765, 459)",42
nso_0456_03552.fts,"(711, 384, 761, 451)",35
nso_0456_04736.fts,"(709, 375, 765, 448)",40
nso_0456_05920.fts,"(707, 383, 760, 451)",12
nso_0456_07104.fts,"(706, 367, 764, 436)",06
nso_0456_08288.fts,"(714, 377, 759, 447)",48
nso_0456_09472.fts,"(713, 378, 766, 453)",50
nso_0456_10656.fts,"(716, 379, 762, 445)",30
nso_0456_11840.fts,"(718, 388, 761, 455)",02
nso_0456_13024.fts,"(720, 375, 764, 443)",10
nso_0456_14208.fts,"(717, 373, 764, 449)",24
nso_0456_15392.fts,"(719, 376, 763, 444)",40
nso_0456_16576.fts,"(712, 375, 763, 442)",50
nso_0456_17760.fts,"(715, 370, 767, 447)",40
nso_0456_18944.fts,"(713, 382, 764, 453)",18
nso_0456_20128.fts,"(714, 372, 764, 451)",22
nso_0456_21312.fts,"(717, 378, 764, 445)",56
nso_0456_22496.fts,"(718, 372, 767, 446)",12
nso_0456_23680.fts,"(714, 379, 766, 452)",26
nso_8083_00395.fts,"(687, 378, 744, 447)",02
nso_8083_00790.fts,"(679, 380, 741, 456)",46
nso_8083_01185.fts,"(684, 384, 738, 455)",46
nso_8083_01580.fts,"(686, 388, 738, 458)",20
nso_8083_01975.fts,"(686, 385, 737, 453)",38
nso_8083_02370.fts,"(687, 382, 742, 455)",04
nso_8083_02765.fts,"(684, 389, 741, 453)",26
nso_8083_03160.fts,"(677, 385, 742, 456)",30
nso_8083_03555.fts,"(684, 346, 741, 416)",04
nso_8083_03950.fts,"(679, 387, 737, 459)",40
nso_8083_04345.fts,"(679, 278, 740, 347)",10
nso_8083_04740.fts,"(683, 379, 740, 452)",10
nso_8083_05135.fts,"(681, 387, 735, 457)",39
nso_8083_05530.fts,"(678, 377, 735, 452)",59
nso_8083_05925.fts,"(676, 383, 737, 453)",49
nso_8083_06320.fts,"(671, 369, 734, 446)",47
nso_8083_06715.fts,"(681, 373, 733, 445)",51
nso_8083_07110.fts,"(675, 382, 734, 457)",39
nso_8083_07505.fts,"(674, 382, 734, 457)",09
nso_8083_07900.fts,"(675, 315, 735, 389)",34
nso_8086_00395.fts,"(689, 372, 745, 448)",04
nso_8086_00790.fts,"(686, 376, 748, 450)",52
nso_8086_01185.fts,"(693, 378, 742, 444)",48
nso_8086_01580.fts,"(687, 375, 749, 444)",40
nso_8086_01975.fts,"(692, 378, 746, 450)",10
nso_8086_02370.fts,"(689, 371, 748, 443)",58
nso_8086_02765.fts,"(694, 368, 744, 444)",42
nso_8086_03160.fts,"(685, 372, 745, 445)",16
nso_8086_03555.fts,"(689, 382, 750, 448)",52
nso_8086_03950.fts,"(688, 376, 749, 449)",45
nso_8086_04345.fts,"(692, 378, 750, 451)",22
nso_8086_04740.fts,"(690, 371, 748, 441)",50
nso_8086_05135.fts,"(693, 375, 747, 446)",48
nso_8086_05530.fts,"(690, 380, 738, 447)",12
nso_8086_05925.fts,"(696, 371, 740, 446)",40
nso_8086_06320.fts,"(688, 376, 751, 445)",20
nso_8086_06715.fts,"(695, 377, 748, 449)",26
nso_8086_07110.fts,"(697, 375, 749, 447)",40
nso_8086_07505.fts,"(705, 385, 753, 454)",02
nso_8086_07900.fts,"(699, 409, 757, 477)",51
nso_8087_00400.fts,"(700, 381, 757, 454)",28
nso_8087_00800.fts,"(706, 382, 756, 458)",56
nso_8087_01200.fts,"(697, 386, 756, 457)",30
nso_8087_01600.fts,"(697, 395, 748, 467)",36
nso_8087_02000.fts,"(697, 386, 753, 457)",18
nso_8087_02400.fts,"(698, 386, 754, 454)",18
nso_8087_02800.fts,"(698, 389, 755, 456)",42
nso_8087_03200.fts,"(697, 321, 757, 397)",39
nso_8087_03600.fts,"(698, 368, 747, 440)",00
nso_8087_04000.fts,"(699, 371, 747, 442)",44
nso_8087_04400.fts,"(697, 374, 752, 441)",28
nso_8087_04800.fts,"(694, 368, 746, 440)",56
nso_8087_05200.fts,"(695, 364, 751, 432)",00
nso_8087_05600.fts,"(690, 368, 756, 441)",40
nso_8087_06000.fts,"(696, 370, 749, 438)",34
nso_8087_06400.fts,"(694, 369, 747, 444)",00
nso_8087_06800.fts,"(685, 366, 747, 439)",10
nso_8087_07200.fts,"(692, 368, 749, 443)",14
nso_8087_07600.fts,"(692, 374, 752, 443)",20
nso_8087_08025.fts,"(693, 362, 750, 430)",10
nso_8090_00402.fts,"(710, 390, 759, 460)",56
nso_8090_00804.fts,,
nso_8090_01206.fts,,
nso_8090_01608.fts,,
nso_8090_02010.fts,,
nso_8090_02412.fts,,
nso_8090_02814.fts,,
nso_8090_03216.fts,,
nso_8090_03618.fts,,
nso_8090_04020.fts,"(703, 396, 752, 463)",00
nso_8090_04422.fts,"(699, 373, 759, 445)",03
nso_8090_04824.fts,"(698, 375, 759, 446)",30
nso_8090_05226.fts,"(704, 387, 758, 462)",34
nso_8090_05628.fts,"(705, 367, 759, 438)",50
nso_8090_06030.fts,"(696, 363, 757, 434)",45
nso_8090_06432.fts,"(704, 390, 765, 459)",10
nso_8090_06834.fts,"(701, 393, 758, 464)",56
nso_8090_07236.fts,"(701, 393, 762, 459)",36
nso_8090_07638.fts,"(702, 387, 763, 459)",58
nso_8090_08040.fts,"(711, 392, 765, 470)",02
nso_8091_00401.fts,"(704, 392, 756, 467)",26
nso_8091_00802.fts,"(699, 382, 759, 459)",44
nso_8091_01203.fts,"(707, 394, 764, 463)",02
nso_8091_01604.fts,"(700, 396, 760, 466)",52
nso_8091_02005.fts,"(704, 374, 759, 441)",46
nso_8091_02406.fts,"(703, 370, 757, 442)",50
nso_8091_02807.fts,"(701, 390, 758, 459)",09
nso_8091_03208.fts,"(702, 397, 757, 471)",28
nso_8091_03609.fts,"(706, 391, 758, 462)",14
nso_8091_04010.fts,"(705, 422, 764, 493)",16
nso_8091_04411.fts,"(702, 393, 758, 461)",19
nso_8091_04812.fts,"(702, 391, 763, 463)",23
nso_8091_05213.fts,"(707, 394, 762, 463)",27
nso_8091_05614.fts,"(704, 391, 762, 461)",50
nso_8091_06015.fts,"(704, 394, 758, 463)",34
nso_8091_06416.fts,"(703, 396, 759, 465)",38
nso_8091_06817.fts,"(702, 388, 756, 455)",41
nso_8091_07218.fts,"(704, 389, 762, 460)",45
nso_8091_07619.fts,"(707, 393, 761, 464)",49
nso_8091_08020.fts,"(703, 389, 758, 455)",52
nso_8092_00345.fts,"(703, 378, 759, 449)",42
nso_8092_00690.fts,"(698, 391, 754, 464)",14
nso_8092_01035.fts,"(698, 390, 754, 463)",20
nso_8092_01380.fts,"(698, 384, 756, 455)",23
nso_8092_01725.fts,"(698, 386, 757, 459)",26
nso_8092_02070.fts,"(697, 385, 757, 458)",29
nso_8092_02415.fts,"(701, 385, 762, 458)",32
nso_8092_02760.fts,"(700, 385, 756, 460)",35
nso_8092_03105.fts,"(702, 378, 750, 452)",38
nso_8092_03450.fts,"(698, 386, 758, 458)",42
nso_8092_03795.fts,"(699, 388, 755, 456)",45
nso_8092_04140.fts,"(699, 375, 755, 450)",48
nso_8092_04485.fts,"(699, 375, 758, 448)",51
nso_8092_04830.fts,"(697, 380, 753, 454)",54
nso_8092_05175.fts,"(699, 377, 755, 445)",57
nso_8092_05520.fts,"(701, 377, 755, 445)",00
nso_8092_05865.fts,"(694, 374, 756, 455)",03
nso_8092_06210.fts,"(699, 388, 757, 458)",07
nso_8092_06555.fts,"(694, 383, 755, 453)",10
nso_8092_06900.fts,"(700, 381, 758, 449)",13
nso_8093_00344.fts,"(702, 400, 757, 469)",34
nso_8093_00688.fts,"(702, 394, 756, 466)",04
nso_8093_01032.fts,"(698, 395, 757, 467)",46
nso_8093_01376.fts,"(696, 392, 759, 463)",56
nso_8093_01720.fts,"(706, 392, 756, 456)",22
nso_8093_02064.fts,"(702, 385, 757, 457)",04
nso_8093_02408.fts,"(702, 384, 760, 457)",54
nso_8093_02752.fts,"(702, 388, 757, 456)",04
nso_8093_03096.fts,"(699, 390, 760, 458)",18
nso_8093_03440.fts,"(701, 390, 755, 458)",22
nso_8093_03784.fts,"(700, 385, 749, 454)",46
nso_8093_04128.fts,"(700, 394, 753, 464)",00
nso_8093_04472.fts,"(702, 392, 753, 456)",30
nso_8093_04816.fts,"(696, 390, 754, 465)",54
nso_8093_05160.fts,"(698, 392, 756, 460)",06
nso_8093_05504.fts,"(704, 391, 756, 455)",48
nso_8093_05848.fts,"(699, 379, 753, 453)",56
nso_8093_06192.fts,"(700, 384, 758, 460)",10
nso_8093_06536.fts,"(701, 388, 756, 457)",44
nso_8093_06880.fts,"(690, 392, 749, 468)",54
nso_8094_00393.fts,"(690, 359, 745, 430)",50
nso_8094_00786.fts,"(679, 359, 740, 428)",28
nso_8094_01179.fts,"(680, 365, 742, 433)",12
nso_8094_01572.fts,"(689, 294, 748, 352)",32
nso_8094_01965.fts,"(711, 355, 764, 426)",04
nso_8094_02358.fts,"(693, 360, 757, 427)",34
nso_8094_02751.fts,"(677, 356, 736, 426)",50
nso_8094_03144.fts,"(679, 360, 737, 430)",06
nso_8094_03537.fts,"(697, 354, 751, 420)",24
nso_8094_03930.fts,"(694, 356, 750, 429)",46
nso_8094_04323.fts,"(681, 361, 741, 431)",00
nso_8094_04716.fts,"(680, 360, 740, 431)",22
nso_8094_05109.fts,"(680, 356, 733, 431)",36
nso_8094_05502.fts,"(674, 352, 730, 422)",56
nso_8094_05895.fts,"(678, 358, 735, 430)",52
nso_8094_06288.fts,"(699, 358, 754, 427)",46
nso_8094_06681.fts,"(698, 379, 752, 451)",26
nso_8094_07074.fts,"(697, 361, 751, 430)",48
nso_8094_07467.fts,"(670, 361, 724, 431)",32
nso_8094_07860.fts,"(670, 355, 721, 427)",39
nso_8095_00396.fts,"(669, 360, 732, 431)",02
nso_8095_00797.fts,"(670, 363, 725, 434)",52
nso_8095_01193.fts,"(675, 356, 732, 428)",04
nso_8095_01589.fts,"(696, 357, 751, 431)",56
nso_8095_01985.fts,"(685, 350, 742, 422)",18
nso_8095_02381.fts,"(697, 358, 756, 428)",32
nso_8095_02777.fts,"(701, 359, 755, 429)",06
nso_8095_03173.fts,"(681, 360, 734, 430)",20
nso_8095_03569.fts,"(681, 364, 739, 438)",46
nso_8095_03965.fts,"(681, 370, 736, 440)",32
nso_8095_04361.fts,"(705, 367, 760, 442)",06
nso_8095_04757.fts,"(676, 369, 740, 438)",56
nso_8095_05153.fts,"(682, 370, 740, 437)",54
nso_8095_05549.fts,"(671, 367, 732, 440)",12
nso_8095_05945.fts,"(676, 366, 736, 435)",00
nso_8095_06341.fts,"(680, 369, 736, 440)",32
nso_8095_06737.fts,"(683, 350, 739, 425)",14
nso_8095_07133.fts,"(688, 439, 745, 507)",40
nso_8095_07529.fts,"(689, 384, 741, 454)",34
nso_8095_07925.fts,"(684, 373, 746, 448)",42
nso_8096_00401.fts,"(683, 375, 744, 450)",40
nso_8096_00802.fts,"(687, 374, 749, 442)",40
nso_8096_01203.fts,"(689, 376, 745, 446)",33
nso_8096_01604.fts,"(691, 383, 744, 461)",50
nso_8096_02005.fts,"(690, 466, 747, 536)",24
nso_8096_02406.fts,"(691, 381, 751, 454)",22
nso_8096_02807.fts,"(691, 375, 746, 449)",00
nso_8096_03208.fts,"(687, 376, 750, 446)",40
nso_8096_03609.fts,"(690, 376, 742, 446)",20
nso_8096_04010.fts,"(688, 257, 746, 333)",10
nso_8096_04411.fts,"(691, 369, 757, 448)",50
nso_8096_04812.fts,"(693, 375, 748, 444)",26
nso_8096_05213.fts,"(690, 262, 748, 335)",28
nso_8096_05614.fts,"(691, 365, 743, 432)",46
nso_8096_06015.fts,"(692, 377, 744, 444)",20
nso_8096_06416.fts,"(687, 402, 751, 476)",18
nso_8096_06817.fts,"(685, 364, 748, 434)",52
nso_8096_07218.fts,"(685, 362, 744, 435)",40
nso_8096_07619.fts,"(688, 373, 750, 440)",50
nso_8096_08020.fts,,
nso_8098_00397.fts,"(688, 373, 750, 441)",30
nso_8098_00794.fts,"(690, 367, 747, 435)",30
nso_8098_01191.fts,"(685, 371, 743, 445)",46
nso_8098_01588.fts,"(690, 1, 742, 57)",44
nso_8098_01985.fts,"(686, 366, 747, 438)",14
nso_8098_02382.fts,"(687, 366, 744, 434)",06
nso_8098_02779.fts,"(685, 369, 740, 434)",36
nso_8098_03176.fts,"(691, 369, 747, 439)",30
nso_8098_03573.fts,"(686, 368, 748, 440)",34
nso_8098_03970.fts,"(685, 373, 743, 442)",50
nso_8098_04367.fts,"(685, 398, 743, 467)",00
nso_8098_04764.fts,"(690, 358, 743, 427)",31
nso_8098_05161.fts,"(690, 383, 738, 452)",17
nso_8098_05558.fts,"(688, 378, 744, 449)",07
nso_8098_05955.fts,"(678, 372, 738, 446)",26
nso_8098_06352.fts,"(685, 386, 738, 455)",10
nso_8098_06749.fts,"(684, 379, 739, 450)",00
nso_8098_07146.fts,"(683, 384, 736, 454)",48
nso_8098_07543.fts,,
nso_8098_07940.fts,,
nso_8099_00397.fts,"(681, 382, 741, 454)",24
nso_8099_00794.fts,"(684, 379, 741, 447)",28
nso_8099_01191.fts,"(679, 374, 741, 448)",32
nso_8099_01588.fts,"(680, 373, 737, 443)",54
nso_8099_01985.fts,"(685, 371, 744, 445)",50
nso_8099_02382.fts,"(685, 374, 742, 444)",46
nso_8099_02779.fts,"(686, 373, 747, 444)",30
nso_8099_03176.fts,"(686, 372, 746, 437)",18
nso_8099_03573.fts,"(687, 377, 745, 445)",28
nso_8099_03970.fts,"(691, 378, 747, 450)",24
nso_8099_04367.fts,"(686, 374, 748, 445)",14
nso_8099_04764.fts,"(686, 375, 751, 447)",00
nso_8099_05161.fts,"(667, 332, 726, 400)",42
nso_8099_05558.fts,"(670, 339, 729, 410)",46
nso_8099_05955.fts,"(674, 333, 735, 403)",06
nso_8099_06352.fts,"(674, 333, 734, 406)",46
nso_8099_06749.fts,"(672, 323, 727, 391)",48
nso_8099_07146.fts,"(675, 324, 731, 392)",26
nso_8099_07543.fts,"(676, 323, 733, 401)",42
nso_8099_07940.fts,"(672, 320, 729, 389)",52
nso_8100_00397.fts,"(680, 331, 736, 404)",02
nso_8100_00794.fts,"(675, 330, 734, 406)",44
nso_8100_01191.fts,"(679, 335, 736, 404)",36
nso_8100_01588.fts,"(678, 332, 738, 407)",44
nso_8100_01985.fts,"(680, 328, 743, 398)",32
nso_8100_02382.fts,,
nso_8100_02779.fts,"(675, 333, 736, 403)",28
nso_8100_03176.fts,"(687, 385, 748, 453)",08
nso_8100_03573.fts,,
nso_8100_03970.fts,,
nso_8100_04367.fts,"(670, 335, 729, 399)",42
nso_8100_04764.fts,"(673, 329, 734, 400)",36
nso_8100_05161.fts,"(674, 329, 729, 401)",36
nso_8100_05558.fts,"(677, 333, 729, 404)",30
nso_8100_05955.fts,"(668, 325, 734, 398)",38
nso_8100_06352.fts,"(671, 325, 728, 400)",16
nso_8100_06749.fts,"(676, 328, 722, 399)",02
nso_8100_07146.fts,"(673, 338, 733, 404)",08
nso_8100_07543.fts,"(676, 327, 731, 404)",24
nso_8100_07940.fts,,
nso_8101_00396.fts,"(686, 380, 746, 450)",20
nso_8101_00792.fts,"(690, 387, 746, 460)",10
nso_8101_01188.fts,"(687, 327, 752, 401)",25
nso_8101_01584.fts,"(691, 384, 743, 449)",08
nso_8101_01980.fts,"(689, 379, 745, 448)",25
nso_8101_02376.fts,"(684, 382, 750, 459)",25
nso_8101_02772.fts,"(692, 381, 745, 452)",40
nso_8101_03168.fts,"(680, 363, 733, 438)",39
nso_8101_03564.fts,"(691, 392, 738, 463)",11
nso_8101_03960.fts,,
nso_8101_04356.fts,,
nso_8101_04752.fts,,
nso_8101_05148.fts,"(627, 363, 679, 440)",
nso_8101_05544.fts,"(627, 363, 679, 441)",
nso_8101_05940.fts,"(621, 403, 674, 464)",
nso_8101_06336.fts,"(585, 340, 630, 405)",56
nso_8101_06732.fts,"(577, 336, 635, 406)",40
nso_8101_07128.fts,"(573, 381, 634, 456)",02
nso_8101_07524.fts,"(580, 398, 638, 462)",58
nso_8101_07920.fts,,
nso_8102_00396.fts,"(582, 392, 636, 461)",07
nso_8102_00792.fts,"(581, 397, 633, 465)",35
nso_8102_01188.fts,"(576, 395, 640, 466)",05
nso_8102_01584.fts,"(582, 389, 635, 459)",19
nso_8102_01980.fts,"(582, 395, 636, 468)",55
nso_8102_02376.fts,"(574, 402, 631, 465)",11
nso_8102_02772.fts,"(575, 395, 636, 469)",29
nso_8102_03168.fts,"(574, 390, 635, 465)",17
nso_8102_03564.fts,"(577, 391, 629, 460)",21
nso_8102_03960.fts,"(582, 399, 631, 469)",17
nso_8102_04356.fts,"(573, 391, 635, 459)",27
nso_8102_04752.fts,"(573, 394, 636, 463)",11
nso_8102_05148.fts,"(577, 390, 643, 463)",57
nso_8102_05544.fts,"(575, 395, 633, 464)",45
nso_8102_05940.fts,"(574, 395, 633, 462)",31
nso_8102_06336.fts,"(570, 388, 631, 463)",51
nso_8102_06732.fts,"(585, 409, 635, 480)",59
nso_8102_07128.fts,"(576, 413, 636, 483)",29
nso_8102_07524.fts,"(577, 404, 637, 481)",13
nso_8102_07920.fts,"(581, 350, 634, 424)",59
nso_8104_00401.fts,"(578, 409, 640, 474)",41
nso_8104_00802.fts,"(578, 470, 632, 542)",53
nso_8104_01203.fts,"(578, 395, 643, 472)",35
nso_8104_01604.fts,"(584, 402, 641, 471)",59
nso_8104_02005.fts,"(581, 394, 638, 466)",51
nso_8104_02406.fts,"(574, 398, 634, 469)",45
nso_8104_02807.fts,"(575, 409, 626, 475)",27
nso_8104_03208.fts,"(570, 402, 630, 477)",49
nso_8104_03609.fts,"(575, 399, 630, 470)",49
nso_8104_04010.fts,"(575, 389, 628, 467)",47
nso_8104_04411.fts,"(578, 393, 636, 472)",33
nso_8104_04812.fts,"(571, 398, 628, 471)",09
nso_8104_05213.fts,"(572, 399, 633, 464)",01
nso_8104_05614.fts,"(572, 396, 633, 466)",37
nso_8104_06015.fts,"(578, 405, 630, 468)",41
nso_8104_06416.fts,"(585, 399, 638, 472)",47
nso_8104_06817.fts,,
nso_8104_07218.fts,"(573, 408, 634, 475)",57
nso_8104_07619.fts,"(574, 404, 632, 474)",59
nso_8104_08020.fts,,
nso_8105_00399.fts,"(577, 357, 636, 436)",27
nso_8105_00798.fts,"(571, 397, 630, 473)",55
nso_8105_01197.fts,"(575, 370, 634, 440)",11
nso_8105_01596.fts,"(578, 397, 637, 471)",41
nso_8105_01995.fts,"(581, 396, 637, 469)",33
nso_8105_02394.fts,"(571, 405, 634, 469)",45
nso_8105_02793.fts,"(573, 397, 633, 467)",47
nso_8105_03192.fts,"(576, 399, 634, 467)",39
nso_8105_03591.fts,"(581, 394, 641, 470)",37
nso_8105_03990.fts,"(573, 396, 634, 473)",33
nso_8105_04389.fts,"(577, 393, 633, 469)",21
nso_8105_04788.fts,"(576, 392, 634, 463)",45
nso_8105_05187.fts,"(579, 408, 633, 474)",21
nso_8105_05586.fts,"(572, 195, 597, 316)",59
nso_8105_05985.fts,"(578, 393, 635, 465)",17
nso_8105_06384.fts,"(578, 396, 640, 472)",15
nso_8105_06783.fts,"(579, 398, 631, 467)",15
nso_8105_07182.fts,"(576, 373, 633, 445)",57
nso_8105_07581.fts,"(568, 371, 630, 449)",59
nso_8105_07980.fts,,
nso_8111_00119.fts,"(579, 399, 636, 472)",27
nso_8111_00238.fts,"(576, 399, 636, 473)",25
nso_8111_00357.fts,"(572, 475, 635, 548)",27
nso_8111_00476.fts,"(584, 392, 637, 461)",27
nso_8111_00595.fts,"(573, 377, 631, 451)",00
nso_8111_00714.fts,"(580, 401, 638, 463)",13
nso_8111_00833.fts,"(583, 400, 633, 465)",11
nso_8111_00952.fts,"(579, 397, 637, 463)",09
nso_8111_01071.fts,"(571, 389, 641, 467)",07
nso_8111_01190.fts,"(577, 405, 637, 471)",05
nso_8111_01309.fts,"(576, 410, 634, 474)",45
nso_8111_01428.fts,"(577, 403, 635, 435)",43
nso_8111_01547.fts,"(574, 382, 632, 459)",38
nso_8111_01666.fts,"(571, 402, 638, 475)",03
nso_8111_01785.fts,"(582, 402, 641, 472)",01
nso_8111_01904.fts,"(579, 408, 631, 475)",41
nso_8111_02023.fts,"(580, 408, 634, 469)",39
nso_8111_02142.fts,"(577, 406, 636, 471)",37
nso_8111_02261.fts,"(578, 407, 636, 471)",27
